"","Bag_ID","Litter_type","Envelope_mass_g","Envelope_tare_g","Litter_mass_g","Reweighed_Litter_mass_g","Notes","Litter_mass_final_g","X","Transect","ID","Remarks","Time","Geometry","Latitude","Longitude","Elevation","Ortho.Height","Instrument.Ht","Fix.ID","Horizontal.Accuracy","Vertical.Accuracy","PDOP","HDOP","VDOP","Satellites.in.View","Satellites.in.Use","Top_layer","Top_layer_other","Lower_1","Lower_1_other","Lower_2","Lower_2_other","Lower_3","Lower_3_other","Soil_surface","Soil_surface_other","Microsite","Microsite_other","Top_height","Litter","Litter_other","Litter_depth_center","Litter_depth_north","Litter_depth_east","Litter_depth_south","Litter_depth_west","Nearby_canopy_1","Nearby_canopy_2","Nearby_canopy_3","Nearby_canopy_4","Nearby_canopy_5","Photo","Quadrat_checklist","Site","Season"
"1",1000,"Ambiguous",1.5383,1.311,0.2273,NA,"",0.2273,1,"SRER001",1,50,"21-04-2025 08:09:21.500 -0700","POINTZ(-110.888248568 31.821504562 1028.293)",31.821504562,-110.888248568,1028.293,0,1.74,2,0.093,0.19,0.89,0.47,0.76,42,32,"N",NA,"N",NA,"N",NA,"N",NA,"SOIL",NA,"OPEN",NA,0,"LT-H",NA,5,1,5,8,10,"L-PRVE_45SE_175H_140L_145P",NA,NA,NA,NA,NA,"Quadrat_photo||Canopy_photo||Litter_collection","SRER","S25"
"2",1000,"Grass",4.4099,3.1041,1.3058,NA,"",1.3058,1,"SRER001",1,50,"21-04-2025 08:09:21.500 -0700","POINTZ(-110.888248568 31.821504562 1028.293)",31.821504562,-110.888248568,1028.293,0,1.74,2,0.093,0.19,0.89,0.47,0.76,42,32,"N",NA,"N",NA,"N",NA,"N",NA,"SOIL",NA,"OPEN",NA,0,"LT-H",NA,5,1,5,8,10,"L-PRVE_45SE_175H_140L_145P",NA,NA,NA,NA,NA,"Quadrat_photo||Canopy_photo||Litter_collection","SRER","S25"
"3",1000,"Leaves",1.3898,1.3357,0.0541,NA,"",0.0541,1,"SRER001",1,50,"21-04-2025 08:09:21.500 -0700","POINTZ(-110.888248568 31.821504562 1028.293)",31.821504562,-110.888248568,1028.293,0,1.74,2,0.093,0.19,0.89,0.47,0.76,42,32,"N",NA,"N",NA,"N",NA,"N",NA,"SOIL",NA,"OPEN",NA,0,"LT-H",NA,5,1,5,8,10,"L-PRVE_45SE_175H_140L_145P",NA,NA,NA,NA,NA,"Quadrat_photo||Canopy_photo||Litter_collection","SRER","S25"
"4",1001,"Grass",4.7303,3.1381,1.5922,NA,"",1.5922,6,"SRER001",6,45,"21-04-2025 08:30:58.250 -0700","POINTZ(-110.888239762 31.821458978 1028.86)",31.821458978,-110.888239762,1028.86,0,1.74,2,0.096,0.21,1.01,0.51,0.86,41,32,"N",NA,"N",NA,"N",NA,"N",NA,"SOIL",NA,"OPEN",NA,0,"LT-H",NA,3,6,8,10,5,"L-PRVE_50SW_160H_175L_100P","L-PRVE_80SE_175H_300L_200P","L-ERLE_50N",NA,NA,NA,"Quadrat_photo||Canopy_photo||Litter_collection","SRER","S25"
"5",1001,"Leaves",1.4975,1.3278,0.1697,NA,"",0.1697,6,"SRER001",6,45,"21-04-2025 08:30:58.250 -0700","POINTZ(-110.888239762 31.821458978 1028.86)",31.821458978,-110.888239762,1028.86,0,1.74,2,0.096,0.21,1.01,0.51,0.86,41,32,"N",NA,"N",NA,"N",NA,"N",NA,"SOIL",NA,"OPEN",NA,0,"LT-H",NA,3,6,8,10,5,"L-PRVE_50SW_160H_175L_100P","L-PRVE_80SE_175H_300L_200P","L-ERLE_50N",NA,NA,NA,"Quadrat_photo||Canopy_photo||Litter_collection","SRER","S25"
"6",1002,"Grass",4.3804,1.3391,3.0413,NA,"resorted and reweighed 10-Jun-2026",3.0413,11,"SRER001",11,40,"21-04-2025 08:53:57.500 -0700","POINTZ(-110.88823517 31.821407517 1027.793)",31.821407517,-110.88823517,1027.793,0,1.74,2,0.11,0.27,1.06,0.53,0.92,40,32,"L-OTHER","PRVE","N",NA,"N",NA,"N",NA,"SOIL",NA,"CANOPY",NA,225,"LT-H",NA,15,20,10,20,15,"L-PRVE_250H_400L_250P",NA,NA,NA,NA,NA,"Quadrat_photo||Canopy_photo||Litter_collection","SRER","S25"
"7",1002,"Leaves",2.1762,1.3561,0.8201,NA,"resorted and reweighed 10-Jun-2026",0.8201,11,"SRER001",11,40,"21-04-2025 08:53:57.500 -0700","POINTZ(-110.88823517 31.821407517 1027.793)",31.821407517,-110.88823517,1027.793,0,1.74,2,0.11,0.27,1.06,0.53,0.92,40,32,"L-OTHER","PRVE","N",NA,"N",NA,"N",NA,"SOIL",NA,"CANOPY",NA,225,"LT-H",NA,15,20,10,20,15,"L-PRVE_250H_400L_250P",NA,NA,NA,NA,NA,"Quadrat_photo||Canopy_photo||Litter_collection","SRER","S25"
"8",1002,"Ambiguous",3.0289,1.3574,1.6715,NA,"resorted and reweighed 10-Jun-2026",1.6715,11,"SRER001",11,40,"21-04-2025 08:53:57.500 -0700","POINTZ(-110.88823517 31.821407517 1027.793)",31.821407517,-110.88823517,1027.793,0,1.74,2,0.11,0.27,1.06,0.53,0.92,40,32,"L-OTHER","PRVE","N",NA,"N",NA,"N",NA,"SOIL",NA,"CANOPY",NA,225,"LT-H",NA,15,20,10,20,15,"L-PRVE_250H_400L_250P",NA,NA,NA,NA,NA,"Quadrat_photo||Canopy_photo||Litter_collection","SRER","S25"
"9",1004,"Ambiguous",1.9575,1.3425,0.615,NA,"",0.615,21,"SRER001",22,30,"21-04-2025 09:33:57.000 -0700","POINTZ(-110.888221633 31.821311053 1028.53)",31.821311053,-110.888221633,1028.53,0,1.74,2,0.14,0.33,1.09,0.6,0.91,42,33,"N",NA,"N",NA,"N",NA,"N",NA,"SOIL",NA,"OPEN",NA,0,"H_W_B",NA,5,0,2,2,3,"L-PRVE_15S_400H_600L_550P","L-ISTE_10N","L-ISTE_30NW",NA,NA,NA,"Quadrat_photo||Canopy_photo||Litter_collection","SRER","S25"
"10",1004,"Grass",1.6781,1.3201,0.358,NA,"",0.358,21,"SRER001",22,30,"21-04-2025 09:33:57.000 -0700","POINTZ(-110.888221633 31.821311053 1028.53)",31.821311053,-110.888221633,1028.53,0,1.74,2,0.14,0.33,1.09,0.6,0.91,42,33,"N",NA,"N",NA,"N",NA,"N",NA,"SOIL",NA,"OPEN",NA,0,"H_W_B",NA,5,0,2,2,3,"L-PRVE_15S_400H_600L_550P","L-ISTE_10N","L-ISTE_30NW",NA,NA,NA,"Quadrat_photo||Canopy_photo||Litter_collection","SRER","S25"
"11",1004,"Leaves",3.0422,1.3357,1.7065,NA,"",1.7065,21,"SRER001",22,30,"21-04-2025 09:33:57.000 -0700","POINTZ(-110.888221633 31.821311053 1028.53)",31.821311053,-110.888221633,1028.53,0,1.74,2,0.14,0.33,1.09,0.6,0.91,42,33,"N",NA,"N",NA,"N",NA,"N",NA,"SOIL",NA,"OPEN",NA,0,"H_W_B",NA,5,0,2,2,3,"L-PRVE_15S_400H_600L_550P","L-ISTE_10N","L-ISTE_30NW",NA,NA,NA,"Quadrat_photo||Canopy_photo||Litter_collection","SRER","S25"
"12",1004,"ReproductiveParts",1.4302,1.3146,0.1156,NA,"",0.1156,21,"SRER001",22,30,"21-04-2025 09:33:57.000 -0700","POINTZ(-110.888221633 31.821311053 1028.53)",31.821311053,-110.888221633,1028.53,0,1.74,2,0.14,0.33,1.09,0.6,0.91,42,33,"N",NA,"N",NA,"N",NA,"N",NA,"SOIL",NA,"OPEN",NA,0,"H_W_B",NA,5,0,2,2,3,"L-PRVE_15S_400H_600L_550P","L-ISTE_10N","L-ISTE_30NW",NA,NA,NA,"Quadrat_photo||Canopy_photo||Litter_collection","SRER","S25"
"13",1005,"Ambiguous",4.7551,1.3401,3.415,NA,"",3.415,26,"SRER001",27,25,"21-04-2025 09:53:13.500 -0700","POINTZ(-110.888213193 31.82126496 1028.649)",31.82126496,-110.888213193,1028.649,0,1.74,2,0.12,0.3,0.96,0.55,0.78,39,30,"L-OTHER","PRVE","N",NA,"N",NA,"N",NA,"SOIL",NA,"CANOPY",NA,400,"H_W_B",NA,20,15,10,10,20,"L-ERLE_patch",NA,NA,NA,NA,NA,"Quadrat_photo||Canopy_photo||Litter_collection","SRER","S25"
"14",1005,"Grass",2.0399,1.312,0.7279,NA,"",0.7279,26,"SRER001",27,25,"21-04-2025 09:53:13.500 -0700","POINTZ(-110.888213193 31.82126496 1028.649)",31.82126496,-110.888213193,1028.649,0,1.74,2,0.12,0.3,0.96,0.55,0.78,39,30,"L-OTHER","PRVE","N",NA,"N",NA,"N",NA,"SOIL",NA,"CANOPY",NA,400,"H_W_B",NA,20,15,10,10,20,"L-ERLE_patch",NA,NA,NA,NA,NA,"Quadrat_photo||Canopy_photo||Litter_collection","SRER","S25"
"15",1005,"Leaves",3.6016,1.3065,2.2951,NA,"",2.2951,26,"SRER001",27,25,"21-04-2025 09:53:13.500 -0700","POINTZ(-110.888213193 31.82126496 1028.649)",31.82126496,-110.888213193,1028.649,0,1.74,2,0.12,0.3,0.96,0.55,0.78,39,30,"L-OTHER","PRVE","N",NA,"N",NA,"N",NA,"SOIL",NA,"CANOPY",NA,400,"H_W_B",NA,20,15,10,10,20,"L-ERLE_patch",NA,NA,NA,NA,NA,"Quadrat_photo||Canopy_photo||Litter_collection","SRER","S25"
"16",1005,"ReproductiveParts",1.4698,1.3223,0.1475,NA,"",0.1475,26,"SRER001",27,25,"21-04-2025 09:53:13.500 -0700","POINTZ(-110.888213193 31.82126496 1028.649)",31.82126496,-110.888213193,1028.649,0,1.74,2,0.12,0.3,0.96,0.55,0.78,39,30,"L-OTHER","PRVE","N",NA,"N",NA,"N",NA,"SOIL",NA,"CANOPY",NA,400,"H_W_B",NA,20,15,10,10,20,"L-ERLE_patch",NA,NA,NA,NA,NA,"Quadrat_photo||Canopy_photo||Litter_collection","SRER","S25"
"17",1006,"Grass",3.9,3.1678,0.7322,NA,"Resorted and reweighed 09-Jun-2026",0.7322,31,"SRER001",32,20,"21-04-2025 10:07:38.000 -0700","POINTZ(-110.888215923 31.821228078 1028.31)",31.821228078,-110.888215923,1028.31,0,1.74,2,0.11,0.23,0.97,0.56,0.79,39,31,"L-OTHER","ERLE","N",NA,"N",NA,"N",NA,"GRAVEL",NA,"OPEN",NA,45,"LT-H",NA,4,0,3,5,3,"L-PRVE_50E_170H_300L_200P","L-ERLE_L-ISTE_5SE",NA,NA,NA,NA,"Quadrat_photo||Canopy_photo||Litter_collection","SRER","S25"
"18",1006,"Leaves",1.4571,1.3004,0.1567,NA,"Resorted and reweighed 09-Jun-2026",0.1567,31,"SRER001",32,20,"21-04-2025 10:07:38.000 -0700","POINTZ(-110.888215923 31.821228078 1028.31)",31.821228078,-110.888215923,1028.31,0,1.74,2,0.11,0.23,0.97,0.56,0.79,39,31,"L-OTHER","ERLE","N",NA,"N",NA,"N",NA,"GRAVEL",NA,"OPEN",NA,45,"LT-H",NA,4,0,3,5,3,"L-PRVE_50E_170H_300L_200P","L-ERLE_L-ISTE_5SE",NA,NA,NA,NA,"Quadrat_photo||Canopy_photo||Litter_collection","SRER","S25"
"19",1007,"Forbs",1.3406,1.3137,0.0269,NA,"",0.0269,41,"SRER001",43,15,"21-04-2025 10:21:01.000 -0700","POINTZ(-110.888212305 31.821184927 1029.583)",31.821184927,-110.888212305,1029.583,0,1.74,2,0.11,0.23,0.92,0.53,0.75,37,31,"L-OTHER","ISTE","L-OTHER","ERLE","N",NA,"N",NA,"SOIL",NA,"CANOPY",NA,50,"H_C",NA,5,3,3,3,5,"L-PRVE_50E_200H_200L_200P","L-ERLE_L-ISTE_5N","L-OP_70N_100H_70L_50P",NA,NA,NA,"Quadrat_photo||Canopy_photo||Litter_collection","SRER","S25"
"20",1007,"Grass",2.3519,1.3409,1.011,NA,"",1.011,41,"SRER001",43,15,"21-04-2025 10:21:01.000 -0700","POINTZ(-110.888212305 31.821184927 1029.583)",31.821184927,-110.888212305,1029.583,0,1.74,2,0.11,0.23,0.92,0.53,0.75,37,31,"L-OTHER","ISTE","L-OTHER","ERLE","N",NA,"N",NA,"SOIL",NA,"CANOPY",NA,50,"H_C",NA,5,3,3,3,5,"L-PRVE_50E_200H_200L_200P","L-ERLE_L-ISTE_5N","L-OP_70N_100H_70L_50P",NA,NA,NA,"Quadrat_photo||Canopy_photo||Litter_collection","SRER","S25"
"21",1007,"Leaves",1.4456,1.3226,0.123,NA,"",0.123,41,"SRER001",43,15,"21-04-2025 10:21:01.000 -0700","POINTZ(-110.888212305 31.821184927 1029.583)",31.821184927,-110.888212305,1029.583,0,1.74,2,0.11,0.23,0.92,0.53,0.75,37,31,"L-OTHER","ISTE","L-OTHER","ERLE","N",NA,"N",NA,"SOIL",NA,"CANOPY",NA,50,"H_C",NA,5,3,3,3,5,"L-PRVE_50E_200H_200L_200P","L-ERLE_L-ISTE_5N","L-OP_70N_100H_70L_50P",NA,NA,NA,"Quadrat_photo||Canopy_photo||Litter_collection","SRER","S25"
"22",1007,"ReproductiveParts",1.3839,1.3493,0.0346,NA,"",0.0346,41,"SRER001",43,15,"21-04-2025 10:21:01.000 -0700","POINTZ(-110.888212305 31.821184927 1029.583)",31.821184927,-110.888212305,1029.583,0,1.74,2,0.11,0.23,0.92,0.53,0.75,37,31,"L-OTHER","ISTE","L-OTHER","ERLE","N",NA,"N",NA,"SOIL",NA,"CANOPY",NA,50,"H_C",NA,5,3,3,3,5,"L-PRVE_50E_200H_200L_200P","L-ERLE_L-ISTE_5N","L-OP_70N_100H_70L_50P",NA,NA,NA,"Quadrat_photo||Canopy_photo||Litter_collection","SRER","S25"
"23",1008,"Grass",1.6225,1.3199,0.3026,NA,"Resorted and reweighed 09-Jun-2026",0.3026,40,"SRER001",42,10,"21-04-2025 10:35:31.500 -0700","POINTZ(-110.888200878 31.821139398 1030.187)",31.821139398,-110.888200878,1030.187,0,1.74,2,0.11,0.22,0.94,0.53,0.77,36,31,"N",NA,"N",NA,"N",NA,"N",NA,"SOIL",NA,"OPEN",NA,0,"H_C",NA,0,0,2,5,1,"L-CY_50SE_125H_150L_75P","L-ERLE_L-ISTE_60W",NA,NA,NA,NA,"Quadrat_photo||Canopy_photo||Litter_collection","SRER","S25"
"24",1008,"Leaves",1.4041,1.3112,0.0929,NA,"Resorted and reweighed 09-Jun-2026",0.0929,40,"SRER001",42,10,"21-04-2025 10:35:31.500 -0700","POINTZ(-110.888200878 31.821139398 1030.187)",31.821139398,-110.888200878,1030.187,0,1.74,2,0.11,0.22,0.94,0.53,0.77,36,31,"N",NA,"N",NA,"N",NA,"N",NA,"SOIL",NA,"OPEN",NA,0,"H_C",NA,0,0,2,5,1,"L-CY_50SE_125H_150L_75P","L-ERLE_L-ISTE_60W",NA,NA,NA,NA,"Quadrat_photo||Canopy_photo||Litter_collection","SRER","S25"
"25",1009,"Grass",1.3926,1.3181,0.0745,NA,"",0.0745,46,"SRER001",48,5,"21-04-2025 10:45:09.750 -0700","POINTZ(-110.888192538 31.821093253 1029.786)",31.821093253,-110.888192538,1029.786,0,1.74,2,0.099,0.23,0.93,0.52,0.77,35,31,"L-OTHER","ISTE","N",NA,"N",NA,"N",NA,"SOIL",NA,"CANOPY",NA,35,"LT-H",NA,1,0,0,1,0,"L-PRVE_40S_200H_350L_300P",NA,NA,NA,NA,NA,"Quadrat_photo||Canopy_photo||Litter_collection","SRER","S25"
"26",1009,"Leaves",1.3385,1.2976,0.0409,NA,"",0.0409,46,"SRER001",48,5,"21-04-2025 10:45:09.750 -0700","POINTZ(-110.888192538 31.821093253 1029.786)",31.821093253,-110.888192538,1029.786,0,1.74,2,0.099,0.23,0.93,0.52,0.77,35,31,"L-OTHER","ISTE","N",NA,"N",NA,"N",NA,"SOIL",NA,"CANOPY",NA,35,"LT-H",NA,1,0,0,1,0,"L-PRVE_40S_200H_350L_300P",NA,NA,NA,NA,NA,"Quadrat_photo||Canopy_photo||Litter_collection","SRER","S25"
"27",1010,"Forbs",1.2807,1.241,0.0397,NA,"",0.0397,200,"SRER030",1,50,"21-04-2025 13:31:35.250 -0700","POINTZ(-110.888537728 31.86705189 945.334)",31.86705189,-110.888537728,945.334,0,1.74,2,0.11,0.27,1.02,0.52,0.88,39,26,"L-OTHER","BOER","N",NA,"L-PGRASS",NA,"N",NA,"GRAVEL",NA,"CANOPY",NA,40,"LT-H",NA,2,1,0,1,3,"L-EP_85E_120H_225L_195P","L-BOER_D-FORB_30S",NA,NA,NA,NA,"Quadrat_photo||Canopy_photo||Litter_collection","SRER","S25"
"28",1010,"Grass",3.4667,2.8301,0.6366,NA,"",0.6366,200,"SRER030",1,50,"21-04-2025 13:31:35.250 -0700","POINTZ(-110.888537728 31.86705189 945.334)",31.86705189,-110.888537728,945.334,0,1.74,2,0.11,0.27,1.02,0.52,0.88,39,26,"L-OTHER","BOER","N",NA,"L-PGRASS",NA,"N",NA,"GRAVEL",NA,"CANOPY",NA,40,"LT-H",NA,2,1,0,1,3,"L-EP_85E_120H_225L_195P","L-BOER_D-FORB_30S",NA,NA,NA,NA,"Quadrat_photo||Canopy_photo||Litter_collection","SRER","S25"
"29",1010,"Leaves",1.3778,1.2322,0.1456,NA,"",0.1456,200,"SRER030",1,50,"21-04-2025 13:31:35.250 -0700","POINTZ(-110.888537728 31.86705189 945.334)",31.86705189,-110.888537728,945.334,0,1.74,2,0.11,0.27,1.02,0.52,0.88,39,26,"L-OTHER","BOER","N",NA,"L-PGRASS",NA,"N",NA,"GRAVEL",NA,"CANOPY",NA,40,"LT-H",NA,2,1,0,1,3,"L-EP_85E_120H_225L_195P","L-BOER_D-FORB_30S",NA,NA,NA,NA,"Quadrat_photo||Canopy_photo||Litter_collection","SRER","S25"
"30",1010,"ReproductiveParts",1.3057,1.2395,0.0662,NA,"",0.0662,200,"SRER030",1,50,"21-04-2025 13:31:35.250 -0700","POINTZ(-110.888537728 31.86705189 945.334)",31.86705189,-110.888537728,945.334,0,1.74,2,0.11,0.27,1.02,0.52,0.88,39,26,"L-OTHER","BOER","N",NA,"L-PGRASS",NA,"N",NA,"GRAVEL",NA,"CANOPY",NA,40,"LT-H",NA,2,1,0,1,3,"L-EP_85E_120H_225L_195P","L-BOER_D-FORB_30S",NA,NA,NA,NA,"Quadrat_photo||Canopy_photo||Litter_collection","SRER","S25"
"31",1011,"Grass",5.9735,3.0805,2.893,NA,"",2.893,205,"SRER030",6,45,"21-04-2025 13:45:23.750 -0700","POINTZ(-110.888542323 31.867006612 945.473)",31.867006612,-110.888542323,945.473,0,1.74,2,0.11,0.27,0.97,0.49,0.84,40,27,"L-OTHER","EP","D-FORB",NA,"D-PGRASS",NA,"N",NA,"SOIL",NA,"CANOPY",NA,130,"H_W",NA,3,5,10,0,4,"L-ISTE_45SW","L-ERLE_65S",NA,NA,NA,NA,"Quadrat_photo||Canopy_photo||Litter_collection","SRER","S25"
"32",1011,"Leaves",1.6697,1.3428,0.3269,NA,"",0.3269,205,"SRER030",6,45,"21-04-2025 13:45:23.750 -0700","POINTZ(-110.888542323 31.867006612 945.473)",31.867006612,-110.888542323,945.473,0,1.74,2,0.11,0.27,0.97,0.49,0.84,40,27,"L-OTHER","EP","D-FORB",NA,"D-PGRASS",NA,"N",NA,"SOIL",NA,"CANOPY",NA,130,"H_W",NA,3,5,10,0,4,"L-ISTE_45SW","L-ERLE_65S",NA,NA,NA,NA,"Quadrat_photo||Canopy_photo||Litter_collection","SRER","S25"
"33",1011,"ReproductiveParts",1.3855,1.3137,0.0718,NA,"",0.0718,205,"SRER030",6,45,"21-04-2025 13:45:23.750 -0700","POINTZ(-110.888542323 31.867006612 945.473)",31.867006612,-110.888542323,945.473,0,1.74,2,0.11,0.27,0.97,0.49,0.84,40,27,"L-OTHER","EP","D-FORB",NA,"D-PGRASS",NA,"N",NA,"SOIL",NA,"CANOPY",NA,130,"H_W",NA,3,5,10,0,4,"L-ISTE_45SW","L-ERLE_65S",NA,NA,NA,NA,"Quadrat_photo||Canopy_photo||Litter_collection","SRER","S25"
"34",1013,"Grass",1.3344,1.3025,0.0319,NA,"Resorted and reweighed 09-Jun-2026",0.0319,214,"SRER030",17,35,"21-04-2025 14:08:12.250 -0700","POINTZ(-110.888550523 31.866914622 945.642)",31.866914622,-110.888550523,945.642,0,1.74,2,0.1,0.25,1.04,0.5,0.91,42,27,"N",NA,"N",NA,"N",NA,"N",NA,"GRAVEL",NA,"OPEN",NA,0,"H_W",NA,1,0,0,1,0,"L-PRVE_50S_250H_470L_470P","L-ISTE_patch",NA,NA,NA,NA,"Quadrat_photo||Canopy_photo||Litter_collection","SRER","S25"
"35",1013,"Leaves",1.4307,1.3068,0.1239,NA,"Resorted and reweighed 09-Jun-2026",0.1239,214,"SRER030",17,35,"21-04-2025 14:08:12.250 -0700","POINTZ(-110.888550523 31.866914622 945.642)",31.866914622,-110.888550523,945.642,0,1.74,2,0.1,0.25,1.04,0.5,0.91,42,27,"N",NA,"N",NA,"N",NA,"N",NA,"GRAVEL",NA,"OPEN",NA,0,"H_W",NA,1,0,0,1,0,"L-PRVE_50S_250H_470L_470P","L-ISTE_patch",NA,NA,NA,NA,"Quadrat_photo||Canopy_photo||Litter_collection","SRER","S25"
"36",1014,"Ambiguous",1.605,1.3233,0.2817,NA,"",0.2817,219,"SRER030",22,30,"21-04-2025 14:21:04.250 -0700","POINTZ(-110.888543067 31.86686874 945.661)",31.86686874,-110.888543067,945.661,0,1.74,2,0.097,0.24,0.98,0.47,0.86,41,30,"D-FORB",NA,"N",NA,"N",NA,"N",NA,"GRAVEL",NA,"CANOPY",NA,20,"H_W",NA,2,3,0,3,2,"L-PRVE_5N_250H_470L_470P","L-ISTE_patch",NA,NA,NA,NA,"Quadrat_photo||Canopy_photo||Litter_collection","SRER","S25"
"37",1014,"Forbs",2.998,2.8108,0.1872,NA,"Resorted and reweighed 09-Jun-2026",0.1872,219,"SRER030",22,30,"21-04-2025 14:21:04.250 -0700","POINTZ(-110.888543067 31.86686874 945.661)",31.86686874,-110.888543067,945.661,0,1.74,2,0.097,0.24,0.98,0.47,0.86,41,30,"D-FORB",NA,"N",NA,"N",NA,"N",NA,"GRAVEL",NA,"CANOPY",NA,20,"H_W",NA,2,3,0,3,2,"L-PRVE_5N_250H_470L_470P","L-ISTE_patch",NA,NA,NA,NA,"Quadrat_photo||Canopy_photo||Litter_collection","SRER","S25"
"38",1014,"Grass",2.8811,2.83,0.0511,NA,"Resorted and reweighed 09-Jun-2026",0.0511,219,"SRER030",22,30,"21-04-2025 14:21:04.250 -0700","POINTZ(-110.888543067 31.86686874 945.661)",31.86686874,-110.888543067,945.661,0,1.74,2,0.097,0.24,0.98,0.47,0.86,41,30,"D-FORB",NA,"N",NA,"N",NA,"N",NA,"GRAVEL",NA,"CANOPY",NA,20,"H_W",NA,2,3,0,3,2,"L-PRVE_5N_250H_470L_470P","L-ISTE_patch",NA,NA,NA,NA,"Quadrat_photo||Canopy_photo||Litter_collection","SRER","S25"
"39",1014,"Leaves",3.5074,2.8265,0.6809,NA,"Resorted and reweighed 09-Jun-2026",0.6809,219,"SRER030",22,30,"21-04-2025 14:21:04.250 -0700","POINTZ(-110.888543067 31.86686874 945.661)",31.86686874,-110.888543067,945.661,0,1.74,2,0.097,0.24,0.98,0.47,0.86,41,30,"D-FORB",NA,"N",NA,"N",NA,"N",NA,"GRAVEL",NA,"CANOPY",NA,20,"H_W",NA,2,3,0,3,2,"L-PRVE_5N_250H_470L_470P","L-ISTE_patch",NA,NA,NA,NA,"Quadrat_photo||Canopy_photo||Litter_collection","SRER","S25"
"40",1015,"Leaves",1.4292,1.3392,0.09,NA,"",0.09,224,"SRER030",27,25,"21-04-2025 14:27:31.250 -0700","POINTZ(-110.888538983 31.866825492 945.959)",31.866825492,-110.888538983,945.959,0,1.74,2,0.096,0.24,1,0.47,0.88,42,30,"N",NA,"N",NA,"N",NA,"N",NA,"GRAVEL",NA,"OPEN",NA,0,"LT-H",NA,1,0,0,0,0,"L-PRVE_150H_300L_200P","L-ISTE_25E",NA,NA,NA,NA,"Quadrat_photo||Canopy_photo||Litter_collection","SRER","S25"
"41",1017,"Grass",4.1019,3.1425,0.9594,NA,"",0.9594,233,"SRER030",39,15,"21-04-2025 14:46:05.250 -0700","POINTZ(-110.888530313 31.866737705 946.787)",31.866737705,-110.888530313,946.787,0,1.74,2,0.097,0.26,0.96,0.46,0.85,42,30,"N",NA,"N",NA,"N",NA,"N",NA,"SOIL",NA,"CANOPY",NA,0,"H_W",NA,8,1,3,1,1,"L-ISTE_patch",NA,NA,NA,NA,NA,"Quadrat_photo||Canopy_photo||Litter_collection","SRER","S25"
"42",1017,"Leaves",3.5925,3.0697,0.5228,NA,"",0.5228,233,"SRER030",39,15,"21-04-2025 14:46:05.250 -0700","POINTZ(-110.888530313 31.866737705 946.787)",31.866737705,-110.888530313,946.787,0,1.74,2,0.097,0.26,0.96,0.46,0.85,42,30,"N",NA,"N",NA,"N",NA,"N",NA,"SOIL",NA,"CANOPY",NA,0,"H_W",NA,8,1,3,1,1,"L-ISTE_patch",NA,NA,NA,NA,NA,"Quadrat_photo||Canopy_photo||Litter_collection","SRER","S25"
"43",1017,"ReproductiveParts",1.3625,1.3348,0.0277,NA,"",0.0277,233,"SRER030",39,15,"21-04-2025 14:46:05.250 -0700","POINTZ(-110.888530313 31.866737705 946.787)",31.866737705,-110.888530313,946.787,0,1.74,2,0.097,0.26,0.96,0.46,0.85,42,30,"N",NA,"N",NA,"N",NA,"N",NA,"SOIL",NA,"CANOPY",NA,0,"H_W",NA,8,1,3,1,1,"L-ISTE_patch",NA,NA,NA,NA,NA,"Quadrat_photo||Canopy_photo||Litter_collection","SRER","S25"
"44",1018,"Grass",1.6012,1.3468,0.2544,NA,"",0.2544,238,"SRER030",44,10,"21-04-2025 14:53:42.000 -0700","POINTZ(-110.888530047 31.866689747 947.683)",31.866689747,-110.888530047,947.683,0,1.74,2,0.094,0.24,0.95,0.46,0.83,42,30,"N",NA,"N",NA,"N",NA,"N",NA,"GRAVEL",NA,"OPEN",NA,0,"H_W",NA,1,1,1,1,1,"L-PRVE_80W_150H_200L_150P","L-ISTE_patch",NA,NA,NA,NA,"Quadrat_photo||Canopy_photo||Litter_collection","SRER","S25"
"45",1018,"Leaves",1.457,1.3265,0.1305,NA,"",0.1305,238,"SRER030",44,10,"21-04-2025 14:53:42.000 -0700","POINTZ(-110.888530047 31.866689747 947.683)",31.866689747,-110.888530047,947.683,0,1.74,2,0.094,0.24,0.95,0.46,0.83,42,30,"N",NA,"N",NA,"N",NA,"N",NA,"GRAVEL",NA,"OPEN",NA,0,"H_W",NA,1,1,1,1,1,"L-PRVE_80W_150H_200L_150P","L-ISTE_patch",NA,NA,NA,NA,"Quadrat_photo||Canopy_photo||Litter_collection","SRER","S25"
"46",1019,"ReproductiveParts",1.2571,1.2432,0.0139,NA,"",0.0139,243,"SRER030",49,5,"21-04-2025 15:00:53.250 -0700","POINTZ(-110.888527983 31.866644003 947.4)",31.866644003,-110.888527983,947.4,0,1.74,2,0.094,0.24,0.91,0.45,0.79,42,31,"N",NA,"N",NA,"N",NA,"N",NA,"GRAVEL",NA,"OPEN",NA,0,"H_W",NA,1,1,0,0,0,"L-ISTE_patch",NA,NA,NA,NA,NA,"Quadrat_photo||Canopy_photo||Litter_collection","SRER","S25"
"47",1020,"Grass",1.5154,1.3288,0.1866,NA,"",0.1866,447,"SRER050",1,50,"22-04-2025 10:57:16.500 -0700","POINTZ(-110.911043388 31.89376627 870.152)",31.89376627,-110.911043388,870.152,0,1.74,2,0.12,0.23,0.89,0.52,0.72,35,29,"L-OTHER","ISTE","N",NA,"N",NA,"N",NA,"GRAVEL",NA,"CANOPY",NA,30,"LT-H",NA,1,1,1,3,2,"L-ISTE_50SW",NA,NA,NA,NA,NA,"Quadrat_photo||Canopy_photo||Litter_collection","SRER","S25"
"48",1020,"Leaves",1.738,1.3175,0.4205,NA,"",0.4205,447,"SRER050",1,50,"22-04-2025 10:57:16.500 -0700","POINTZ(-110.911043388 31.89376627 870.152)",31.89376627,-110.911043388,870.152,0,1.74,2,0.12,0.23,0.89,0.52,0.72,35,29,"L-OTHER","ISTE","N",NA,"N",NA,"N",NA,"GRAVEL",NA,"CANOPY",NA,30,"LT-H",NA,1,1,1,3,2,"L-ISTE_50SW",NA,NA,NA,NA,NA,"Quadrat_photo||Canopy_photo||Litter_collection","SRER","S25"
"49",1020,"ReproductiveParts",1.3296,1.3191,0.0105,NA,"resorted and reweighed 09-Jun-2026",0.0105,447,"SRER050",1,50,"22-04-2025 10:57:16.500 -0700","POINTZ(-110.911043388 31.89376627 870.152)",31.89376627,-110.911043388,870.152,0,1.74,2,0.12,0.23,0.89,0.52,0.72,35,29,"L-OTHER","ISTE","N",NA,"N",NA,"N",NA,"GRAVEL",NA,"CANOPY",NA,30,"LT-H",NA,1,1,1,3,2,"L-ISTE_50SW",NA,NA,NA,NA,NA,"Quadrat_photo||Canopy_photo||Litter_collection","SRER","S25"
"50",1020,"Ambiguous",1.356,1.3188,0.0372,NA,"New category 09-Jun-2026",0.0372,447,"SRER050",1,50,"22-04-2025 10:57:16.500 -0700","POINTZ(-110.911043388 31.89376627 870.152)",31.89376627,-110.911043388,870.152,0,1.74,2,0.12,0.23,0.89,0.52,0.72,35,29,"L-OTHER","ISTE","N",NA,"N",NA,"N",NA,"GRAVEL",NA,"CANOPY",NA,30,"LT-H",NA,1,1,1,3,2,"L-ISTE_50SW",NA,NA,NA,NA,NA,"Quadrat_photo||Canopy_photo||Litter_collection","SRER","S25"
"51",1021,"Ambiguous",2.0796,1.3224,0.7572,NA,"",0.7572,452,"SRER050",6,45,"22-04-2025 11:06:57.000 -0700","POINTZ(-110.911047997 31.893718528 870.456)",31.893718528,-110.911047997,870.456,0,1.74,2,0.11,0.22,0.9,0.52,0.74,37,29,"L-OTHER","PRVE","N",NA,"N",NA,"N",NA,"SOIL",NA,"CANOPY",NA,400,"H_W_C",NA,2,3,3,3,5,"L-OP_40E_75H_100L_50P","L-PGRASS_50W",NA,NA,NA,NA,"Quadrat_photo||Canopy_photo||Litter_collection","SRER","S25"
"52",1021,"Grass",1.4071,1.3126,0.0945,NA,"",0.0945,452,"SRER050",6,45,"22-04-2025 11:06:57.000 -0700","POINTZ(-110.911047997 31.893718528 870.456)",31.893718528,-110.911047997,870.456,0,1.74,2,0.11,0.22,0.9,0.52,0.74,37,29,"L-OTHER","PRVE","N",NA,"N",NA,"N",NA,"SOIL",NA,"CANOPY",NA,400,"H_W_C",NA,2,3,3,3,5,"L-OP_40E_75H_100L_50P","L-PGRASS_50W",NA,NA,NA,NA,"Quadrat_photo||Canopy_photo||Litter_collection","SRER","S25"
"53",1021,"Leaves",5.0175,3.0977,1.9198,NA,"",1.9198,452,"SRER050",6,45,"22-04-2025 11:06:57.000 -0700","POINTZ(-110.911047997 31.893718528 870.456)",31.893718528,-110.911047997,870.456,0,1.74,2,0.11,0.22,0.9,0.52,0.74,37,29,"L-OTHER","PRVE","N",NA,"N",NA,"N",NA,"SOIL",NA,"CANOPY",NA,400,"H_W_C",NA,2,3,3,3,5,"L-OP_40E_75H_100L_50P","L-PGRASS_50W",NA,NA,NA,NA,"Quadrat_photo||Canopy_photo||Litter_collection","SRER","S25"
"54",1021,"ReproductiveParts",1.5998,1.3076,0.2922,NA,"",0.2922,452,"SRER050",6,45,"22-04-2025 11:06:57.000 -0700","POINTZ(-110.911047997 31.893718528 870.456)",31.893718528,-110.911047997,870.456,0,1.74,2,0.11,0.22,0.9,0.52,0.74,37,29,"L-OTHER","PRVE","N",NA,"N",NA,"N",NA,"SOIL",NA,"CANOPY",NA,400,"H_W_C",NA,2,3,3,3,5,"L-OP_40E_75H_100L_50P","L-PGRASS_50W",NA,NA,NA,NA,"Quadrat_photo||Canopy_photo||Litter_collection","SRER","S25"
"55",1022,"Ambiguous",2.021,1.3114,0.7096,NA,"",0.7096,457,"SRER050",12,40,"22-04-2025 11:40:23.750 -0700","POINTZ(-110.911050138 31.893675593 870.581)",31.893675593,-110.911050138,870.581,0,1.74,2,0.096,0.2,0.88,0.5,0.73,38,30,"N",NA,"N",NA,"N",NA,"N",NA,"SOIL",NA,"OPEN",NA,0,"H_C",NA,5,15,5,2,5,"L-PRVE_20S_200H_350L_250P","L-ISTE_5NW","L-OP_15NW_70H_100L_100P",NA,NA,NA,"Quadrat_photo||Canopy_photo||Litter_collection","SRER","S25"
"56",1022,"Grass",1.7942,1.3036,0.4906,NA,"",0.4906,457,"SRER050",12,40,"22-04-2025 11:40:23.750 -0700","POINTZ(-110.911050138 31.893675593 870.581)",31.893675593,-110.911050138,870.581,0,1.74,2,0.096,0.2,0.88,0.5,0.73,38,30,"N",NA,"N",NA,"N",NA,"N",NA,"SOIL",NA,"OPEN",NA,0,"H_C",NA,5,15,5,2,5,"L-PRVE_20S_200H_350L_250P","L-ISTE_5NW","L-OP_15NW_70H_100L_100P",NA,NA,NA,"Quadrat_photo||Canopy_photo||Litter_collection","SRER","S25"
"57",1022,"Leaves",3.5948,1.3161,2.2787,NA,"",2.2787,457,"SRER050",12,40,"22-04-2025 11:40:23.750 -0700","POINTZ(-110.911050138 31.893675593 870.581)",31.893675593,-110.911050138,870.581,0,1.74,2,0.096,0.2,0.88,0.5,0.73,38,30,"N",NA,"N",NA,"N",NA,"N",NA,"SOIL",NA,"OPEN",NA,0,"H_C",NA,5,15,5,2,5,"L-PRVE_20S_200H_350L_250P","L-ISTE_5NW","L-OP_15NW_70H_100L_100P",NA,NA,NA,"Quadrat_photo||Canopy_photo||Litter_collection","SRER","S25"
"58",1022,"ReproductiveParts",1.3957,1.2843,0.1114,NA,"",0.1114,457,"SRER050",12,40,"22-04-2025 11:40:23.750 -0700","POINTZ(-110.911050138 31.893675593 870.581)",31.893675593,-110.911050138,870.581,0,1.74,2,0.096,0.2,0.88,0.5,0.73,38,30,"N",NA,"N",NA,"N",NA,"N",NA,"SOIL",NA,"OPEN",NA,0,"H_C",NA,5,15,5,2,5,"L-PRVE_20S_200H_350L_250P","L-ISTE_5NW","L-OP_15NW_70H_100L_100P",NA,NA,NA,"Quadrat_photo||Canopy_photo||Litter_collection","SRER","S25"
"59",1024,"ReproductiveParts",1.4046,1.3685,0.0361,NA,"new category 03-Jun-2026",0.0361,467,"SRER050",22,30,"22-04-2025 12:15:39.500 -0700","POINTZ(-110.911061133 31.893586983 870.604)",31.893586983,-110.911061133,870.604,0,1.74,2,0.09,0.18,0.91,0.48,0.77,38,32,"L-OTHER","CY","N",NA,"N",NA,"N",NA,"SOIL",NA,"CANOPY",NA,10,"H_B",NA,0,0,1,4,1,"L-PRVE_20S_350H_400L_250P","L-CY_45NW",NA,NA,NA,NA,"Quadrat_photo||Canopy_photo||Litter_collection","SRER","S25"
"60",1024,"Leaves",2.4073,1.3152,1.0921,NA,"resorted and reweighed 03-Jun-2026",1.0921,467,"SRER050",22,30,"22-04-2025 12:15:39.500 -0700","POINTZ(-110.911061133 31.893586983 870.604)",31.893586983,-110.911061133,870.604,0,1.74,2,0.09,0.18,0.91,0.48,0.77,38,32,"L-OTHER","CY","N",NA,"N",NA,"N",NA,"SOIL",NA,"CANOPY",NA,10,"H_B",NA,0,0,1,4,1,"L-PRVE_20S_350H_400L_250P","L-CY_45NW",NA,NA,NA,NA,"Quadrat_photo||Canopy_photo||Litter_collection","SRER","S25"
"61",1025,"Grass",1.4425,1.3099,0.1326,NA,"",0.1326,472,"SRER050",27,25,"22-04-2025 12:24:50.000 -0700","POINTZ(-110.91106773 31.893540033 870.83)",31.893540033,-110.91106773,870.83,0,1.74,2,0.097,0.21,0.91,0.48,0.78,38,32,"N",NA,"N",NA,"N",NA,"N",NA,"SOIL",NA,"RILL",NA,0,"LT-H",NA,0,5,0,0,1,"L-PRVE_100N_350H_400L_250P",NA,NA,NA,NA,NA,"Quadrat_photo||Canopy_photo||Litter_collection","SRER","S25"
"62",1025,"Leaves",1.6597,1.3255,0.3342,NA,"",0.3342,472,"SRER050",27,25,"22-04-2025 12:24:50.000 -0700","POINTZ(-110.91106773 31.893540033 870.83)",31.893540033,-110.91106773,870.83,0,1.74,2,0.097,0.21,0.91,0.48,0.78,38,32,"N",NA,"N",NA,"N",NA,"N",NA,"SOIL",NA,"RILL",NA,0,"LT-H",NA,0,5,0,0,1,"L-PRVE_100N_350H_400L_250P",NA,NA,NA,NA,NA,"Quadrat_photo||Canopy_photo||Litter_collection","SRER","S25"
"63",1025,"ReproductiveParts",1.3629,1.3177,0.0452,NA,"",0.0452,472,"SRER050",27,25,"22-04-2025 12:24:50.000 -0700","POINTZ(-110.91106773 31.893540033 870.83)",31.893540033,-110.91106773,870.83,0,1.74,2,0.097,0.21,0.91,0.48,0.78,38,32,"N",NA,"N",NA,"N",NA,"N",NA,"SOIL",NA,"RILL",NA,0,"LT-H",NA,0,5,0,0,1,"L-PRVE_100N_350H_400L_250P",NA,NA,NA,NA,NA,"Quadrat_photo||Canopy_photo||Litter_collection","SRER","S25"
"64",1026,"ReproductiveParts",1.2721,1.2428,0.0293,NA,"",0.0293,477,"SRER050",32,20,"22-04-2025 14:09:08.500 -0700","POINTZ(-110.911066843 31.893494605 870.985)",31.893494605,-110.911066843,870.985,0,1.74,2,0.097,0.24,1.01,0.5,0.88,40,30,"L-OTHER","PRVE","L-OTHER","LATR","N",NA,"N",NA,"SOIL",NA,"CANOPY",NA,350,"H_W_B_C",NA,1,1,1,0,0,NA,NA,NA,NA,NA,NA,"Quadrat_photo||Canopy_photo||Litter_collection","SRER","S25"
"65",1027,"Forbs",2.8374,2.8262,0.0112,NA,"",0.0112,482,"SRER050",37,15,"22-04-2025 14:19:19.750 -0700","POINTZ(-110.911063668 31.893446092 871.723)",31.893446092,-110.911063668,871.723,0,1.74,2,0.32,0.69,0.93,0.45,0.81,40,37,"L-OTHER","OP","N",NA,"N",NA,"N",NA,"OTHER","L-OP","CANOPY",NA,15,"LT-H",NA,1,0,1,0,2,"L-PGRASS_20E",NA,NA,NA,NA,NA,"Quadrat_photo||Canopy_photo||Litter_collection","SRER","S25"
"66",1027,"Grass",3.1312,2.8379,0.2933,NA,"",0.2933,482,"SRER050",37,15,"22-04-2025 14:19:19.750 -0700","POINTZ(-110.911063668 31.893446092 871.723)",31.893446092,-110.911063668,871.723,0,1.74,2,0.32,0.69,0.93,0.45,0.81,40,37,"L-OTHER","OP","N",NA,"N",NA,"N",NA,"OTHER","L-OP","CANOPY",NA,15,"LT-H",NA,1,0,1,0,2,"L-PGRASS_20E",NA,NA,NA,NA,NA,"Quadrat_photo||Canopy_photo||Litter_collection","SRER","S25"
"67",1027,"Leaves",2.9605,2.8147,0.1458,NA,"",0.1458,482,"SRER050",37,15,"22-04-2025 14:19:19.750 -0700","POINTZ(-110.911063668 31.893446092 871.723)",31.893446092,-110.911063668,871.723,0,1.74,2,0.32,0.69,0.93,0.45,0.81,40,37,"L-OTHER","OP","N",NA,"N",NA,"N",NA,"OTHER","L-OP","CANOPY",NA,15,"LT-H",NA,1,0,1,0,2,"L-PGRASS_20E",NA,NA,NA,NA,NA,"Quadrat_photo||Canopy_photo||Litter_collection","SRER","S25"
"68",1028,"Leaves",1.3905,1.3308,0.0597,NA,"",0.0597,487,"SRER050",42,10,"22-04-2025 14:45:32.750 -0700","POINTZ(-110.911060492 31.893399453 871.879)",31.893399453,-110.911060492,871.879,0,1.74,2,0.098,0.25,1.04,0.48,0.92,42,32,"N",NA,"N",NA,"N",NA,"N",NA,"SOIL",NA,"OPEN",NA,0,"LT-H",NA,1,0,0,0,0,"L-ISTE_70NW","L-ISTE_90E",NA,NA,NA,NA,"Quadrat_photo||Canopy_photo||Litter_collection","SRER","S25"
"69",1029,"Grass",1.3251,1.3124,0.0127,NA,"",0.0127,492,"SRER050",47,5,"22-04-2025 14:50:08.000 -0700","POINTZ(-110.911061628 31.893357312 871.849)",31.893357312,-110.911061628,871.849,0,1.74,2,0.1,0.25,1.02,0.47,0.9,42,32,"N",NA,"N",NA,"N",NA,"N",NA,"GRAVEL",NA,"OPEN",NA,0,"LT-H",NA,0,1,0,0,0,"L-ISTE_90NE",NA,NA,NA,NA,NA,"Quadrat_photo||Canopy_photo||Litter_collection","SRER","S25"
"70",1030,"Ambiguous",2.4624,1.3085,1.1539,NA,"",1.1539,298,"SRER039",3,50,"23-04-2025 08:35:59.000 -0700","POINTZ(-110.821800122 31.825712832 1243.344)",31.825712832,-110.821800122,1243.344,0,1.74,2,0.098,0.21,0.89,0.48,0.76,38,30,"L-OTHER","ERLE","D-OTHER","ERLE","N",NA,"N",NA,"SOIL",NA,"CANOPY",NA,75,"LT-H",NA,10,10,10,15,10,"ERLE_patch","L-OP_60W_30H_50L_30P",NA,NA,NA,NA,"Quadrat_photo||Canopy_photo||Litter_collection","SRER","S25"
"71",1030,"Grass",6.3939,3.2038,3.1901,NA,"",3.1901,298,"SRER039",3,50,"23-04-2025 08:35:59.000 -0700","POINTZ(-110.821800122 31.825712832 1243.344)",31.825712832,-110.821800122,1243.344,0,1.74,2,0.098,0.21,0.89,0.48,0.76,38,30,"L-OTHER","ERLE","D-OTHER","ERLE","N",NA,"N",NA,"SOIL",NA,"CANOPY",NA,75,"LT-H",NA,10,10,10,15,10,"ERLE_patch","L-OP_60W_30H_50L_30P",NA,NA,NA,NA,"Quadrat_photo||Canopy_photo||Litter_collection","SRER","S25"
"72",1030,"Leaves",1.6868,1.3083,0.3785,NA,"",0.3785,298,"SRER039",3,50,"23-04-2025 08:35:59.000 -0700","POINTZ(-110.821800122 31.825712832 1243.344)",31.825712832,-110.821800122,1243.344,0,1.74,2,0.098,0.21,0.89,0.48,0.76,38,30,"L-OTHER","ERLE","D-OTHER","ERLE","N",NA,"N",NA,"SOIL",NA,"CANOPY",NA,75,"LT-H",NA,10,10,10,15,10,"ERLE_patch","L-OP_60W_30H_50L_30P",NA,NA,NA,NA,"Quadrat_photo||Canopy_photo||Litter_collection","SRER","S25"
"73",1031,"Grass",1.6905,1.3129,0.3776,NA,"",0.3776,302,"SRER039",7,45,"23-04-2025 08:46:42.500 -0700","POINTZ(-110.82180081 31.825668317 1242.592)",31.825668317,-110.82180081,1242.592,0,1.74,2,0.11,0.26,0.99,0.51,0.85,40,29,"N",NA,"N",NA,"N",NA,"N",NA,"GRAVEL",NA,"OPEN",NA,0,"H_W",NA,0,1,1,0,1,"L-ERLE_D-SUBS_patch",NA,NA,NA,NA,NA,"Quadrat_photo||Canopy_photo||Litter_collection","SRER","S25"
"74",1031,"Leaves",1.3608,1.3505,0.0103,NA,"",0.0103,302,"SRER039",7,45,"23-04-2025 08:46:42.500 -0700","POINTZ(-110.82180081 31.825668317 1242.592)",31.825668317,-110.82180081,1242.592,0,1.74,2,0.11,0.26,0.99,0.51,0.85,40,29,"N",NA,"N",NA,"N",NA,"N",NA,"GRAVEL",NA,"OPEN",NA,0,"H_W",NA,0,1,1,0,1,"L-ERLE_D-SUBS_patch",NA,NA,NA,NA,NA,"Quadrat_photo||Canopy_photo||Litter_collection","SRER","S25"
"75",1032,"Ambiguous",2.5543,1.3114,1.2429,NA,"",1.2429,306,"SRER039",12,40,"23-04-2025 09:29:08.750 -0700","POINTZ(-110.82179946 31.825624463 1241.928)",31.825624463,-110.82179946,1241.928,0,1.74,2,0.1,0.28,1.13,0.58,0.97,35,28,"L-OTHER","PRVE","N",NA,"N",NA,"N",NA,"SOIL",NA,"CANOPY",NA,175,"LT-H",NA,10,20,15,1,20,"L-SEGR_60S_100H_110H_100P","L-ERLE_patch",NA,NA,NA,NA,"Quadrat_photo||Canopy_photo||Litter_collection","SRER","S25"
"76",1032,"Grass",5.2847,3.1121,2.1726,NA,"",2.1726,306,"SRER039",12,40,"23-04-2025 09:29:08.750 -0700","POINTZ(-110.82179946 31.825624463 1241.928)",31.825624463,-110.82179946,1241.928,0,1.74,2,0.1,0.28,1.13,0.58,0.97,35,28,"L-OTHER","PRVE","N",NA,"N",NA,"N",NA,"SOIL",NA,"CANOPY",NA,175,"LT-H",NA,10,20,15,1,20,"L-SEGR_60S_100H_110H_100P","L-ERLE_patch",NA,NA,NA,NA,"Quadrat_photo||Canopy_photo||Litter_collection","SRER","S25"
"77",1032,"Leaves",1.5772,1.327,0.2502,NA,"",0.2502,306,"SRER039",12,40,"23-04-2025 09:29:08.750 -0700","POINTZ(-110.82179946 31.825624463 1241.928)",31.825624463,-110.82179946,1241.928,0,1.74,2,0.1,0.28,1.13,0.58,0.97,35,28,"L-OTHER","PRVE","N",NA,"N",NA,"N",NA,"SOIL",NA,"CANOPY",NA,175,"LT-H",NA,10,20,15,1,20,"L-SEGR_60S_100H_110H_100P","L-ERLE_patch",NA,NA,NA,NA,"Quadrat_photo||Canopy_photo||Litter_collection","SRER","S25"
"78",1033,"Ambiguous",2.7147,1.3312,1.3835,NA,"",1.3835,312,"SRER039",26,35,"23-04-2025 09:38:07.000 -0700","POINTZ(-110.821801987 31.825579172 1242.528)",31.825579172,-110.821801987,1242.528,0,1.74,2,0.11,0.28,1.16,0.58,1.01,35,26,"L-OTHER","PRVE","N",NA,"N",NA,"N",NA,"SOIL",NA,"CANOPY",NA,175,"H_W",NA,2,4,8,0,1,"L-CEPA_60SW_180H_150L_125P","L-PRVE_65SW_190H_300L_200P",NA,NA,NA,NA,"Quadrat_photo||Canopy_photo||Litter_collection","SRER","S25"
"79",1033,"Grass",1.5628,1.3047,0.2581,NA,"",0.2581,312,"SRER039",26,35,"23-04-2025 09:38:07.000 -0700","POINTZ(-110.821801987 31.825579172 1242.528)",31.825579172,-110.821801987,1242.528,0,1.74,2,0.11,0.28,1.16,0.58,1.01,35,26,"L-OTHER","PRVE","N",NA,"N",NA,"N",NA,"SOIL",NA,"CANOPY",NA,175,"H_W",NA,2,4,8,0,1,"L-CEPA_60SW_180H_150L_125P","L-PRVE_65SW_190H_300L_200P",NA,NA,NA,NA,"Quadrat_photo||Canopy_photo||Litter_collection","SRER","S25"
"80",1033,"Leaves",2.0514,1.3406,0.7108,NA,"",0.7108,312,"SRER039",26,35,"23-04-2025 09:38:07.000 -0700","POINTZ(-110.821801987 31.825579172 1242.528)",31.825579172,-110.821801987,1242.528,0,1.74,2,0.11,0.28,1.16,0.58,1.01,35,26,"L-OTHER","PRVE","N",NA,"N",NA,"N",NA,"SOIL",NA,"CANOPY",NA,175,"H_W",NA,2,4,8,0,1,"L-CEPA_60SW_180H_150L_125P","L-PRVE_65SW_190H_300L_200P",NA,NA,NA,NA,"Quadrat_photo||Canopy_photo||Litter_collection","SRER","S25"
"81",1034,"Ambiguous",2.5785,1.3504,1.2281,NA,"",1.2281,322,"SRER039",37,30,"23-04-2025 10:20:30.500 -0700","POINTZ(-110.821805395 31.825539983 1242.646)",31.825539983,-110.821805395,1242.646,0,1.74,2,0.1,0.24,1.03,0.55,0.87,32,27,"D-OTHER","ERLE","N",NA,"N",NA,"N",NA,"SOIL",NA,"CANOPY",NA,15,"H_W",NA,4,6,4,3,4,"L-PRVE_50NE_185H_250L_225P",NA,NA,NA,NA,NA,"Quadrat_photo||Canopy_photo||Litter_collection","SRER","S25"
"82",1034,"Forbs",1.3479,1.3303,0.0176,NA,"",0.0176,322,"SRER039",37,30,"23-04-2025 10:20:30.500 -0700","POINTZ(-110.821805395 31.825539983 1242.646)",31.825539983,-110.821805395,1242.646,0,1.74,2,0.1,0.24,1.03,0.55,0.87,32,27,"D-OTHER","ERLE","N",NA,"N",NA,"N",NA,"SOIL",NA,"CANOPY",NA,15,"H_W",NA,4,6,4,3,4,"L-PRVE_50NE_185H_250L_225P",NA,NA,NA,NA,NA,"Quadrat_photo||Canopy_photo||Litter_collection","SRER","S25"
"83",1034,"Grass",2.4434,1.3311,1.1123,NA,"",1.1123,322,"SRER039",37,30,"23-04-2025 10:20:30.500 -0700","POINTZ(-110.821805395 31.825539983 1242.646)",31.825539983,-110.821805395,1242.646,0,1.74,2,0.1,0.24,1.03,0.55,0.87,32,27,"D-OTHER","ERLE","N",NA,"N",NA,"N",NA,"SOIL",NA,"CANOPY",NA,15,"H_W",NA,4,6,4,3,4,"L-PRVE_50NE_185H_250L_225P",NA,NA,NA,NA,NA,"Quadrat_photo||Canopy_photo||Litter_collection","SRER","S25"
"84",1034,"Leaves",2.0674,1.3371,0.7303,NA,"",0.7303,322,"SRER039",37,30,"23-04-2025 10:20:30.500 -0700","POINTZ(-110.821805395 31.825539983 1242.646)",31.825539983,-110.821805395,1242.646,0,1.74,2,0.1,0.24,1.03,0.55,0.87,32,27,"D-OTHER","ERLE","N",NA,"N",NA,"N",NA,"SOIL",NA,"CANOPY",NA,15,"H_W",NA,4,6,4,3,4,"L-PRVE_50NE_185H_250L_225P",NA,NA,NA,NA,NA,"Quadrat_photo||Canopy_photo||Litter_collection","SRER","S25"
"85",1034,"ReproductiveParts",1.3795,1.328,0.0515,NA,"",0.0515,322,"SRER039",37,30,"23-04-2025 10:20:30.500 -0700","POINTZ(-110.821805395 31.825539983 1242.646)",31.825539983,-110.821805395,1242.646,0,1.74,2,0.1,0.24,1.03,0.55,0.87,32,27,"D-OTHER","ERLE","N",NA,"N",NA,"N",NA,"SOIL",NA,"CANOPY",NA,15,"H_W",NA,4,6,4,3,4,"L-PRVE_50NE_185H_250L_225P",NA,NA,NA,NA,NA,"Quadrat_photo||Canopy_photo||Litter_collection","SRER","S25"
"86",1036,"Grass",3.8191,2.8309,0.9882,NA,"resorted and reweiged 04-Jun-2026",0.9882,327,"SRER039",42,20,"23-04-2025 11:01:54.250 -0700","POINTZ(-110.821804088 31.825445933 1242.673)",31.825445933,-110.821804088,1242.673,0,1.74,2,0.1,0.23,0.89,0.51,0.72,32,28,"N",NA,"N",NA,"N",NA,"N",NA,"SOIL",NA,"OPEN",NA,0,"H_W_C",NA,5,3,10,10,2,"L-ERLE_D-SUBS_patch",NA,NA,NA,NA,NA,"Quadrat_photo||Canopy_photo||Litter_collection","SRER","S25"
"87",1036,"Leaves",2.9679,2.8541,0.1138,NA,"",0.1138,327,"SRER039",42,20,"23-04-2025 11:01:54.250 -0700","POINTZ(-110.821804088 31.825445933 1242.673)",31.825445933,-110.821804088,1242.673,0,1.74,2,0.1,0.23,0.89,0.51,0.72,32,28,"N",NA,"N",NA,"N",NA,"N",NA,"SOIL",NA,"OPEN",NA,0,"H_W_C",NA,5,3,10,10,2,"L-ERLE_D-SUBS_patch",NA,NA,NA,NA,NA,"Quadrat_photo||Canopy_photo||Litter_collection","SRER","S25"
"88",1037,"Ambiguous",1.8508,1.3215,0.5293,NA,"",0.5293,332,"SRER039",48,15,"23-04-2025 11:10:44.000 -0700","POINTZ(-110.821801677 31.825402865 1242.588)",31.825402865,-110.821801677,1242.588,0,1.74,2,0.11,0.24,0.95,0.53,0.79,35,27,"L-OTHER","ERLE","N",NA,"N",NA,"N",NA,"CRST",NA,"CANOPY",NA,10,"OTHER","H_W_DUNG",4,5,15,10,15,"L-ERLE_D-SUBS_patch",NA,NA,NA,NA,NA,"Quadrat_photo||Canopy_photo||Litter_collection","SRER","S25"
"89",1037,"Grass",4.6651,3.1653,1.4998,NA,"",1.4998,332,"SRER039",48,15,"23-04-2025 11:10:44.000 -0700","POINTZ(-110.821801677 31.825402865 1242.588)",31.825402865,-110.821801677,1242.588,0,1.74,2,0.11,0.24,0.95,0.53,0.79,35,27,"L-OTHER","ERLE","N",NA,"N",NA,"N",NA,"CRST",NA,"CANOPY",NA,10,"OTHER","H_W_DUNG",4,5,15,10,15,"L-ERLE_D-SUBS_patch",NA,NA,NA,NA,NA,"Quadrat_photo||Canopy_photo||Litter_collection","SRER","S25"
"90",1037,"Leaves",1.5555,1.3349,0.2206,NA,"",0.2206,332,"SRER039",48,15,"23-04-2025 11:10:44.000 -0700","POINTZ(-110.821801677 31.825402865 1242.588)",31.825402865,-110.821801677,1242.588,0,1.74,2,0.11,0.24,0.95,0.53,0.79,35,27,"L-OTHER","ERLE","N",NA,"N",NA,"N",NA,"CRST",NA,"CANOPY",NA,10,"OTHER","H_W_DUNG",4,5,15,10,15,"L-ERLE_D-SUBS_patch",NA,NA,NA,NA,NA,"Quadrat_photo||Canopy_photo||Litter_collection","SRER","S25"
"91",1038,"Ambiguous",2.3998,1.3287,1.0711,NA,"",1.0711,396,"SRER041",53,1,"20-04-2025 14:52:17.750 -0700","POINTZ(-110.896854978 31.774463992 1118.333)",31.774463992,-110.896854978,1118.333,0,1.74,2,0.096,0.25,0.99,0.44,0.88,38,32,"L-OTHER","ERLE","D-SUBS",NA,"D-OTHER","ERLE","N",NA,"SOIL",NA,"CANOPY",NA,70,"H_W",NA,10,5,12,5,15,"ERLE_DSUBS_patch",NA,NA,NA,NA,NA,"Quadrat_photo||Canopy_photo||Litter_collection","SRER","S25"
"92",1038,"Grass",5.1874,3.0988,2.0886,NA,"",2.0886,396,"SRER041",53,1,"20-04-2025 14:52:17.750 -0700","POINTZ(-110.896854978 31.774463992 1118.333)",31.774463992,-110.896854978,1118.333,0,1.74,2,0.096,0.25,0.99,0.44,0.88,38,32,"L-OTHER","ERLE","D-SUBS",NA,"D-OTHER","ERLE","N",NA,"SOIL",NA,"CANOPY",NA,70,"H_W",NA,10,5,12,5,15,"ERLE_DSUBS_patch",NA,NA,NA,NA,NA,"Quadrat_photo||Canopy_photo||Litter_collection","SRER","S25"
"93",1038,"Leaves",1.8507,1.3562,0.4945,NA,"",0.4945,396,"SRER041",53,1,"20-04-2025 14:52:17.750 -0700","POINTZ(-110.896854978 31.774463992 1118.333)",31.774463992,-110.896854978,1118.333,0,1.74,2,0.096,0.25,0.99,0.44,0.88,38,32,"L-OTHER","ERLE","D-SUBS",NA,"D-OTHER","ERLE","N",NA,"SOIL",NA,"CANOPY",NA,70,"H_W",NA,10,5,12,5,15,"ERLE_DSUBS_patch",NA,NA,NA,NA,NA,"Quadrat_photo||Canopy_photo||Litter_collection","SRER","S25"
"94",1039,"Ambiguous",1.7733,1.3039,0.4694,NA,"",0.4694,395,"SRER041",52,2,"20-04-2025 14:32:51.250 -0700","POINTZ(-110.896855797 31.774472973 1117.874)",31.774472973,-110.896855797,1117.874,0,1.74,2,0.096,0.24,0.95,0.46,0.83,38,32,"L-OTHER","ERLE","L-OTHER","ERLE","N",NA,"N",NA,"SOIL",NA,"CANOPY",NA,70,"LT-H",NA,10,5,15,5,10,"ERLE_patch",NA,NA,NA,NA,NA,"Quadrat_photo||Canopy_photo||Litter_collection","SRER","S25"
"95",1039,"Grass",4.4897,3.0943,1.3954,NA,"",1.3954,395,"SRER041",52,2,"20-04-2025 14:32:51.250 -0700","POINTZ(-110.896855797 31.774472973 1117.874)",31.774472973,-110.896855797,1117.874,0,1.74,2,0.096,0.24,0.95,0.46,0.83,38,32,"L-OTHER","ERLE","L-OTHER","ERLE","N",NA,"N",NA,"SOIL",NA,"CANOPY",NA,70,"LT-H",NA,10,5,15,5,10,"ERLE_patch",NA,NA,NA,NA,NA,"Quadrat_photo||Canopy_photo||Litter_collection","SRER","S25"
"96",1040,"Ambiguous",1.4306,1.3079,0.1227,NA,"",0.1227,394,"SRER041",51,3,"20-04-2025 14:23:01.000 -0700","POINTZ(-110.896854398 31.774480868 1118.085)",31.774480868,-110.896854398,1118.085,0,1.74,2,0.097,0.24,1,0.48,0.88,39,31,"L-OTHER","ERLE","D-SUBS",NA,"N",NA,"N",NA,"SOIL",NA,"CANOPY",NA,80,"H_W",NA,5,5,5,10,10,"ERLE_DSUBS_patch",NA,NA,NA,NA,NA,"Quadrat_photo||Canopy_photo||Litter_collection","SRER","S25"
"97",1040,"Grass",4.391,3.0611,1.3299,NA,"",1.3299,394,"SRER041",51,3,"20-04-2025 14:23:01.000 -0700","POINTZ(-110.896854398 31.774480868 1118.085)",31.774480868,-110.896854398,1118.085,0,1.74,2,0.097,0.24,1,0.48,0.88,39,31,"L-OTHER","ERLE","D-SUBS",NA,"N",NA,"N",NA,"SOIL",NA,"CANOPY",NA,80,"H_W",NA,5,5,5,10,10,"ERLE_DSUBS_patch",NA,NA,NA,NA,NA,"Quadrat_photo||Canopy_photo||Litter_collection","SRER","S25"
"98",1040,"Leaves",1.3534,1.3374,0.016,NA,"",0.016,394,"SRER041",51,3,"20-04-2025 14:23:01.000 -0700","POINTZ(-110.896854398 31.774480868 1118.085)",31.774480868,-110.896854398,1118.085,0,1.74,2,0.097,0.24,1,0.48,0.88,39,31,"L-OTHER","ERLE","D-SUBS",NA,"N",NA,"N",NA,"SOIL",NA,"CANOPY",NA,80,"H_W",NA,5,5,5,10,10,"ERLE_DSUBS_patch",NA,NA,NA,NA,NA,"Quadrat_photo||Canopy_photo||Litter_collection","SRER","S25"
"99",1040,"ReproductiveParts",1.3444,1.334,0.0104,NA,"",0.0104,394,"SRER041",51,3,"20-04-2025 14:23:01.000 -0700","POINTZ(-110.896854398 31.774480868 1118.085)",31.774480868,-110.896854398,1118.085,0,1.74,2,0.097,0.24,1,0.48,0.88,39,31,"L-OTHER","ERLE","D-SUBS",NA,"N",NA,"N",NA,"SOIL",NA,"CANOPY",NA,80,"H_W",NA,5,5,5,10,10,"ERLE_DSUBS_patch",NA,NA,NA,NA,NA,"Quadrat_photo||Canopy_photo||Litter_collection","SRER","S25"
"100",1041,"Grass",2.8067,1.3506,1.4561,NA,"resorted and reweiged 04-Jun-2026",1.4561,393,"SRER041",50,4,"20-04-2025 14:08:56.750 -0700","POINTZ(-110.896853658 31.774489328 1117.395)",31.774489328,-110.896853658,1117.395,0,1.74,2,0.095,0.23,0.95,0.47,0.83,38,32,"L-OTHER","ERLE","N",NA,"N",NA,"N",NA,"SOIL",NA,"CANOPY",NA,55,"LT-H",NA,10,3,15,5,3,"ERLE_patch",NA,NA,NA,NA,NA,"Quadrat_photo||Canopy_photo||Litter_collection","SRER","S25"
"101",1041,"Leaves",1.3808,1.3036,0.0772,NA,"resorted and reweiged 04-Jun-2026",0.0772,393,"SRER041",50,4,"20-04-2025 14:08:56.750 -0700","POINTZ(-110.896853658 31.774489328 1117.395)",31.774489328,-110.896853658,1117.395,0,1.74,2,0.095,0.23,0.95,0.47,0.83,38,32,"L-OTHER","ERLE","N",NA,"N",NA,"N",NA,"SOIL",NA,"CANOPY",NA,55,"LT-H",NA,10,3,15,5,3,"ERLE_patch",NA,NA,NA,NA,NA,"Quadrat_photo||Canopy_photo||Litter_collection","SRER","S25"
"102",1041,"Ambiguous",1.7569,1.3157,0.4412,NA,"resorted and reweiged 04-Jun-2026",0.4412,393,"SRER041",50,4,"20-04-2025 14:08:56.750 -0700","POINTZ(-110.896853658 31.774489328 1117.395)",31.774489328,-110.896853658,1117.395,0,1.74,2,0.095,0.23,0.95,0.47,0.83,38,32,"L-OTHER","ERLE","N",NA,"N",NA,"N",NA,"SOIL",NA,"CANOPY",NA,55,"LT-H",NA,10,3,15,5,3,"ERLE_patch",NA,NA,NA,NA,NA,"Quadrat_photo||Canopy_photo||Litter_collection","SRER","S25"
"103",1042,"Grass",1.9419,1.3461,0.5958,NA,"resorted and reweighed 10-Jun-2026",0.5958,392,"SRER041",49,5,"20-04-2025 13:58:40.500 -0700","POINTZ(-110.896852837 31.774496408 1117.601)",31.774496408,-110.896852837,1117.601,0,1.74,2,0.1,0.25,1.02,0.5,0.89,36,29,"L-OTHER","ERLE","N",NA,"N",NA,"N",NA,"SOIL",NA,"CANOPY",NA,50,"LT-H",NA,3,4,2,4,1,"ERLE_patch",NA,NA,NA,NA,NA,"Quadrat_photo||Canopy_photo||Litter_collection","SRER","S25"
"104",1044,"Ambiguous",2.1112,1.3161,0.7951,NA,"",0.7951,360,"SRER041",17,37,"20-04-2025 11:08:30.500 -0700","POINTZ(-110.896868007 31.774781832 1118.124)",31.774781832,-110.896868007,1118.124,0,1.74,2,0.1,0.26,0.91,0.51,0.76,32,29,"N",NA,"N",NA,"N",NA,"N",NA,"SOIL",NA,"OPEN",NA,0,"LT-H",NA,0,3,0,0,0,"ERLE_DSUBS_patch",NA,NA,NA,NA,NA,"Quadrat_photo||Canopy_photo||Litter_collection","SRER","S25"
"105",1044,"Grass",4.2025,3.1061,1.0964,NA,"",1.0964,360,"SRER041",17,37,"20-04-2025 11:08:30.500 -0700","POINTZ(-110.896868007 31.774781832 1118.124)",31.774781832,-110.896868007,1118.124,0,1.74,2,0.1,0.26,0.91,0.51,0.76,32,29,"N",NA,"N",NA,"N",NA,"N",NA,"SOIL",NA,"OPEN",NA,0,"LT-H",NA,0,3,0,0,0,"ERLE_DSUBS_patch",NA,NA,NA,NA,NA,"Quadrat_photo||Canopy_photo||Litter_collection","SRER","S25"
"106",1044,"Leaves",1.3598,1.3092,0.0506,NA,"",0.0506,360,"SRER041",17,37,"20-04-2025 11:08:30.500 -0700","POINTZ(-110.896868007 31.774781832 1118.124)",31.774781832,-110.896868007,1118.124,0,1.74,2,0.1,0.26,0.91,0.51,0.76,32,29,"N",NA,"N",NA,"N",NA,"N",NA,"SOIL",NA,"OPEN",NA,0,"LT-H",NA,0,3,0,0,0,"ERLE_DSUBS_patch",NA,NA,NA,NA,NA,"Quadrat_photo||Canopy_photo||Litter_collection","SRER","S25"
"107",1045,"Ambiguous",2.2027,1.3068,0.8959,NA,"",0.8959,351,"SRER041",5,46,"20-04-2025 10:28:56.000 -0700","POINTZ(-110.896877102 31.774861837 1116.277)",31.774861837,-110.896877102,1116.277,0,1.74,2,0.11,0.25,1.05,0.54,0.9,33,28,"L-OTHER","ERLE","D-SUBS",NA,"N",NA,"N",NA,"SOIL",NA,"CANOPY",NA,60,"H_W",NA,5,8,10,15,5,"ERLE_DSUBS_patch",NA,NA,NA,NA,NA,"Quadrat_photo||Canopy_photo||Litter_collection","SRER","S25"
"108",1045,"Grass",4.9113,3.1054,1.8059,NA,"",1.8059,351,"SRER041",5,46,"20-04-2025 10:28:56.000 -0700","POINTZ(-110.896877102 31.774861837 1116.277)",31.774861837,-110.896877102,1116.277,0,1.74,2,0.11,0.25,1.05,0.54,0.9,33,28,"L-OTHER","ERLE","D-SUBS",NA,"N",NA,"N",NA,"SOIL",NA,"CANOPY",NA,60,"H_W",NA,5,8,10,15,5,"ERLE_DSUBS_patch",NA,NA,NA,NA,NA,"Quadrat_photo||Canopy_photo||Litter_collection","SRER","S25"
"109",1045,"Leaves",1.6209,1.3013,0.3196,NA,"",0.3196,351,"SRER041",5,46,"20-04-2025 10:28:56.000 -0700","POINTZ(-110.896877102 31.774861837 1116.277)",31.774861837,-110.896877102,1116.277,0,1.74,2,0.11,0.25,1.05,0.54,0.9,33,28,"L-OTHER","ERLE","D-SUBS",NA,"N",NA,"N",NA,"SOIL",NA,"CANOPY",NA,60,"H_W",NA,5,8,10,15,5,"ERLE_DSUBS_patch",NA,NA,NA,NA,NA,"Quadrat_photo||Canopy_photo||Litter_collection","SRER","S25"
"110",1046,"Ambiguous",3.6708,2.8146,0.8562,NA,"note on envelope: sorting took too long",0.8562,350,"SRER041",4,47,"20-04-2025 10:14:09.000 -0700","POINTZ(-110.89687565 31.774869542 1116.721)",31.774869542,-110.89687565,1116.721,0,1.74,2,0.11,0.25,1.12,0.57,0.96,34,28,"L-OTHER","ERLE","N",NA,"N",NA,"N",NA,"SOIL",NA,"CANOPY",NA,60,"LT-H",NA,3,5,4,3,3,"ERLE_DSUBS_patch",NA,NA,NA,NA,NA,"Quadrat_photo||Canopy_photo||Litter_collection","SRER","S25"
"111",1046,"Forbs",1.2759,1.2334,0.0425,NA,"",0.0425,350,"SRER041",4,47,"20-04-2025 10:14:09.000 -0700","POINTZ(-110.89687565 31.774869542 1116.721)",31.774869542,-110.89687565,1116.721,0,1.74,2,0.11,0.25,1.12,0.57,0.96,34,28,"L-OTHER","ERLE","N",NA,"N",NA,"N",NA,"SOIL",NA,"CANOPY",NA,60,"LT-H",NA,3,5,4,3,3,"ERLE_DSUBS_patch",NA,NA,NA,NA,NA,"Quadrat_photo||Canopy_photo||Litter_collection","SRER","S25"
"112",1046,"Grass",3.6214,2.827,0.7944,NA,"",0.7944,350,"SRER041",4,47,"20-04-2025 10:14:09.000 -0700","POINTZ(-110.89687565 31.774869542 1116.721)",31.774869542,-110.89687565,1116.721,0,1.74,2,0.11,0.25,1.12,0.57,0.96,34,28,"L-OTHER","ERLE","N",NA,"N",NA,"N",NA,"SOIL",NA,"CANOPY",NA,60,"LT-H",NA,3,5,4,3,3,"ERLE_DSUBS_patch",NA,NA,NA,NA,NA,"Quadrat_photo||Canopy_photo||Litter_collection","SRER","S25"
"113",1046,"Leaves",3.3071,2.8417,0.4654,NA,"",0.4654,350,"SRER041",4,47,"20-04-2025 10:14:09.000 -0700","POINTZ(-110.89687565 31.774869542 1116.721)",31.774869542,-110.89687565,1116.721,0,1.74,2,0.11,0.25,1.12,0.57,0.96,34,28,"L-OTHER","ERLE","N",NA,"N",NA,"N",NA,"SOIL",NA,"CANOPY",NA,60,"LT-H",NA,3,5,4,3,3,"ERLE_DSUBS_patch",NA,NA,NA,NA,NA,"Quadrat_photo||Canopy_photo||Litter_collection","SRER","S25"
"114",1046,"ReproductiveParts",1.3146,1.2309,0.0837,NA,"",0.0837,350,"SRER041",4,47,"20-04-2025 10:14:09.000 -0700","POINTZ(-110.89687565 31.774869542 1116.721)",31.774869542,-110.89687565,1116.721,0,1.74,2,0.11,0.25,1.12,0.57,0.96,34,28,"L-OTHER","ERLE","N",NA,"N",NA,"N",NA,"SOIL",NA,"CANOPY",NA,60,"LT-H",NA,3,5,4,3,3,"ERLE_DSUBS_patch",NA,NA,NA,NA,NA,"Quadrat_photo||Canopy_photo||Litter_collection","SRER","S25"
"115",1048,"Grass",2.121,1.3229,0.7981,NA,"",0.7981,348,"SRER041",2,49,"20-04-2025 09:31:03.250 -0700","POINTZ(-110.896877213 31.774886633 1116.738)",31.774886633,-110.896877213,1116.738,0,1.74,2,0.11,0.23,0.92,0.51,0.77,39,31,"L-OTHER","ERLE","D-OTHER","ERLE","N",NA,"N",NA,"GRAVEL",NA,"CANOPY",NA,60,"LT-H",NA,8,5,10,5,3,"ERLE_patch",NA,NA,NA,NA,NA,"Quadrat_photo||Canopy_photo||Litter_collection","SRER","S25"
"116",1048,"Leaves",1.3801,1.3118,0.0683,NA,"",0.0683,348,"SRER041",2,49,"20-04-2025 09:31:03.250 -0700","POINTZ(-110.896877213 31.774886633 1116.738)",31.774886633,-110.896877213,1116.738,0,1.74,2,0.11,0.23,0.92,0.51,0.77,39,31,"L-OTHER","ERLE","D-OTHER","ERLE","N",NA,"N",NA,"GRAVEL",NA,"CANOPY",NA,60,"LT-H",NA,8,5,10,5,3,"ERLE_patch",NA,NA,NA,NA,NA,"Quadrat_photo||Canopy_photo||Litter_collection","SRER","S25"
"117",1049,"Ambiguous",1.7944,1.3298,0.4646,NA,"",0.4646,347,"SRER041",1,50,"20-04-2025 09:13:21.750 -0700","POINTZ(-110.896877935 31.774895863 1116.662)",31.774895863,-110.896877935,1116.662,0,1.74,2,0.1,0.24,0.97,0.51,0.83,40,32,"L-OTHER","ERLE","D-OTHER","ERLE","N",NA,"N",NA,"GRAVEL",NA,"CANOPY",NA,60,"LT-H",NA,4,5,10,5,4,"ERLE_patch",NA,NA,NA,NA,NA,"Quadrat_photo||Canopy_photo||Litter_collection","SRER","S25"
"118",1049,"Grass",5.7887,3.087,2.7017,NA,"",2.7017,347,"SRER041",1,50,"20-04-2025 09:13:21.750 -0700","POINTZ(-110.896877935 31.774895863 1116.662)",31.774895863,-110.896877935,1116.662,0,1.74,2,0.1,0.24,0.97,0.51,0.83,40,32,"L-OTHER","ERLE","D-OTHER","ERLE","N",NA,"N",NA,"GRAVEL",NA,"CANOPY",NA,60,"LT-H",NA,4,5,10,5,4,"ERLE_patch",NA,NA,NA,NA,NA,"Quadrat_photo||Canopy_photo||Litter_collection","SRER","S25"
"119",1049,"Leaves",1.3568,1.3317,0.0251,NA,"",0.0251,347,"SRER041",1,50,"20-04-2025 09:13:21.750 -0700","POINTZ(-110.896877935 31.774895863 1116.662)",31.774895863,-110.896877935,1116.662,0,1.74,2,0.1,0.24,0.97,0.51,0.83,40,32,"L-OTHER","ERLE","D-OTHER","ERLE","N",NA,"N",NA,"GRAVEL",NA,"CANOPY",NA,60,"LT-H",NA,4,5,10,5,4,"ERLE_patch",NA,NA,NA,NA,NA,"Quadrat_photo||Canopy_photo||Litter_collection","SRER","S25"
"120",1050,"Ambiguous",1.6178,1.2832,0.3346,NA,"",0.3346,337,"SRER039",53,10,"23-04-2025 11:36:26.000 -0700","POINTZ(-110.821803135 31.825360082 1242.597)",31.825360082,-110.821803135,1242.597,0,1.74,2,0.097,0.2,0.89,0.5,0.74,35,29,"L-OTHER","PRVE","N",NA,"N",NA,"N",NA,"CRST",NA,"CANOPY",NA,225,"OTHER","H_W_B_DUNG",3,1,5,10,3,"L-ERLE_patch",NA,NA,NA,NA,NA,"Quadrat_photo||Canopy_photo||Litter_collection","SRER","S25"
"121",1050,"Grass",1.7351,1.3103,0.4248,NA,"",0.4248,337,"SRER039",53,10,"23-04-2025 11:36:26.000 -0700","POINTZ(-110.821803135 31.825360082 1242.597)",31.825360082,-110.821803135,1242.597,0,1.74,2,0.097,0.2,0.89,0.5,0.74,35,29,"L-OTHER","PRVE","N",NA,"N",NA,"N",NA,"CRST",NA,"CANOPY",NA,225,"OTHER","H_W_B_DUNG",3,1,5,10,3,"L-ERLE_patch",NA,NA,NA,NA,NA,"Quadrat_photo||Canopy_photo||Litter_collection","SRER","S25"
"122",1050,"Leaves",1.8218,1.307,0.5148,NA,"",0.5148,337,"SRER039",53,10,"23-04-2025 11:36:26.000 -0700","POINTZ(-110.821803135 31.825360082 1242.597)",31.825360082,-110.821803135,1242.597,0,1.74,2,0.097,0.2,0.89,0.5,0.74,35,29,"L-OTHER","PRVE","N",NA,"N",NA,"N",NA,"CRST",NA,"CANOPY",NA,225,"OTHER","H_W_B_DUNG",3,1,5,10,3,"L-ERLE_patch",NA,NA,NA,NA,NA,"Quadrat_photo||Canopy_photo||Litter_collection","SRER","S25"
"123",1050,"ReproductiveParts",1.3413,1.3178,0.0235,NA,"",0.0235,337,"SRER039",53,10,"23-04-2025 11:36:26.000 -0700","POINTZ(-110.821803135 31.825360082 1242.597)",31.825360082,-110.821803135,1242.597,0,1.74,2,0.097,0.2,0.89,0.5,0.74,35,29,"L-OTHER","PRVE","N",NA,"N",NA,"N",NA,"CRST",NA,"CANOPY",NA,225,"OTHER","H_W_B_DUNG",3,1,5,10,3,"L-ERLE_patch",NA,NA,NA,NA,NA,"Quadrat_photo||Canopy_photo||Litter_collection","SRER","S25"
"124",1051,"Grass",1.563,1.3522,0.2108,NA,"resorted and reweiged 04-Jun-2026",0.2108,342,"SRER039",58,5,"23-04-2025 11:52:56.500 -0700","POINTZ(-110.821804698 31.825314997 1242.915)",31.825314997,-110.821804698,1242.915,0,1.74,2,0.1,0.21,0.87,0.49,0.72,35,30,"N",NA,"N",NA,"N",NA,"N",NA,"SOIL",NA,"OPEN",NA,0,"H_C",NA,1,5,0,0,5,"L-PRVE_100SW_225H_375L_375P","L-OP_95SW_25H_35L_15P","L-ERLE_D-SUBS_patch",NA,NA,NA,"Quadrat_photo||Canopy_photo||Litter_collection","SRER","S25"
"125",1051,"Leaves",1.4833,1.3335,0.1498,NA,"",0.1498,342,"SRER039",58,5,"23-04-2025 11:52:56.500 -0700","POINTZ(-110.821804698 31.825314997 1242.915)",31.825314997,-110.821804698,1242.915,0,1.74,2,0.1,0.21,0.87,0.49,0.72,35,30,"N",NA,"N",NA,"N",NA,"N",NA,"SOIL",NA,"OPEN",NA,0,"H_C",NA,1,5,0,0,5,"L-PRVE_100SW_225H_375L_375P","L-OP_95SW_25H_35L_15P","L-ERLE_D-SUBS_patch",NA,NA,NA,"Quadrat_photo||Canopy_photo||Litter_collection","SRER","S25"
"126",1052,"Leaves",1.2669,1.2287,0.0382,NA,"",0.0382,51,"JORN035",2,50,"25-04-2025 12:23:20.250 -0600","POINTZ(-106.806777762 32.566926065 1300.669)",32.566926065,-106.806777762,1300.669,0,1.74,2,0.093,0.23,1.02,0.53,0.87,38,29,"N",NA,"N",NA,"N",NA,"N",NA,"SOIL",NA,"OPEN",NA,0,"LT-H",NA,1,0,0,0,0,"D-PGRASS_20SE","D-PGRASS_25NW","D-SUBS_40SE",NA,NA,"20250425182345.jpg","Quadrat_photo||Canopy_photo||Litter_collection","JORN","S25"
"127",1053,"Grass",1.3503,1.2435,0.1068,NA,"",0.1068,56,"JORN035",7,45,"25-04-2025 12:30:00.750 -0600","POINTZ(-106.806773047 32.566884475 1300.401)",32.566884475,-106.806773047,1300.401,0,1.74,2,0.093,0.22,0.99,0.52,0.85,38,30,"D-PGRASS",NA,"N",NA,"N",NA,"N",NA,"SOIL",NA,"OPEN",NA,1,"LT-H",NA,0,0,0,2,0,"D-PGRASS_patch",NA,NA,NA,NA,NA,"Quadrat_photo||Canopy_photo||Litter_collection","JORN","S25"
"128",1055,"Grass",1.2943,1.2215,0.0728,NA,"",0.0728,66,"JORN035",17,35,"25-04-2025 12:59:21.250 -0600","POINTZ(-106.8067721 32.566794258 1299.6)",32.566794258,-106.8067721,1299.6,0,1.74,2,0.094,0.19,0.89,0.48,0.75,38,32,"N",NA,"N",NA,"N",NA,"N",NA,"SOIL",NA,"OPEN",NA,0,"OTHER","H_DUNG",0,1,0,0,0,"D-SUBS_patch",NA,NA,NA,NA,NA,"Quadrat_photo||Canopy_photo||Litter_collection","JORN","S25"
"129",1057,"Grass",1.2935,1.2397,0.0538,NA,"",0.0538,75,"JORN035",27,25,"25-04-2025 13:20:38.250 -0600","POINTZ(-106.806765363 32.566703813 1299.826)",32.566703813,-106.806765363,1299.826,0,1.74,2,0.1,0.22,0.97,0.5,0.83,37,32,"N",NA,"N",NA,"N",NA,"N",NA,"CRST",NA,"OPEN",NA,0,"LT-H",NA,0,0,0,1,0,NA,NA,NA,NA,NA,NA,"Quadrat_photo||Canopy_photo||Litter_collection","JORN","S25"
"130",1059,"Leaves",1.3681,1.3318,0.0363,NA,"resorted and reweiged 04-Jun-2026",0.0363,84,"JORN035",40,15,"25-04-2025 14:48:30.000 -0600","POINTZ(-106.806753815 32.566623538 1299.186)",32.566623538,-106.806753815,1299.186,0,1.74,2,0.1,0.25,1.01,0.51,0.87,43,32,"N",NA,"N",NA,"N",NA,"N",NA,"CRST",NA,"OPEN",NA,0,"LT-H",NA,0,0,1,0,1,"L-PRGL_60N_75H_200L_140P","L-PRGL_100SE_85H_325L_225P",NA,NA,NA,NA,"Quadrat_photo||Canopy_photo||Litter_collection","JORN","S25"
"131",1059,"Grass",1.3631,1.321,0.0421,NA,"resorted and reweiged 04-Jun-2026",0.0421,84,"JORN035",40,15,"25-04-2025 14:48:30.000 -0600","POINTZ(-106.806753815 32.566623538 1299.186)",32.566623538,-106.806753815,1299.186,0,1.74,2,0.1,0.25,1.01,0.51,0.87,43,32,"N",NA,"N",NA,"N",NA,"N",NA,"CRST",NA,"OPEN",NA,0,"LT-H",NA,0,0,1,0,1,"L-PRGL_60N_75H_200L_140P","L-PRGL_100SE_85H_325L_225P",NA,NA,NA,NA,"Quadrat_photo||Canopy_photo||Litter_collection","JORN","S25"
"132",1061,"Leaves",1.3255,1.3122,0.0133,NA,"resorted and reweiged 06-Jun-2026",0.0133,93,"JORN035",51,5,"25-04-2025 15:08:52.500 -0600","POINTZ(-106.806751888 32.566531855 1299.695)",32.566531855,-106.806751888,1299.695,0,1.74,2,0.096,0.24,0.97,0.48,0.84,43,32,"N",NA,"N",NA,"N",NA,"N",NA,"SOIL",NA,"OPEN",NA,0,"LT-H",NA,0,0,0,0,0,"L-PRGL_80SE_20H_40L_30P","L-PRGL_30NW_30H_55L_50P","D-SUBS_65NW",NA,NA,NA,"Quadrat_photo||Canopy_photo||Litter_collection","JORN","S25"
"133",1065,"Grass",3.7391,3.0804,0.6587,NA,"",0.6587,114,"JORN037",18,35,"25-04-2025 16:52:42.500 -0600","POINTZ(-106.812144628 32.578366023 1306.99)",32.578366023,-106.812144628,1306.99,0,1.74,2,0.12,0.27,0.93,0.47,0.8,39,32,"L-OTHER","PRGL","D-PGRASS",NA,"N",NA,"N",NA,"SOIL",NA,"CANOPY",NA,90,"H_W",NA,10,15,20,5,1,"L-PRGL_patch_NW",NA,NA,NA,NA,NA,"Quadrat_photo||Canopy_photo||Litter_collection","JORN","S25"
"134",1065,"ReproductiveParts",1.6612,1.3223,0.3389,NA,"",0.3389,114,"JORN037",18,35,"25-04-2025 16:52:42.500 -0600","POINTZ(-106.812144628 32.578366023 1306.99)",32.578366023,-106.812144628,1306.99,0,1.74,2,0.12,0.27,0.93,0.47,0.8,39,32,"L-OTHER","PRGL","D-PGRASS",NA,"N",NA,"N",NA,"SOIL",NA,"CANOPY",NA,90,"H_W",NA,10,15,20,5,1,"L-PRGL_patch_NW",NA,NA,NA,NA,NA,"Quadrat_photo||Canopy_photo||Litter_collection","JORN","S25"
"135",1066,"Ambiguous",1.3644,1.2375,0.1269,NA,"",0.1269,118,"JORN037",22,30,"25-04-2025 17:20:07.250 -0600","POINTZ(-106.812145915 32.578322445 1306.507)",32.578322445,-106.812145915,1306.507,0,1.74,2,0.11,0.22,0.97,0.5,0.83,39,30,"D-PGRASS",NA,"N",NA,"N",NA,"N",NA,"SOIL",NA,"CANOPY",NA,10,"LT-H",NA,2,1,1,5,3,"L-PGRASS_patch",NA,NA,NA,NA,NA,"Quadrat_photo||Canopy_photo||Litter_collection","JORN","S25"
"136",1066,"Grass",4.2227,2.8537,1.369,NA,"",1.369,118,"JORN037",22,30,"25-04-2025 17:20:07.250 -0600","POINTZ(-106.812145915 32.578322445 1306.507)",32.578322445,-106.812145915,1306.507,0,1.74,2,0.11,0.22,0.97,0.5,0.83,39,30,"D-PGRASS",NA,"N",NA,"N",NA,"N",NA,"SOIL",NA,"CANOPY",NA,10,"LT-H",NA,2,1,1,5,3,"L-PGRASS_patch",NA,NA,NA,NA,NA,"Quadrat_photo||Canopy_photo||Litter_collection","JORN","S25"
"137",1066,"Leaves",1.2795,1.243,0.0365,NA,"",0.0365,118,"JORN037",22,30,"25-04-2025 17:20:07.250 -0600","POINTZ(-106.812145915 32.578322445 1306.507)",32.578322445,-106.812145915,1306.507,0,1.74,2,0.11,0.22,0.97,0.5,0.83,39,30,"D-PGRASS",NA,"N",NA,"N",NA,"N",NA,"SOIL",NA,"CANOPY",NA,10,"LT-H",NA,2,1,1,5,3,"L-PGRASS_patch",NA,NA,NA,NA,NA,"Quadrat_photo||Canopy_photo||Litter_collection","JORN","S25"
"138",1069,"Grass",1.2542,1.2345,0.0197,NA,"",0.0197,133,"JORN037",38,15,"25-04-2025 17:56:29.250 -0600","POINTZ(-106.812142763 32.578187563 1306.574)",32.578187563,-106.812142763,1306.574,0,1.74,2,0.1,0.22,0.87,0.5,0.72,41,29,"N",NA,"N",NA,"N",NA,"N",NA,"SOIL",NA,"OPEN",NA,0,"LT-H",NA,0,0,0,0,0,"L-PRGL_90N_80H_200L_150P","L-PRGL_25SE_45H_110L_100P",NA,NA,NA,NA,"Quadrat_photo||Canopy_photo||Litter_collection","JORN","S25"
"139",1070,"Grass",1.5289,1.2397,0.2892,NA,"",0.2892,138,"JORN037",43,10,"25-04-2025 18:14:06.250 -0600","POINTZ(-106.812151133 32.578141153 1305.959)",32.578141153,-106.812151133,1305.959,0,1.74,2,0.11,0.23,0.88,0.5,0.72,40,29,"N",NA,"N",NA,"N",NA,"N",NA,"SOIL",NA,"CANOPY",NA,0,"LT-H",NA,1,1,0,0,0,"D-PGRASS_patch",NA,NA,NA,NA,NA,"Quadrat_photo||Canopy_photo||Litter_collection","JORN","S25"
"140",1070,"Leaves",1.2807,1.24,0.0407,NA,"",0.0407,138,"JORN037",43,10,"25-04-2025 18:14:06.250 -0600","POINTZ(-106.812151133 32.578141153 1305.959)",32.578141153,-106.812151133,1305.959,0,1.74,2,0.11,0.23,0.88,0.5,0.72,40,29,"N",NA,"N",NA,"N",NA,"N",NA,"SOIL",NA,"CANOPY",NA,0,"LT-H",NA,1,1,0,0,0,"D-PGRASS_patch",NA,NA,NA,NA,NA,"Quadrat_photo||Canopy_photo||Litter_collection","JORN","S25"
"141",1072,"Grass",1.4111,1.3231,0.088,NA,"",0.088,1,"JORN019",2,50,"26-04-2025 09:44:55.500 -0600","POINTZ(-106.807876632 32.624349093 1304.638)",32.624349093,-106.807876632,1304.638,0,1.74,2,0.11,0.23,0.92,0.5,0.77,39,31,"L-OTHER","PRGL","N",NA,"N",NA,"N",NA,"SOIL",NA,"CANOPY",NA,65,"H_W",NA,0,0,0,3,3,"L-PRGL_L-SHRUB_dune",NA,NA,NA,NA,NA,"Quadrat_photo||Canopy_photo||Litter_collection","JORN","S25"
"142",1072,"Leaves",1.5355,1.3343,0.2012,NA,"",0.2012,1,"JORN019",2,50,"26-04-2025 09:44:55.500 -0600","POINTZ(-106.807876632 32.624349093 1304.638)",32.624349093,-106.807876632,1304.638,0,1.74,2,0.11,0.23,0.92,0.5,0.77,39,31,"L-OTHER","PRGL","N",NA,"N",NA,"N",NA,"SOIL",NA,"CANOPY",NA,65,"H_W",NA,0,0,0,3,3,"L-PRGL_L-SHRUB_dune",NA,NA,NA,NA,NA,"Quadrat_photo||Canopy_photo||Litter_collection","JORN","S25"
"143",1075,"Grass",3.8231,3.0862,0.7369,NA,"",0.7369,16,"JORN019",19,35,"26-04-2025 10:32:27.250 -0600","POINTZ(-106.807910025 32.62421315 1304.466)",32.62421315,-106.807910025,1304.466,0,1.74,2,0.11,0.29,1.15,0.61,0.98,37,25,"D-SHRUB",NA,"L-OTHER","PRGL","N",NA,"N",NA,"SOIL",NA,"CANOPY",NA,85,"H_W",NA,20,40,10,5,30,"L-PRGLE_D-SHRUB_dune",NA,NA,NA,NA,NA,"Quadrat_photo||Canopy_photo||Litter_collection","JORN","S25"
"144",1075,"ReproductiveParts",1.642,1.3293,0.3127,NA,"",0.3127,16,"JORN019",19,35,"26-04-2025 10:32:27.250 -0600","POINTZ(-106.807910025 32.62421315 1304.466)",32.62421315,-106.807910025,1304.466,0,1.74,2,0.11,0.29,1.15,0.61,0.98,37,25,"D-SHRUB",NA,"L-OTHER","PRGL","N",NA,"N",NA,"SOIL",NA,"CANOPY",NA,85,"H_W",NA,20,40,10,5,30,"L-PRGLE_D-SHRUB_dune",NA,NA,NA,NA,NA,"Quadrat_photo||Canopy_photo||Litter_collection","JORN","S25"
"145",1076,"Grass",1.2769,1.2392,0.0377,NA,"",0.0377,21,"JORN019",25,30,"26-04-2025 11:18:29.250 -0600","POINTZ(-106.80792411 32.624170048 1305.622)",32.624170048,-106.80792411,1305.622,0,1.74,2,0.11,0.24,1.02,0.56,0.85,34,27,"L-OTHER","PRGL","N",NA,"N",NA,"N",NA,"SOIL",NA,"CANOPY",NA,75,"H_W",NA,10,10,5,2,10,"L-PRGL_dune",NA,NA,NA,NA,"20250426172401.jpg","Quadrat_photo||Canopy_photo||Litter_collection","JORN","S25"
"146",1076,"Leaves",6.7914,2.876,3.9154,NA,"",3.9154,21,"JORN019",25,30,"26-04-2025 11:18:29.250 -0600","POINTZ(-106.80792411 32.624170048 1305.622)",32.624170048,-106.80792411,1305.622,0,1.74,2,0.11,0.24,1.02,0.56,0.85,34,27,"L-OTHER","PRGL","N",NA,"N",NA,"N",NA,"SOIL",NA,"CANOPY",NA,75,"H_W",NA,10,10,5,2,10,"L-PRGL_dune",NA,NA,NA,NA,"20250426172401.jpg","Quadrat_photo||Canopy_photo||Litter_collection","JORN","S25"
"147",1076,"ReproductiveParts",1.2823,1.2383,0.044,NA,"",0.044,21,"JORN019",25,30,"26-04-2025 11:18:29.250 -0600","POINTZ(-106.80792411 32.624170048 1305.622)",32.624170048,-106.80792411,1305.622,0,1.74,2,0.11,0.24,1.02,0.56,0.85,34,27,"L-OTHER","PRGL","N",NA,"N",NA,"N",NA,"SOIL",NA,"CANOPY",NA,75,"H_W",NA,10,10,5,2,10,"L-PRGL_dune",NA,NA,NA,NA,"20250426172401.jpg","Quadrat_photo||Canopy_photo||Litter_collection","JORN","S25"
"148",1077,"Grass",1.2593,1.2272,0.0321,NA,"",0.0321,26,"JORN019",30,25,"26-04-2025 11:36:16.000 -0600","POINTZ(-106.807927275 32.624126723 1304.333)",32.624126723,-106.807927275,1304.333,0,1.74,2,0.1,0.22,1.1,0.59,0.92,32,26,"N",NA,"N",NA,"N",NA,"N",NA,"SOIL",NA,"OPEN",NA,0,"H_W",NA,2,0,0,1,0,"L-PRGL_D-SHRUB_dune_95N",NA,NA,NA,NA,NA,"Quadrat_photo||Canopy_photo||Litter_collection","JORN","S25"
"149",1077,"Leaves",1.2621,1.2248,0.0373,NA,"",0.0373,26,"JORN019",30,25,"26-04-2025 11:36:16.000 -0600","POINTZ(-106.807927275 32.624126723 1304.333)",32.624126723,-106.807927275,1304.333,0,1.74,2,0.1,0.22,1.1,0.59,0.92,32,26,"N",NA,"N",NA,"N",NA,"N",NA,"SOIL",NA,"OPEN",NA,0,"H_W",NA,2,0,0,1,0,"L-PRGL_D-SHRUB_dune_95N",NA,NA,NA,NA,NA,"Quadrat_photo||Canopy_photo||Litter_collection","JORN","S25"
"150",1079,"Grass",1.2555,1.2411,0.0144,NA,"",0.0144,36,"JORN019",40,15,"26-04-2025 11:58:01.750 -0600","POINTZ(-106.807940177 32.624039028 1303.879)",32.624039028,-106.807940177,1303.879,0,1.74,2,0.098,0.22,0.89,0.5,0.73,39,29,"N",NA,"N",NA,"N",NA,"N",NA,"SOIL",NA,"OPEN",NA,0,"H_B",NA,0,0,1,1,1,"L-SHRUB_50S_140H_75L_70P",NA,NA,NA,NA,NA,"Quadrat_photo||Canopy_photo||Litter_collection","JORN","S25"
"151",1081,"Ambiguous",2.9036,1.3329,1.5707,NA,"",1.5707,46,"JORN019",50,5,"26-04-2025 12:44:32.500 -0600","POINTZ(-106.807972785 32.623952635 1304.949)",32.623952635,-106.807972785,1304.949,0,1.74,2,0.12,0.23,0.93,0.5,0.79,37,29,"L-OTHER","PRGL","D-SHRUB",NA,"N",NA,"N",NA,"SOIL",NA,"CANOPY",NA,140,"H_W",NA,5,10,10,15,5,"L-PRGL_D-SHRUB_dune",NA,NA,NA,NA,NA,"Quadrat_photo||Canopy_photo||Litter_collection","JORN","S25"
"152",1081,"Grass",1.6711,1.3144,0.3567,NA,"",0.3567,46,"JORN019",50,5,"26-04-2025 12:44:32.500 -0600","POINTZ(-106.807972785 32.623952635 1304.949)",32.623952635,-106.807972785,1304.949,0,1.74,2,0.12,0.23,0.93,0.5,0.79,37,29,"L-OTHER","PRGL","D-SHRUB",NA,"N",NA,"N",NA,"SOIL",NA,"CANOPY",NA,140,"H_W",NA,5,10,10,15,5,"L-PRGL_D-SHRUB_dune",NA,NA,NA,NA,NA,"Quadrat_photo||Canopy_photo||Litter_collection","JORN","S25"
"153",1081,"Leaves",5.4115,3.1759,2.2356,NA,"",2.2356,46,"JORN019",50,5,"26-04-2025 12:44:32.500 -0600","POINTZ(-106.807972785 32.623952635 1304.949)",32.623952635,-106.807972785,1304.949,0,1.74,2,0.12,0.23,0.93,0.5,0.79,37,29,"L-OTHER","PRGL","D-SHRUB",NA,"N",NA,"N",NA,"SOIL",NA,"CANOPY",NA,140,"H_W",NA,5,10,10,15,5,"L-PRGL_D-SHRUB_dune",NA,NA,NA,NA,NA,"Quadrat_photo||Canopy_photo||Litter_collection","JORN","S25"
"154",1083,"Ambiguous",4.443,1.2989,3.1441,NA,"",3.1441,701,"JORN137",6,45,"28-04-2025 09:10:15.750 -0600","POINTZ(-106.843327957 32.676395235 1311.255)",32.676395235,-106.843327957,1311.255,0,1.74,2,0.1,0.22,0.98,0.49,0.85,41,31,"L-OTHER","PRGL","N",NA,"N",NA,"N",NA,"SOIL",NA,"CANOPY",NA,30,"H_W_B",NA,30,30,3,5,40,"L-PRGL_dune",NA,NA,NA,NA,NA,"Quadrat_photo||Canopy_photo||Litter_collection","JORN","S25"
"155",1083,"Grass",1.4173,1.3028,0.1145,NA,"",0.1145,701,"JORN137",6,45,"28-04-2025 09:10:15.750 -0600","POINTZ(-106.843327957 32.676395235 1311.255)",32.676395235,-106.843327957,1311.255,0,1.74,2,0.1,0.22,0.98,0.49,0.85,41,31,"L-OTHER","PRGL","N",NA,"N",NA,"N",NA,"SOIL",NA,"CANOPY",NA,30,"H_W_B",NA,30,30,3,5,40,"L-PRGL_dune",NA,NA,NA,NA,NA,"Quadrat_photo||Canopy_photo||Litter_collection","JORN","S25"
"156",1083,"Leaves",9.1254,3.1573,5.9681,NA,"",5.9681,701,"JORN137",6,45,"28-04-2025 09:10:15.750 -0600","POINTZ(-106.843327957 32.676395235 1311.255)",32.676395235,-106.843327957,1311.255,0,1.74,2,0.1,0.22,0.98,0.49,0.85,41,31,"L-OTHER","PRGL","N",NA,"N",NA,"N",NA,"SOIL",NA,"CANOPY",NA,30,"H_W_B",NA,30,30,3,5,40,"L-PRGL_dune",NA,NA,NA,NA,NA,"Quadrat_photo||Canopy_photo||Litter_collection","JORN","S25"
"157",1087,"Grass",1.2532,1.226,0.0272,NA,"",0.0272,720,"JORN137",27,25,"28-04-2025 10:07:00.500 -0600","POINTZ(-106.843319122 32.676211633 1308.342)",32.676211633,-106.843319122,1308.342,0,1.74,2,0.11,0.29,1.07,0.56,0.92,40,28,"D-SUBS",NA,"N",NA,"N",NA,"N",NA,"SOIL",NA,"OPEN",NA,5,"H_W",NA,1,0,0,0,0,"L-SUBS_D-SUBS_patch",NA,NA,NA,NA,NA,"Quadrat_photo||Canopy_photo||Litter_collection","JORN","S25"
"158",1092,"Leaves",1.2873,1.2315,0.0558,NA,"",0.0558,548,"JORN123",1,50,"29-04-2025 08:22:57.250 -0600","POINTZ(-106.839336652 32.633853288 1298.927)",32.633853288,-106.839336652,1298.927,0,1.74,2,0.1,0.2,0.91,0.49,0.76,44,30,"N",NA,"N",NA,"N",NA,"N",NA,"SOIL",NA,"OPEN",NA,0,"H_W",NA,1,1,1,0,0,"L-PRGL_dune_10S",NA,NA,NA,NA,NA,"Quadrat_photo||Canopy_photo||Litter_collection","JORN","S25"
"159",1098,"Ambiguous",1.6541,1.3189,0.3352,NA,"",0.3352,578,"JORN123",32,20,"29-04-2025 09:16:13.250 -0600","POINTZ(-106.83938284 32.63358281 1299.168)",32.63358281,-106.83938284,1299.168,0,1.74,2,0.1,0.19,0.91,0.5,0.76,38,31,"L-OTHER","PRGL","N",NA,"N",NA,"N",NA,"SOIL",NA,"CANOPY",NA,60,"H_W",NA,2,0,3,1,4,"L-PRGL_dune",NA,NA,NA,NA,NA,"Quadrat_photo||Canopy_photo||Litter_collection","JORN","S25"
"160",1098,"Leaves",4.835,3.1102,1.7248,NA,"",1.7248,578,"JORN123",32,20,"29-04-2025 09:16:13.250 -0600","POINTZ(-106.83938284 32.63358281 1299.168)",32.63358281,-106.83938284,1299.168,0,1.74,2,0.1,0.19,0.91,0.5,0.76,38,31,"L-OTHER","PRGL","N",NA,"N",NA,"N",NA,"SOIL",NA,"CANOPY",NA,60,"H_W",NA,2,0,3,1,4,"L-PRGL_dune",NA,NA,NA,NA,NA,"Quadrat_photo||Canopy_photo||Litter_collection","JORN","S25"
"161",1098,"ReproductiveParts",1.3827,1.3076,0.0751,NA,"",0.0751,578,"JORN123",32,20,"29-04-2025 09:16:13.250 -0600","POINTZ(-106.83938284 32.63358281 1299.168)",32.63358281,-106.83938284,1299.168,0,1.74,2,0.1,0.19,0.91,0.5,0.76,38,31,"L-OTHER","PRGL","N",NA,"N",NA,"N",NA,"SOIL",NA,"CANOPY",NA,60,"H_W",NA,2,0,3,1,4,"L-PRGL_dune",NA,NA,NA,NA,NA,"Quadrat_photo||Canopy_photo||Litter_collection","JORN","S25"
"162",1105,"Grass",1.3516,1.3237,0.0279,NA,"",0.0279,661,"JORN129",17,35,"29-04-2025 11:04:58.750 -0600","POINTZ(-106.845318945 32.649652043 1312.973)",32.649652043,-106.845318945,1312.973,0,1.74,2,0.1,0.22,0.96,0.53,0.81,34,28,"N",NA,"N",NA,"N",NA,"N",NA,"SOIL",NA,"OPEN",NA,0,"LT-H",NA,1,0,0,0,0,"L-SUBS_patch",NA,NA,NA,NA,NA,"Quadrat_photo||Canopy_photo||Litter_collection","JORN","S25"
"163",1106,"Ambiguous",12.8587,3.1567,9.702,NA,"",9.702,666,"JORN129",22,30,"29-04-2025 11:19:16.250 -0600","POINTZ(-106.845323493 32.649606983 1312.259)",32.649606983,-106.845323493,1312.259,0,1.74,2,0.1,0.22,0.9,0.51,0.74,34,29,"L-OTHER","PRGL","D-PGRASS",NA,"N",NA,"N",NA,"SOIL",NA,"CANOPY",NA,70,"H_W_B",NA,45,50,40,50,40,"L-PRGL_D-PGRASS_dune",NA,NA,NA,NA,NA,"Quadrat_photo||Canopy_photo||Litter_collection","JORN","S25"
"164",1106,"Grass",5.7657,3.0562,2.7095,NA,"",2.7095,666,"JORN129",22,30,"29-04-2025 11:19:16.250 -0600","POINTZ(-106.845323493 32.649606983 1312.259)",32.649606983,-106.845323493,1312.259,0,1.74,2,0.1,0.22,0.9,0.51,0.74,34,29,"L-OTHER","PRGL","D-PGRASS",NA,"N",NA,"N",NA,"SOIL",NA,"CANOPY",NA,70,"H_W_B",NA,45,50,40,50,40,"L-PRGL_D-PGRASS_dune",NA,NA,NA,NA,NA,"Quadrat_photo||Canopy_photo||Litter_collection","JORN","S25"
"165",1106,"Leaves",2.8971,1.3339,1.5632,NA,"",1.5632,666,"JORN129",22,30,"29-04-2025 11:19:16.250 -0600","POINTZ(-106.845323493 32.649606983 1312.259)",32.649606983,-106.845323493,1312.259,0,1.74,2,0.1,0.22,0.9,0.51,0.74,34,29,"L-OTHER","PRGL","D-PGRASS",NA,"N",NA,"N",NA,"SOIL",NA,"CANOPY",NA,70,"H_W_B",NA,45,50,40,50,40,"L-PRGL_D-PGRASS_dune",NA,NA,NA,NA,NA,"Quadrat_photo||Canopy_photo||Litter_collection","JORN","S25"
"166",1106,"ReproductiveParts",1.58,1.3371,0.2429,NA,"",0.2429,666,"JORN129",22,30,"29-04-2025 11:19:16.250 -0600","POINTZ(-106.845323493 32.649606983 1312.259)",32.649606983,-106.845323493,1312.259,0,1.74,2,0.1,0.22,0.9,0.51,0.74,34,29,"L-OTHER","PRGL","D-PGRASS",NA,"N",NA,"N",NA,"SOIL",NA,"CANOPY",NA,70,"H_W_B",NA,45,50,40,50,40,"L-PRGL_D-PGRASS_dune",NA,NA,NA,NA,NA,"Quadrat_photo||Canopy_photo||Litter_collection","JORN","S25"
"167",1109,"Ambiguous",2.7853,1.302,1.4833,NA,"",1.4833,681,"JORN129",37,15,"29-04-2025 11:44:57.500 -0600","POINTZ(-106.845327878 32.64947635 1312.549)",32.64947635,-106.845327878,1312.549,0,1.74,2,0.1,0.21,0.9,0.5,0.74,37,29,"D-PGRASS",NA,"N",NA,"N",NA,"N",NA,"SOIL",NA,"CANOPY",NA,20,"LT-H",NA,5,3,15,15,1,"D-PGRASS_L-PRGL_dune",NA,NA,NA,NA,NA,"Quadrat_photo||Canopy_photo||Litter_collection","JORN","S25"
"168",1109,"Grass",5.1133,3.1202,1.9931,NA,"",1.9931,681,"JORN129",37,15,"29-04-2025 11:44:57.500 -0600","POINTZ(-106.845327878 32.64947635 1312.549)",32.64947635,-106.845327878,1312.549,0,1.74,2,0.1,0.21,0.9,0.5,0.74,37,29,"D-PGRASS",NA,"N",NA,"N",NA,"N",NA,"SOIL",NA,"CANOPY",NA,20,"LT-H",NA,5,3,15,15,1,"D-PGRASS_L-PRGL_dune",NA,NA,NA,NA,NA,"Quadrat_photo||Canopy_photo||Litter_collection","JORN","S25"
"169",1109,"Leaves",2.1257,1.3043,0.8214,NA,"",0.8214,681,"JORN129",37,15,"29-04-2025 11:44:57.500 -0600","POINTZ(-106.845327878 32.64947635 1312.549)",32.64947635,-106.845327878,1312.549,0,1.74,2,0.1,0.21,0.9,0.5,0.74,37,29,"D-PGRASS",NA,"N",NA,"N",NA,"N",NA,"SOIL",NA,"CANOPY",NA,20,"LT-H",NA,5,3,15,15,1,"D-PGRASS_L-PRGL_dune",NA,NA,NA,NA,NA,"Quadrat_photo||Canopy_photo||Litter_collection","JORN","S25"
"170",1110,"Grass",4.025,3.088,0.937,NA,"",0.937,686,"JORN129",42,10,"29-04-2025 12:00:04.750 -0600","POINTZ(-106.84533286 32.64943022 1312.517)",32.64943022,-106.84533286,1312.517,0,1.74,2,0.097,0.22,0.91,0.49,0.77,36,29,"L-SHRUB",NA,"N",NA,"N",NA,"N",NA,"SOIL",NA,"CANOPY",NA,100,"H_W",NA,1,3,1,2,1,"L-SHRUB_L-PRGL_D-PGRASS_dune",NA,NA,NA,NA,NA,"Quadrat_photo||Canopy_photo||Litter_collection","JORN","S25"
"171",1110,"Leaves",1.3517,1.3007,0.051,NA,"",0.051,686,"JORN129",42,10,"29-04-2025 12:00:04.750 -0600","POINTZ(-106.84533286 32.64943022 1312.517)",32.64943022,-106.84533286,1312.517,0,1.74,2,0.097,0.22,0.91,0.49,0.77,36,29,"L-SHRUB",NA,"N",NA,"N",NA,"N",NA,"SOIL",NA,"CANOPY",NA,100,"H_W",NA,1,3,1,2,1,"L-SHRUB_L-PRGL_D-PGRASS_dune",NA,NA,NA,NA,NA,"Quadrat_photo||Canopy_photo||Litter_collection","JORN","S25"
"172",1111,"Ambiguous",2.1101,1.3152,0.7949,NA,"",0.7949,691,"JORN129",47,5,"29-04-2025 12:03:55.250 -0600","POINTZ(-106.845330002 32.649388748 1311.881)",32.649388748,-106.845330002,1311.881,0,1.74,2,0.091,0.21,0.9,0.48,0.75,36,30,"D-SUBS",NA,"N",NA,"N",NA,"N",NA,"SOIL",NA,"CANOPY",NA,15,"OTHER","H_YUEL",1,0,2,4,1,"L-SUBS_patch",NA,NA,NA,NA,NA,"Quadrat_photo||Canopy_photo||Litter_collection","JORN","S25"
"173",1111,"Grass",3.8675,3.0752,0.7923,NA,"",0.7923,691,"JORN129",47,5,"29-04-2025 12:03:55.250 -0600","POINTZ(-106.845330002 32.649388748 1311.881)",32.649388748,-106.845330002,1311.881,0,1.74,2,0.091,0.21,0.9,0.48,0.75,36,30,"D-SUBS",NA,"N",NA,"N",NA,"N",NA,"SOIL",NA,"CANOPY",NA,15,"OTHER","H_YUEL",1,0,2,4,1,"L-SUBS_patch",NA,NA,NA,NA,NA,"Quadrat_photo||Canopy_photo||Litter_collection","JORN","S25"
"174",1111,"Leaves",1.6078,1.3234,0.2844,NA,"",0.2844,691,"JORN129",47,5,"29-04-2025 12:03:55.250 -0600","POINTZ(-106.845330002 32.649388748 1311.881)",32.649388748,-106.845330002,1311.881,0,1.74,2,0.091,0.21,0.9,0.48,0.75,36,30,"D-SUBS",NA,"N",NA,"N",NA,"N",NA,"SOIL",NA,"CANOPY",NA,15,"OTHER","H_YUEL",1,0,2,4,1,"L-SUBS_patch",NA,NA,NA,NA,NA,"Quadrat_photo||Canopy_photo||Litter_collection","JORN","S25"
"175",1111,"ReproductiveParts",1.4049,1.3303,0.0746,NA,"",0.0746,691,"JORN129",47,5,"29-04-2025 12:03:55.250 -0600","POINTZ(-106.845330002 32.649388748 1311.881)",32.649388748,-106.845330002,1311.881,0,1.74,2,0.091,0.21,0.9,0.48,0.75,36,30,"D-SUBS",NA,"N",NA,"N",NA,"N",NA,"SOIL",NA,"CANOPY",NA,15,"OTHER","H_YUEL",1,0,2,4,1,"L-SUBS_patch",NA,NA,NA,NA,NA,"Quadrat_photo||Canopy_photo||Litter_collection","JORN","S25"
"176",1112,"Forbs",1.3524,1.3167,0.0357,NA,"",0.0357,505,"ONAQ239",16,35,"25-05-2025 08:53:59.500 -0600","POINTZ(-112.442333238 40.179544857 1617.424)",40.179544857,-112.442333238,1617.424,0,1.74,2,0.1,0.23,1,0.5,0.87,35,30,"D-FORB",NA,"N",NA,"N",NA,"N",NA,"SOIL",NA,"OPEN",NA,5,"H_W",NA,1,1,1,2,3,"D-ARTR_15E_70H_90L_95P","L-PGRASS_D-PGRASS_L-FORB_patch","L-ARTR_40SE_70H_170L_130P",NA,NA,NA,"Quadrat_photo||Canopy_photo||Litter_collection","ONAQ","S25"
"177",1112,"Grass",1.4727,1.3079,0.1648,NA,"",0.1648,505,"ONAQ239",16,35,"25-05-2025 08:53:59.500 -0600","POINTZ(-112.442333238 40.179544857 1617.424)",40.179544857,-112.442333238,1617.424,0,1.74,2,0.1,0.23,1,0.5,0.87,35,30,"D-FORB",NA,"N",NA,"N",NA,"N",NA,"SOIL",NA,"OPEN",NA,5,"H_W",NA,1,1,1,2,3,"D-ARTR_15E_70H_90L_95P","L-PGRASS_D-PGRASS_L-FORB_patch","L-ARTR_40SE_70H_170L_130P",NA,NA,NA,"Quadrat_photo||Canopy_photo||Litter_collection","ONAQ","S25"
"178",1113,"Ambiguous",7.5447,3.1495,4.3952,NA,"",4.3952,490,"ONAQ239",1,50,"25-05-2025 08:23:33.250 -0600","POINTZ(-112.442318728 40.17967664 1618.04)",40.17967664,-112.442318728,1618.04,0,1.74,2,0.1,0.23,0.97,0.52,0.83,39,31,"L-OTHER","ARTR","N",NA,"N",NA,"N",NA,"OTHER","MOSS","CANOPY",NA,70,"H_W",NA,5,10,10,15,5,"D-ARTR_0NW_30H_65L_50P","L-ARTR_30E_80H_130L_120P","L-PGRASS_patch","D-ARTR_45NE_45H_50L_35P",NA,NA,"Quadrat_photo||Canopy_photo||Litter_collection","ONAQ","S25"
"179",1113,"Leaves",1.8089,1.3088,0.5001,NA,"",0.5001,490,"ONAQ239",1,50,"25-05-2025 08:23:33.250 -0600","POINTZ(-112.442318728 40.17967664 1618.04)",40.17967664,-112.442318728,1618.04,0,1.74,2,0.1,0.23,0.97,0.52,0.83,39,31,"L-OTHER","ARTR","N",NA,"N",NA,"N",NA,"OTHER","MOSS","CANOPY",NA,70,"H_W",NA,5,10,10,15,5,"D-ARTR_0NW_30H_65L_50P","L-ARTR_30E_80H_130L_120P","L-PGRASS_patch","D-ARTR_45NE_45H_50L_35P",NA,NA,"Quadrat_photo||Canopy_photo||Litter_collection","ONAQ","S25"
"180",1114,"Leaves",1.3344,1.3231,0.0113,NA,"",0.0113,495,"ONAQ239",6,45,"25-05-2025 08:32:56.250 -0600","POINTZ(-112.442323288 40.179632567 1618.28)",40.179632567,-112.442323288,1618.28,0,1.74,2,0.1,0.22,0.96,0.51,0.82,37,31,"N",NA,"N",NA,"N",NA,"N",NA,"SOIL",NA,"WOOD",NA,0,"H_W_B",NA,2,1,4,0,1,"L-ARTR_75W_75H_110L_105P",NA,NA,NA,NA,NA,"Quadrat_photo||Canopy_photo||Litter_collection","ONAQ","S25"
"181",1115,"Ambiguous",2.2165,1.3305,0.886,NA,"",0.886,500,"ONAQ239",11,40,"25-05-2025 08:42:46.250 -0600","POINTZ(-112.442328248 40.179589297 1617.829)",40.179589297,-112.442328248,1617.829,0,1.74,2,0.1,0.22,0.93,0.49,0.79,37,31,"N",NA,"N",NA,"N",NA,"N",NA,"CRST",NA,"OPEN",NA,0,"H_W",NA,5,3,1,0,7,"D-ARTR_5NW_10H_75L_75P","L-BRTE_L-PGRASS_D-BRTE_D-PGRASS_patch","L-ARTR_10NE_100H_170L_120P","D-ARTR_60SE_40H_50L_45P",NA,NA,"Quadrat_photo||Canopy_photo||Litter_collection","ONAQ","S25"
"182",1115,"Forbs",1.3445,1.3139,0.0306,NA,"",0.0306,500,"ONAQ239",11,40,"25-05-2025 08:42:46.250 -0600","POINTZ(-112.442328248 40.179589297 1617.829)",40.179589297,-112.442328248,1617.829,0,1.74,2,0.1,0.22,0.93,0.49,0.79,37,31,"N",NA,"N",NA,"N",NA,"N",NA,"CRST",NA,"OPEN",NA,0,"H_W",NA,5,3,1,0,7,"D-ARTR_5NW_10H_75L_75P","L-BRTE_L-PGRASS_D-BRTE_D-PGRASS_patch","L-ARTR_10NE_100H_170L_120P","D-ARTR_60SE_40H_50L_45P",NA,NA,"Quadrat_photo||Canopy_photo||Litter_collection","ONAQ","S25"
"183",1115,"Grass",2.5083,1.3159,1.1924,NA,"",1.1924,500,"ONAQ239",11,40,"25-05-2025 08:42:46.250 -0600","POINTZ(-112.442328248 40.179589297 1617.829)",40.179589297,-112.442328248,1617.829,0,1.74,2,0.1,0.22,0.93,0.49,0.79,37,31,"N",NA,"N",NA,"N",NA,"N",NA,"CRST",NA,"OPEN",NA,0,"H_W",NA,5,3,1,0,7,"D-ARTR_5NW_10H_75L_75P","L-BRTE_L-PGRASS_D-BRTE_D-PGRASS_patch","L-ARTR_10NE_100H_170L_120P","D-ARTR_60SE_40H_50L_45P",NA,NA,"Quadrat_photo||Canopy_photo||Litter_collection","ONAQ","S25"
"184",1115,"Leaves",1.3378,1.3132,0.0246,NA,"",0.0246,500,"ONAQ239",11,40,"25-05-2025 08:42:46.250 -0600","POINTZ(-112.442328248 40.179589297 1617.829)",40.179589297,-112.442328248,1617.829,0,1.74,2,0.1,0.22,0.93,0.49,0.79,37,31,"N",NA,"N",NA,"N",NA,"N",NA,"CRST",NA,"OPEN",NA,0,"H_W",NA,5,3,1,0,7,"D-ARTR_5NW_10H_75L_75P","L-BRTE_L-PGRASS_D-BRTE_D-PGRASS_patch","L-ARTR_10NE_100H_170L_120P","D-ARTR_60SE_40H_50L_45P",NA,NA,"Quadrat_photo||Canopy_photo||Litter_collection","ONAQ","S25"
"185",1116,"Forbs",1.3716,1.2415,0.1301,NA,"",0.1301,510,"ONAQ239",21,30,"25-05-2025 09:02:52.250 -0600","POINTZ(-112.442334845 40.179499498 1617.129)",40.179499498,-112.442334845,1617.129,0,1.74,2,0.097,0.23,1,0.5,0.87,36,30,"L-OTHER","ARTR","D-FORB",NA,"N",NA,"N",NA,"OTHER","MOSS","CANOPY",NA,70,"H_W",NA,1,1,2,1,0,"LPGRASS_L-BRTE_D-BRTE_D-FORB_patch","L-ARTR_35SW_120H_195L_170P",NA,NA,NA,NA,"Quadrat_photo||Canopy_photo||Litter_collection","ONAQ","S25"
"186",1117,"Ambiguous",2.9188,1.325,1.5938,NA,"",1.5938,515,"ONAQ239",26,25,"25-05-2025 09:11:48.250 -0600","POINTZ(-112.442339122 40.179456267 1616.995)",40.179456267,-112.442339122,1616.995,0,1.74,2,0.097,0.23,1,0.5,0.87,36,30,"N",NA,"N",NA,"N",NA,"N",NA,"SOIL",NA,"OPEN",NA,0,"OTHER","H_W_B_DUNG",5,7,4,5,3,"LPGRASS_L-BRTE_L-FORB_patch","L-ARTR_85NW_110H_235L_175P",NA,NA,NA,NA,"Quadrat_photo||Canopy_photo||Litter_collection","ONAQ","S25"
"187",1117,"Forbs",1.4119,1.319,0.0929,NA,"",0.0929,515,"ONAQ239",26,25,"25-05-2025 09:11:48.250 -0600","POINTZ(-112.442339122 40.179456267 1616.995)",40.179456267,-112.442339122,1616.995,0,1.74,2,0.097,0.23,1,0.5,0.87,36,30,"N",NA,"N",NA,"N",NA,"N",NA,"SOIL",NA,"OPEN",NA,0,"OTHER","H_W_B_DUNG",5,7,4,5,3,"LPGRASS_L-BRTE_L-FORB_patch","L-ARTR_85NW_110H_235L_175P",NA,NA,NA,NA,"Quadrat_photo||Canopy_photo||Litter_collection","ONAQ","S25"
"188",1117,"Grass",2.182,1.3162,0.8658,NA,"",0.8658,515,"ONAQ239",26,25,"25-05-2025 09:11:48.250 -0600","POINTZ(-112.442339122 40.179456267 1616.995)",40.179456267,-112.442339122,1616.995,0,1.74,2,0.097,0.23,1,0.5,0.87,36,30,"N",NA,"N",NA,"N",NA,"N",NA,"SOIL",NA,"OPEN",NA,0,"OTHER","H_W_B_DUNG",5,7,4,5,3,"LPGRASS_L-BRTE_L-FORB_patch","L-ARTR_85NW_110H_235L_175P",NA,NA,NA,NA,"Quadrat_photo||Canopy_photo||Litter_collection","ONAQ","S25"
"189",1119,"ReproductiveParts",1.3512,1.3123,0.0389,NA,"",0.0389,524,"ONAQ239",38,15,"25-05-2025 09:25:10.750 -0600","POINTZ(-112.442349957 40.1793665 1616.266)",40.1793665,-112.442349957,1616.266,0,1.74,2,0.09,0.21,0.92,0.48,0.78,36,31,"N",NA,"N",NA,"N",NA,"N",NA,"OTHER","MOSS","OPEN",NA,0,"LT-H",NA,3,2,1,1,1,"LPGRASS_L-BRTE_D-BRTE_patch",NA,NA,NA,NA,NA,"Quadrat_photo||Canopy_photo||Litter_collection","ONAQ","S25"
"190",1122,"Ambiguous",1.9863,1.3308,0.6555,NA,"",0.6555,104,"ONAQ213",1,50,"25-05-2025 10:53:01.500 -0600","POINTZ(-112.531884638 40.154657195 1809.252)",40.154657195,-112.531884638,1809.252,0,1.74,2,0.1,0.2,0.88,0.49,0.73,36,32,"N",NA,"N",NA,"N",NA,"N",NA,"SOIL",NA,"WOOD",NA,0,"H_W_B",NA,0,0,0,0,1,"L-PGRASS_L-FORB_patch","L-ARTR_patch",NA,NA,NA,NA,"Quadrat_photo||Canopy_photo||Litter_collection","ONAQ","S25"
"191",1122,"Leaves",1.3859,1.3613,0.0246,NA,"",0.0246,104,"ONAQ213",1,50,"25-05-2025 10:53:01.500 -0600","POINTZ(-112.531884638 40.154657195 1809.252)",40.154657195,-112.531884638,1809.252,0,1.74,2,0.1,0.2,0.88,0.49,0.73,36,32,"N",NA,"N",NA,"N",NA,"N",NA,"SOIL",NA,"WOOD",NA,0,"H_W_B",NA,0,0,0,0,1,"L-PGRASS_L-FORB_patch","L-ARTR_patch",NA,NA,NA,NA,"Quadrat_photo||Canopy_photo||Litter_collection","ONAQ","S25"
"192",1123,"Forbs",1.4436,1.3246,0.119,NA,"",0.119,110,"ONAQ213",10,45,"25-05-2025 11:05:42.250 -0600","POINTZ(-112.531882525 40.15461343 1809.242)",40.15461343,-112.531882525,1809.242,0,1.74,2,0.1,0.2,0.95,0.51,0.8,36,31,"L-OTHER","PUTR","N",NA,"N",NA,"N",NA,"SOIL",NA,"CANOPY",NA,100,"H_W",NA,5,6,15,8,8,"L-PGRASS_L-FORB_patch","L-ARTR_5NW_100H_160L_100P","L-ARTR_10E_65H_110L_55P","L-ARTR_80W_115H_150L_125P","L-ARTR_80NE_100H_100L_70P","20250525170927.jpg","Quadrat_photo||Canopy_photo||Litter_collection","ONAQ","S25"
"193",1123,"Grass",1.5283,1.3206,0.2077,NA,"",0.2077,110,"ONAQ213",10,45,"25-05-2025 11:05:42.250 -0600","POINTZ(-112.531882525 40.15461343 1809.242)",40.15461343,-112.531882525,1809.242,0,1.74,2,0.1,0.2,0.95,0.51,0.8,36,31,"L-OTHER","PUTR","N",NA,"N",NA,"N",NA,"SOIL",NA,"CANOPY",NA,100,"H_W",NA,5,6,15,8,8,"L-PGRASS_L-FORB_patch","L-ARTR_5NW_100H_160L_100P","L-ARTR_10E_65H_110L_55P","L-ARTR_80W_115H_150L_125P","L-ARTR_80NE_100H_100L_70P","20250525170927.jpg","Quadrat_photo||Canopy_photo||Litter_collection","ONAQ","S25"
"194",1123,"Leaves",1.8506,1.3207,0.5299,NA,"",0.5299,110,"ONAQ213",10,45,"25-05-2025 11:05:42.250 -0600","POINTZ(-112.531882525 40.15461343 1809.242)",40.15461343,-112.531882525,1809.242,0,1.74,2,0.1,0.2,0.95,0.51,0.8,36,31,"L-OTHER","PUTR","N",NA,"N",NA,"N",NA,"SOIL",NA,"CANOPY",NA,100,"H_W",NA,5,6,15,8,8,"L-PGRASS_L-FORB_patch","L-ARTR_5NW_100H_160L_100P","L-ARTR_10E_65H_110L_55P","L-ARTR_80W_115H_150L_125P","L-ARTR_80NE_100H_100L_70P","20250525170927.jpg","Quadrat_photo||Canopy_photo||Litter_collection","ONAQ","S25"
"195",1123,"ReproductiveParts",1.4673,1.299,0.1683,NA,"",0.1683,110,"ONAQ213",10,45,"25-05-2025 11:05:42.250 -0600","POINTZ(-112.531882525 40.15461343 1809.242)",40.15461343,-112.531882525,1809.242,0,1.74,2,0.1,0.2,0.95,0.51,0.8,36,31,"L-OTHER","PUTR","N",NA,"N",NA,"N",NA,"SOIL",NA,"CANOPY",NA,100,"H_W",NA,5,6,15,8,8,"L-PGRASS_L-FORB_patch","L-ARTR_5NW_100H_160L_100P","L-ARTR_10E_65H_110L_55P","L-ARTR_80W_115H_150L_125P","L-ARTR_80NE_100H_100L_70P","20250525170927.jpg","Quadrat_photo||Canopy_photo||Litter_collection","ONAQ","S25"
"196",1124,"Grass",1.4023,1.3356,0.0667,NA,"",0.0667,114,"ONAQ213",14,40,"25-05-2025 11:16:42.250 -0600","POINTZ(-112.531870472 40.154567898 1808.961)",40.154567898,-112.531870472,1808.961,0,1.74,2,0.11,0.23,0.91,0.5,0.75,37,31,"L-FORB",NA,"N",NA,"N",NA,"N",NA,"SOIL",NA,"OPEN",NA,5,"OTHER","H_W_B_DUNG",1,0,1,0,1,"L-PGRASS_L-FORB_patch","L-PUTR_90W_65H_150L_120P",NA,NA,NA,NA,"Quadrat_photo||Canopy_photo||Litter_collection","ONAQ","S25"
"197",1124,"Leaves",1.36,1.3292,0.0308,NA,"",0.0308,114,"ONAQ213",14,40,"25-05-2025 11:16:42.250 -0600","POINTZ(-112.531870472 40.154567898 1808.961)",40.154567898,-112.531870472,1808.961,0,1.74,2,0.11,0.23,0.91,0.5,0.75,37,31,"L-FORB",NA,"N",NA,"N",NA,"N",NA,"SOIL",NA,"OPEN",NA,5,"OTHER","H_W_B_DUNG",1,0,1,0,1,"L-PGRASS_L-FORB_patch","L-PUTR_90W_65H_150L_120P",NA,NA,NA,NA,"Quadrat_photo||Canopy_photo||Litter_collection","ONAQ","S25"
"198",1125,"Grass",1.3723,1.3322,0.0401,NA,"",0.0401,119,"ONAQ213",19,35,"25-05-2025 11:25:19.000 -0600","POINTZ(-112.531868133 40.154522285 1808.874)",40.154522285,-112.531868133,1808.874,0,1.74,2,0.12,0.24,0.99,0.52,0.84,36,30,"N",NA,"N",NA,"N",NA,"N",NA,"SOIL",NA,"OPEN",NA,0,"H_W_B",NA,0,0,1,1,1,"L-PGRASS_patch","L-ARTR_15E_80H_125L_110P","L-ERNA_95W_85H_150L_150P",NA,NA,NA,"Quadrat_photo||Canopy_photo||Litter_collection","ONAQ","S25"
"199",1127,"Ambiguous",1.5049,1.3254,0.1795,NA,"",0.1795,129,"ONAQ213",30,25,"25-05-2025 11:41:44.750 -0600","POINTZ(-112.53185303 40.154433693 1807.711)",40.154433693,-112.53185303,1807.711,0,1.74,2,0.1,0.23,0.99,0.52,0.84,35,30,"L-PGRASS",NA,"L-PGRASS",NA,"N",NA,"N",NA,"SOIL",NA,"OPEN",NA,30,"H_W_B",NA,3,10,2,0,1,"L-PGRASS_L-BRTE_L-FORB_patch","L-ARTR_5NE_25H_25L_20P","L-ARTR_65SE_75H_85L_65P",NA,NA,"20250525174237.jpg","Quadrat_photo||Canopy_photo||Litter_collection","ONAQ","S25"
"200",1127,"Grass",1.7172,1.3255,0.3917,NA,"",0.3917,129,"ONAQ213",30,25,"25-05-2025 11:41:44.750 -0600","POINTZ(-112.53185303 40.154433693 1807.711)",40.154433693,-112.53185303,1807.711,0,1.74,2,0.1,0.23,0.99,0.52,0.84,35,30,"L-PGRASS",NA,"L-PGRASS",NA,"N",NA,"N",NA,"SOIL",NA,"OPEN",NA,30,"H_W_B",NA,3,10,2,0,1,"L-PGRASS_L-BRTE_L-FORB_patch","L-ARTR_5NE_25H_25L_20P","L-ARTR_65SE_75H_85L_65P",NA,NA,"20250525174237.jpg","Quadrat_photo||Canopy_photo||Litter_collection","ONAQ","S25"
"201",1127,"ReproductiveParts",1.6028,1.3134,0.2894,NA,"",0.2894,129,"ONAQ213",30,25,"25-05-2025 11:41:44.750 -0600","POINTZ(-112.53185303 40.154433693 1807.711)",40.154433693,-112.53185303,1807.711,0,1.74,2,0.1,0.23,0.99,0.52,0.84,35,30,"L-PGRASS",NA,"L-PGRASS",NA,"N",NA,"N",NA,"SOIL",NA,"OPEN",NA,30,"H_W_B",NA,3,10,2,0,1,"L-PGRASS_L-BRTE_L-FORB_patch","L-ARTR_5NE_25H_25L_20P","L-ARTR_65SE_75H_85L_65P",NA,NA,"20250525174237.jpg","Quadrat_photo||Canopy_photo||Litter_collection","ONAQ","S25"
"202",1128,"Ambiguous",2.0664,1.3229,0.7435,NA,"",0.7435,134,"ONAQ213",35,20,"25-05-2025 11:56:45.750 -0600","POINTZ(-112.531842888 40.154390565 1807.697)",40.154390565,-112.531842888,1807.697,0,1.74,2,0.11,0.22,0.92,0.51,0.77,38,31,"L-PGRASS",NA,"N",NA,"N",NA,"N",NA,"SOIL",NA,"CANOPY",NA,30,"LT-H",NA,0,10,5,5,15,"L-PGRASS_patch",NA,NA,NA,NA,NA,"Quadrat_photo||Canopy_photo||Litter_collection","ONAQ","S25"
"203",1128,"Grass",4.4115,3.0502,1.3613,NA,"",1.3613,134,"ONAQ213",35,20,"25-05-2025 11:56:45.750 -0600","POINTZ(-112.531842888 40.154390565 1807.697)",40.154390565,-112.531842888,1807.697,0,1.74,2,0.11,0.22,0.92,0.51,0.77,38,31,"L-PGRASS",NA,"N",NA,"N",NA,"N",NA,"SOIL",NA,"CANOPY",NA,30,"LT-H",NA,0,10,5,5,15,"L-PGRASS_patch",NA,NA,NA,NA,NA,"Quadrat_photo||Canopy_photo||Litter_collection","ONAQ","S25"
"204",1129,"Ambiguous",1.5322,1.3423,0.1899,NA,"",0.1899,139,"ONAQ213",42,15,"25-05-2025 12:04:47.750 -0600","POINTZ(-112.531832387 40.154347285 1806.581)",40.154347285,-112.531832387,1806.581,0,1.74,2,0.11,0.25,0.86,0.48,0.71,38,32,"L-PGRASS",NA,"N",NA,"N",NA,"N",NA,"SOIL",NA,"CANOPY",NA,35,"LT-H",NA,1,2,3,5,1,"L-PGRASS_patch","L-CHVI_30NE_70H_125L_90P",NA,NA,NA,"20250525180754.jpg","Quadrat_photo||Canopy_photo||Litter_collection","ONAQ","S25"
"205",1129,"Forbs",1.4485,1.3331,0.1154,NA,"",0.1154,139,"ONAQ213",42,15,"25-05-2025 12:04:47.750 -0600","POINTZ(-112.531832387 40.154347285 1806.581)",40.154347285,-112.531832387,1806.581,0,1.74,2,0.11,0.25,0.86,0.48,0.71,38,32,"L-PGRASS",NA,"N",NA,"N",NA,"N",NA,"SOIL",NA,"CANOPY",NA,35,"LT-H",NA,1,2,3,5,1,"L-PGRASS_patch","L-CHVI_30NE_70H_125L_90P",NA,NA,NA,"20250525180754.jpg","Quadrat_photo||Canopy_photo||Litter_collection","ONAQ","S25"
"206",1129,"Grass",3.7515,3.073,0.6785,NA,"",0.6785,139,"ONAQ213",42,15,"25-05-2025 12:04:47.750 -0600","POINTZ(-112.531832387 40.154347285 1806.581)",40.154347285,-112.531832387,1806.581,0,1.74,2,0.11,0.25,0.86,0.48,0.71,38,32,"L-PGRASS",NA,"N",NA,"N",NA,"N",NA,"SOIL",NA,"CANOPY",NA,35,"LT-H",NA,1,2,3,5,1,"L-PGRASS_patch","L-CHVI_30NE_70H_125L_90P",NA,NA,NA,"20250525180754.jpg","Quadrat_photo||Canopy_photo||Litter_collection","ONAQ","S25"
"207",1129,"ReproductiveParts",1.3524,1.3401,0.0123,NA,"",0.0123,139,"ONAQ213",42,15,"25-05-2025 12:04:47.750 -0600","POINTZ(-112.531832387 40.154347285 1806.581)",40.154347285,-112.531832387,1806.581,0,1.74,2,0.11,0.25,0.86,0.48,0.71,38,32,"L-PGRASS",NA,"N",NA,"N",NA,"N",NA,"SOIL",NA,"CANOPY",NA,35,"LT-H",NA,1,2,3,5,1,"L-PGRASS_patch","L-CHVI_30NE_70H_125L_90P",NA,NA,NA,"20250525180754.jpg","Quadrat_photo||Canopy_photo||Litter_collection","ONAQ","S25"
"208",1130,"Ambiguous",1.475,1.3432,0.1318,NA,"",0.1318,144,"ONAQ213",47,10,"25-05-2025 12:14:07.250 -0600","POINTZ(-112.531825382 40.154301435 1806.211)",40.154301435,-112.531825382,1806.211,0,1.74,2,0.1,0.23,0.92,0.5,0.77,38,31,"N",NA,"N",NA,"N",NA,"N",NA,"SOIL",NA,"OPEN",NA,0,"LT-H",NA,5,3,0,1,0,"L-PGRASS_L-FORB_patch",NA,NA,NA,NA,NA,"Quadrat_photo||Canopy_photo||Litter_collection","ONAQ","S25"
"209",1130,"Grass",1.5825,1.3362,0.2463,NA,"",0.2463,144,"ONAQ213",47,10,"25-05-2025 12:14:07.250 -0600","POINTZ(-112.531825382 40.154301435 1806.211)",40.154301435,-112.531825382,1806.211,0,1.74,2,0.1,0.23,0.92,0.5,0.77,38,31,"N",NA,"N",NA,"N",NA,"N",NA,"SOIL",NA,"OPEN",NA,0,"LT-H",NA,5,3,0,1,0,"L-PGRASS_L-FORB_patch",NA,NA,NA,NA,NA,"Quadrat_photo||Canopy_photo||Litter_collection","ONAQ","S25"
"210",1131,"ReproductiveParts",1.5637,1.3113,0.2524,NA,"",0.2524,149,"ONAQ213",52,5,"25-05-2025 12:21:29.500 -0600","POINTZ(-112.531815173 40.154257732 1806.397)",40.154257732,-112.531815173,1806.397,0,1.74,2,0.1,0.24,0.97,0.51,0.82,38,30,"N",NA,"N",NA,"N",NA,"N",NA,"SOIL",NA,"OPEN",NA,0,"OTHER","W_B_DUNG",0,0,0,0,0,"L-PGRASS_L-FORB_L-BRTE_patch",NA,NA,NA,NA,NA,"Quadrat_photo||Canopy_photo||Litter_collection","ONAQ","S25"
"211",1132,"Grass",1.8317,1.3137,0.518,NA,"",0.518,262,"ONAQ230",1,50,"25-05-2025 16:10:49.000 -0600","POINTZ(-112.476399258 40.153658652 1648.063)",40.153658652,-112.476399258,1648.063,0,1.74,2,0.1,0.19,0.84,0.49,0.69,43,32,"L-OTHER","GUSA","N",NA,"N",NA,"N",NA,"OTHER","MOSS","CANOPY",NA,25,"LT-H",NA,1,1,2,3,2,"L-GUSA_patch","L-ARTR_5S_80H_110L_105P",NA,NA,NA,NA,"Quadrat_photo||Canopy_photo||Litter_collection","ONAQ","S25"
"212",1133,"Grass",1.3663,1.337,0.0293,NA,"",0.0293,267,"ONAQ230",6,45,"25-05-2025 16:17:56.500 -0600","POINTZ(-112.476406595 40.153614468 1647.464)",40.153614468,-112.476406595,1647.464,0,1.74,2,0.11,0.22,0.85,0.48,0.7,39,32,"N",NA,"N",NA,"N",NA,"N",NA,"SOIL",NA,"OPEN",NA,0,"LT-H",NA,1,0,0,0,0,"L-GUSA_patch",NA,NA,NA,NA,NA,"Quadrat_photo||Canopy_photo||Litter_collection","ONAQ","S25"
"213",1134,"Grass",1.4066,1.3253,0.0813,NA,"",0.0813,272,"ONAQ230",12,40,"25-05-2025 16:24:37.250 -0600","POINTZ(-112.476409783 40.153568353 1647.979)",40.153568353,-112.476409783,1647.979,0,1.74,2,0.093,0.17,0.83,0.48,0.68,36,32,"N",NA,"N",NA,"N",NA,"N",NA,"SOIL",NA,"OPEN",NA,0,"LT-H",NA,1,0,1,1,0,"L-GUSA_patch","L-SHRUB_patch",NA,NA,NA,"20250525222541.jpg","Quadrat_photo||Canopy_photo||Litter_collection","ONAQ","S25"
"214",1135,"Ambiguous",6.0516,3.0821,2.9695,NA,"",2.9695,276,"ONAQ230",19,35,"25-05-2025 16:35:00.000 -0600","POINTZ(-112.476418288 40.153521677 1647.368)",40.153521677,-112.476418288,1647.368,0,1.74,2,0.11,0.21,0.88,0.5,0.73,36,32,"L-OTHER","GUSA","N",NA,"N",NA,"N",NA,"GRAVEL",NA,"CANOPY",NA,35,"H_W_B",NA,3,4,2,0,0,"L-GUSA_patch","L-ARTR_70S_75H_170L_100P",NA,NA,NA,NA,"Quadrat_photo||Canopy_photo||Litter_collection","ONAQ","S25"
"215",1135,"Forbs",3.9457,3.0615,0.8842,NA,"",0.8842,276,"ONAQ230",19,35,"25-05-2025 16:35:00.000 -0600","POINTZ(-112.476418288 40.153521677 1647.368)",40.153521677,-112.476418288,1647.368,0,1.74,2,0.11,0.21,0.88,0.5,0.73,36,32,"L-OTHER","GUSA","N",NA,"N",NA,"N",NA,"GRAVEL",NA,"CANOPY",NA,35,"H_W_B",NA,3,4,2,0,0,"L-GUSA_patch","L-ARTR_70S_75H_170L_100P",NA,NA,NA,NA,"Quadrat_photo||Canopy_photo||Litter_collection","ONAQ","S25"
"216",1135,"Grass",1.5277,1.3148,0.2129,NA,"",0.2129,276,"ONAQ230",19,35,"25-05-2025 16:35:00.000 -0600","POINTZ(-112.476418288 40.153521677 1647.368)",40.153521677,-112.476418288,1647.368,0,1.74,2,0.11,0.21,0.88,0.5,0.73,36,32,"L-OTHER","GUSA","N",NA,"N",NA,"N",NA,"GRAVEL",NA,"CANOPY",NA,35,"H_W_B",NA,3,4,2,0,0,"L-GUSA_patch","L-ARTR_70S_75H_170L_100P",NA,NA,NA,NA,"Quadrat_photo||Canopy_photo||Litter_collection","ONAQ","S25"
"217",1135,"ReproductiveParts",1.3599,1.3203,0.0396,NA,"",0.0396,276,"ONAQ230",19,35,"25-05-2025 16:35:00.000 -0600","POINTZ(-112.476418288 40.153521677 1647.368)",40.153521677,-112.476418288,1647.368,0,1.74,2,0.11,0.21,0.88,0.5,0.73,36,32,"L-OTHER","GUSA","N",NA,"N",NA,"N",NA,"GRAVEL",NA,"CANOPY",NA,35,"H_W_B",NA,3,4,2,0,0,"L-GUSA_patch","L-ARTR_70S_75H_170L_100P",NA,NA,NA,NA,"Quadrat_photo||Canopy_photo||Litter_collection","ONAQ","S25"
"218",1136,"Ambiguous",2.9218,1.3302,1.5916,NA,"resorted and reweighed 11-Jun-2026",1.5916,281,"ONAQ230",24,30,"25-05-2025 16:41:11.250 -0600","POINTZ(-112.476426938 40.153480545 1647.793)",40.153480545,-112.476426938,1647.793,0,1.74,2,0.11,0.23,0.94,0.51,0.79,35,30,"L-OTHER","ARTR","N",NA,"N",NA,"N",NA,"CRST",NA,"CANOPY",NA,75,"OTHER","H_DUNG",0,2,0,2,2,"L-GUSA_D-BRTE_L-AGRASS_patch",NA,NA,NA,NA,NA,"Quadrat_photo||Canopy_photo||Litter_collection","ONAQ","S25"
"219",1136,"Grass",1.3764,1.3452,0.0312,NA,"",0.0312,281,"ONAQ230",24,30,"25-05-2025 16:41:11.250 -0600","POINTZ(-112.476426938 40.153480545 1647.793)",40.153480545,-112.476426938,1647.793,0,1.74,2,0.11,0.23,0.94,0.51,0.79,35,30,"L-OTHER","ARTR","N",NA,"N",NA,"N",NA,"CRST",NA,"CANOPY",NA,75,"OTHER","H_DUNG",0,2,0,2,2,"L-GUSA_D-BRTE_L-AGRASS_patch",NA,NA,NA,NA,NA,"Quadrat_photo||Canopy_photo||Litter_collection","ONAQ","S25"
"220",1137,"Ambiguous",8.1419,1.3241,6.8178,NA,"",6.8178,286,"ONAQ230",29,25,"25-05-2025 16:51:28.750 -0600","POINTZ(-112.476433968 40.153436017 1647.741)",40.153436017,-112.476433968,1647.741,0,1.74,2,0.1,0.21,0.99,0.52,0.84,33,29,"L-OTHER","GUSA","D-OTHER","BRTE","N",NA,"N",NA,"CRST",NA,"CANOPY",NA,35,"LT-H",NA,10,15,10,5,10,"L-ARTR_0W_90H_125L_65P","L-GUSA_L-ARTR_patch",NA,NA,NA,NA,"Quadrat_photo||Canopy_photo||Litter_collection","ONAQ","S25"
"221",1137,"Grass",4.1213,3.1126,1.0087,NA,"",1.0087,286,"ONAQ230",29,25,"25-05-2025 16:51:28.750 -0600","POINTZ(-112.476433968 40.153436017 1647.741)",40.153436017,-112.476433968,1647.741,0,1.74,2,0.1,0.21,0.99,0.52,0.84,33,29,"L-OTHER","GUSA","D-OTHER","BRTE","N",NA,"N",NA,"CRST",NA,"CANOPY",NA,35,"LT-H",NA,10,15,10,5,10,"L-ARTR_0W_90H_125L_65P","L-GUSA_L-ARTR_patch",NA,NA,NA,NA,"Quadrat_photo||Canopy_photo||Litter_collection","ONAQ","S25"
"222",1137,"Leaves",1.3489,1.3073,0.0416,NA,"",0.0416,286,"ONAQ230",29,25,"25-05-2025 16:51:28.750 -0600","POINTZ(-112.476433968 40.153436017 1647.741)",40.153436017,-112.476433968,1647.741,0,1.74,2,0.1,0.21,0.99,0.52,0.84,33,29,"L-OTHER","GUSA","D-OTHER","BRTE","N",NA,"N",NA,"CRST",NA,"CANOPY",NA,35,"LT-H",NA,10,15,10,5,10,"L-ARTR_0W_90H_125L_65P","L-GUSA_L-ARTR_patch",NA,NA,NA,NA,"Quadrat_photo||Canopy_photo||Litter_collection","ONAQ","S25"
"223",1137,"ReproductiveParts",1.354,1.3268,0.0272,NA,"",0.0272,286,"ONAQ230",29,25,"25-05-2025 16:51:28.750 -0600","POINTZ(-112.476433968 40.153436017 1647.741)",40.153436017,-112.476433968,1647.741,0,1.74,2,0.1,0.21,0.99,0.52,0.84,33,29,"L-OTHER","GUSA","D-OTHER","BRTE","N",NA,"N",NA,"CRST",NA,"CANOPY",NA,35,"LT-H",NA,10,15,10,5,10,"L-ARTR_0W_90H_125L_65P","L-GUSA_L-ARTR_patch",NA,NA,NA,NA,"Quadrat_photo||Canopy_photo||Litter_collection","ONAQ","S25"
"224",1138,"Ambiguous",2.0239,1.3187,0.7052,NA,"",0.7052,199,"ONAQ215",50,5,"27-05-2025 13:50:54.250 -0700","POINTZ(-112.47107348 40.209150373 1710.072)",40.209150373,-112.47107348,1710.072,0,1.74,2,0.11,0.25,1.02,0.48,0.9,38,30,"N",NA,"N",NA,"N",NA,"N",NA,"GRAVEL",NA,"OPEN",NA,0,"LT-H",NA,5,5,5,1,3,"L-PGRASS_L-FORB_D-FORB_L-BRTE_L-ARTR_patch","D-SHRUB_75NW_45H_90L_75P",NA,NA,NA,NA,"Quadrat_photo||Canopy_photo||Litter_collection","ONAQ","S25"
"225",1138,"Grass",4.4475,3.1209,1.3266,NA,"",1.3266,199,"ONAQ215",50,5,"27-05-2025 13:50:54.250 -0700","POINTZ(-112.47107348 40.209150373 1710.072)",40.209150373,-112.47107348,1710.072,0,1.74,2,0.11,0.25,1.02,0.48,0.9,38,30,"N",NA,"N",NA,"N",NA,"N",NA,"GRAVEL",NA,"OPEN",NA,0,"LT-H",NA,5,5,5,1,3,"L-PGRASS_L-FORB_D-FORB_L-BRTE_L-ARTR_patch","D-SHRUB_75NW_45H_90L_75P",NA,NA,NA,NA,"Quadrat_photo||Canopy_photo||Litter_collection","ONAQ","S25"
"226",1138,"ReproductiveParts",1.3328,1.3157,0.0171,NA,"",0.0171,199,"ONAQ215",50,5,"27-05-2025 13:50:54.250 -0700","POINTZ(-112.47107348 40.209150373 1710.072)",40.209150373,-112.47107348,1710.072,0,1.74,2,0.11,0.25,1.02,0.48,0.9,38,30,"N",NA,"N",NA,"N",NA,"N",NA,"GRAVEL",NA,"OPEN",NA,0,"LT-H",NA,5,5,5,1,3,"L-PGRASS_L-FORB_D-FORB_L-BRTE_L-ARTR_patch","D-SHRUB_75NW_45H_90L_75P",NA,NA,NA,NA,"Quadrat_photo||Canopy_photo||Litter_collection","ONAQ","S25"
"227",1139,"Ambiguous",2.7826,1.3139,1.4687,NA,"",1.4687,311,"ONAQ231",2,50,"27-05-2025 15:23:08.250 -0700","POINTZ(-112.423442623 40.187545847 1586.969)",40.187545847,-112.423442623,1586.969,0,1.74,2,0.11,0.21,0.89,0.51,0.73,36,30,"N",NA,"N",NA,"N",NA,"N",NA,"OTHER","MOSS","CANOPY",NA,0,"H_W",NA,3,2,1,2,2,"L-GUSA_L-PGRASS_patch","L-SHRUB_L-ARTR_patch",NA,NA,NA,"20250527222344.jpg","Quadrat_photo||Canopy_photo||Litter_collection","ONAQ","S25"
"228",1139,"Forbs",3.8714,3.0896,0.7818,NA,"",0.7818,311,"ONAQ231",2,50,"27-05-2025 15:23:08.250 -0700","POINTZ(-112.423442623 40.187545847 1586.969)",40.187545847,-112.423442623,1586.969,0,1.74,2,0.11,0.21,0.89,0.51,0.73,36,30,"N",NA,"N",NA,"N",NA,"N",NA,"OTHER","MOSS","CANOPY",NA,0,"H_W",NA,3,2,1,2,2,"L-GUSA_L-PGRASS_patch","L-SHRUB_L-ARTR_patch",NA,NA,NA,"20250527222344.jpg","Quadrat_photo||Canopy_photo||Litter_collection","ONAQ","S25"
"229",1140,"Leaves",3.2946,3.1505,0.1441,NA,"",0.1441,316,"ONAQ231",7,45,"27-05-2025 15:32:14.750 -0700","POINTZ(-112.423443508 40.18750119 1586.999)",40.18750119,-112.423443508,1586.999,0,1.74,2,0.12,0.23,0.97,0.54,0.81,36,27,"L-OTHER","ARTR","N",NA,"N",NA,"N",NA,"SOIL",NA,"CANOPY",NA,85,"H_W",NA,2,4,0,0,3,"L-GUSA_L-PGRASS_L-FORB_patch","L-ATCO_25SW_40H_75L_70P","L-ARTR_35W_35H_80L_55P","L-ARTR_85SW_40H_50L_30P","D-SHRUB_75W",NA,"Quadrat_photo||Canopy_photo||Litter_collection","ONAQ","S25"
"230",1141,"Ambiguous",2.5663,1.3074,1.2589,NA,"",1.2589,321,"ONAQ231",13,40,"27-05-2025 15:37:40.500 -0700","POINTZ(-112.423439318 40.187454985 1586.63)",40.187454985,-112.423439318,1586.63,0,1.74,2,0.11,0.22,0.93,0.52,0.77,36,28,"L-OTHER","GUSA","N",NA,"N",NA,"N",NA,"SOIL",NA,"CANOPY",NA,30,"H_W",NA,4,2,1,0,2,"L-ACHY_L-GUSA_patch","D-SHRUB_55E_45H_40L_35P","L-SHRUB_95SE_55H_95L_70P",NA,NA,"20250527223806.jpg","Quadrat_photo||Canopy_photo||Litter_collection","ONAQ","S25"
"231",1141,"Leaves",1.4841,1.3406,0.1435,NA,"",0.1435,321,"ONAQ231",13,40,"27-05-2025 15:37:40.500 -0700","POINTZ(-112.423439318 40.187454985 1586.63)",40.187454985,-112.423439318,1586.63,0,1.74,2,0.11,0.22,0.93,0.52,0.77,36,28,"L-OTHER","GUSA","N",NA,"N",NA,"N",NA,"SOIL",NA,"CANOPY",NA,30,"H_W",NA,4,2,1,0,2,"L-ACHY_L-GUSA_patch","D-SHRUB_55E_45H_40L_35P","L-SHRUB_95SE_55H_95L_70P",NA,NA,"20250527223806.jpg","Quadrat_photo||Canopy_photo||Litter_collection","ONAQ","S25"
"232",1141,"ReproductiveParts",1.3483,1.328,0.0203,NA,"",0.0203,321,"ONAQ231",13,40,"27-05-2025 15:37:40.500 -0700","POINTZ(-112.423439318 40.187454985 1586.63)",40.187454985,-112.423439318,1586.63,0,1.74,2,0.11,0.22,0.93,0.52,0.77,36,28,"L-OTHER","GUSA","N",NA,"N",NA,"N",NA,"SOIL",NA,"CANOPY",NA,30,"H_W",NA,4,2,1,0,2,"L-ACHY_L-GUSA_patch","D-SHRUB_55E_45H_40L_35P","L-SHRUB_95SE_55H_95L_70P",NA,NA,"20250527223806.jpg","Quadrat_photo||Canopy_photo||Litter_collection","ONAQ","S25"
"233",1144,"Forbs",1.3776,1.3076,0.07,NA,"",0.07,341,"ONAQ231",34,20,"27-05-2025 16:06:15.000 -0700","POINTZ(-112.423426945 40.187273668 1585.851)",40.187273668,-112.423426945,1585.851,0,1.74,2,0.11,0.24,1.08,0.57,0.91,32,26,"N",NA,"N",NA,"N",NA,"N",NA,"GRAVEL",NA,"OPEN",NA,0,"H_W",NA,1,0,0,0,0,"L-GUSA_L-SUBS_patch","D-SHRUB_15E","L-SHRUB_70NE_40H_70L_50P","D-SHRUB_40N","L-ARTR_45SW_50H_75L_70P",NA,"Quadrat_photo||Canopy_photo||Litter_collection","ONAQ","S25"
"234",1144,"Leaves",1.3705,1.3185,0.052,NA,"",0.052,341,"ONAQ231",34,20,"27-05-2025 16:06:15.000 -0700","POINTZ(-112.423426945 40.187273668 1585.851)",40.187273668,-112.423426945,1585.851,0,1.74,2,0.11,0.24,1.08,0.57,0.91,32,26,"N",NA,"N",NA,"N",NA,"N",NA,"GRAVEL",NA,"OPEN",NA,0,"H_W",NA,1,0,0,0,0,"L-GUSA_L-SUBS_patch","D-SHRUB_15E","L-SHRUB_70NE_40H_70L_50P","D-SHRUB_40N","L-ARTR_45SW_50H_75L_70P",NA,"Quadrat_photo||Canopy_photo||Litter_collection","ONAQ","S25"
"235",1146,"Ambiguous",1.4159,1.2371,0.1788,NA,"",0.1788,77,"ONAQ209",50,5,"26-05-2025 11:39:09.000 -0600","POINTZ(-112.427614112 40.203707917 1587.378)",40.203707917,-112.427614112,1587.378,0,1.74,2,0.1,0.23,1.03,0.53,0.88,39,28,"N",NA,"N",NA,"N",NA,"N",NA,"SOIL",NA,"OPEN",NA,0,"OTHER","H_W_DUNG",1,0,0,2,0,"L-PGRASS_L-SUBS_patch","L-SHRUB_10SW_45H_105L_80P","L-SHRUB_45E_55H_85L_75P","L-ATCO_90NW_25H_40L_35P",NA,NA,"Quadrat_photo||Canopy_photo||Litter_collection","ONAQ","S25"
"236",1146,"Grass",1.3939,1.243,0.1509,NA,"",0.1509,77,"ONAQ209",50,5,"26-05-2025 11:39:09.000 -0600","POINTZ(-112.427614112 40.203707917 1587.378)",40.203707917,-112.427614112,1587.378,0,1.74,2,0.1,0.23,1.03,0.53,0.88,39,28,"N",NA,"N",NA,"N",NA,"N",NA,"SOIL",NA,"OPEN",NA,0,"OTHER","H_W_DUNG",1,0,0,2,0,"L-PGRASS_L-SUBS_patch","L-SHRUB_10SW_45H_105L_80P","L-SHRUB_45E_55H_85L_75P","L-ATCO_90NW_25H_40L_35P",NA,NA,"Quadrat_photo||Canopy_photo||Litter_collection","ONAQ","S25"
"237",1147,"Grass",3.0916,2.8245,0.2671,NA,"",0.2671,72,"ONAQ209",45,10,"26-05-2025 11:32:01.250 -0600","POINTZ(-112.427616567 40.203750643 1588.269)",40.203750643,-112.427616567,1588.269,0,1.74,2,0.11,0.23,0.95,0.51,0.79,38,30,"N",NA,"N",NA,"N",NA,"N",NA,"SOIL",NA,"OPEN",NA,0,"H_W",NA,1,2,3,0,4,"L-BRTE_D-BRTE_patch",NA,NA,NA,NA,NA,"Quadrat_photo||Canopy_photo||Litter_collection","ONAQ","S25"
"238",1148,"Ambiguous",2.1941,1.3342,0.8599,NA,"",0.8599,296,"ONAQ230",41,15,"25-05-2025 17:07:39.250 -0600","POINTZ(-112.476435248 40.153343915 1647.61)",40.153343915,-112.476435248,1647.61,0,1.74,2,0.1,0.24,1.08,0.54,0.94,33,28,"D-FORB",NA,"N",NA,"N",NA,"N",NA,"SOIL",NA,"OPEN",NA,10,"LT-H",NA,0,1,1,1,1,"L-PGRASS_D-FORB_patch","L-ARTR_40E_45H_145L_70P","L-ATCO_60NE_45H_95L_60P",NA,NA,NA,"Quadrat_photo||Canopy_photo||Litter_collection","ONAQ","S25"
"239",1148,"Forbs",1.5893,1.3267,0.2626,NA,"",0.2626,296,"ONAQ230",41,15,"25-05-2025 17:07:39.250 -0600","POINTZ(-112.476435248 40.153343915 1647.61)",40.153343915,-112.476435248,1647.61,0,1.74,2,0.1,0.24,1.08,0.54,0.94,33,28,"D-FORB",NA,"N",NA,"N",NA,"N",NA,"SOIL",NA,"OPEN",NA,10,"LT-H",NA,0,1,1,1,1,"L-PGRASS_D-FORB_patch","L-ARTR_40E_45H_145L_70P","L-ATCO_60NE_45H_95L_60P",NA,NA,NA,"Quadrat_photo||Canopy_photo||Litter_collection","ONAQ","S25"
"240",1148,"Grass",1.5473,1.3288,0.2185,NA,"",0.2185,296,"ONAQ230",41,15,"25-05-2025 17:07:39.250 -0600","POINTZ(-112.476435248 40.153343915 1647.61)",40.153343915,-112.476435248,1647.61,0,1.74,2,0.1,0.24,1.08,0.54,0.94,33,28,"D-FORB",NA,"N",NA,"N",NA,"N",NA,"SOIL",NA,"OPEN",NA,10,"LT-H",NA,0,1,1,1,1,"L-PGRASS_D-FORB_patch","L-ARTR_40E_45H_145L_70P","L-ATCO_60NE_45H_95L_60P",NA,NA,NA,"Quadrat_photo||Canopy_photo||Litter_collection","ONAQ","S25"
"241",1148,"ReproductiveParts",1.3867,1.3457,0.041,NA,"",0.041,296,"ONAQ230",41,15,"25-05-2025 17:07:39.250 -0600","POINTZ(-112.476435248 40.153343915 1647.61)",40.153343915,-112.476435248,1647.61,0,1.74,2,0.1,0.24,1.08,0.54,0.94,33,28,"D-FORB",NA,"N",NA,"N",NA,"N",NA,"SOIL",NA,"OPEN",NA,10,"LT-H",NA,0,1,1,1,1,"L-PGRASS_D-FORB_patch","L-ARTR_40E_45H_145L_70P","L-ATCO_60NE_45H_95L_60P",NA,NA,NA,"Quadrat_photo||Canopy_photo||Litter_collection","ONAQ","S25"
"242",1150,"Grass",3.2115,2.8248,0.3867,NA,"",0.3867,62,"ONAQ209",35,20,"26-05-2025 10:48:13.750 -0600","POINTZ(-112.427623177 40.203841963 1589.259)",40.203841963,-112.427623177,1589.259,0,1.74,2,0.097,0.19,0.87,0.5,0.71,37,31,"L-SHRUB",NA,"D-OTHER","BRTE","N",NA,"N",NA,"SOIL",NA,"CANOPY",NA,35,"H_W",NA,10,15,10,5,10,"D-BRTE_L-SUBS_L-ACHY_patch","L-ATCO_5E_40H_70L_35P","L-SHRUB_85NE_50H_55L_50P","L-ARTR_75N_55H_85L_85P",NA,NA,"Quadrat_photo||Canopy_photo||Litter_collection","ONAQ","S25"
"243",1150,"ReproductiveParts",1.3684,1.229,0.1394,NA,"",0.1394,62,"ONAQ209",35,20,"26-05-2025 10:48:13.750 -0600","POINTZ(-112.427623177 40.203841963 1589.259)",40.203841963,-112.427623177,1589.259,0,1.74,2,0.097,0.19,0.87,0.5,0.71,37,31,"L-SHRUB",NA,"D-OTHER","BRTE","N",NA,"N",NA,"SOIL",NA,"CANOPY",NA,35,"H_W",NA,10,15,10,5,10,"D-BRTE_L-SUBS_L-ACHY_patch","L-ATCO_5E_40H_70L_35P","L-SHRUB_85NE_50H_55L_50P","L-ARTR_75N_55H_85L_85P",NA,NA,"Quadrat_photo||Canopy_photo||Litter_collection","ONAQ","S25"
"244",1151,"Grass",1.3276,1.3133,0.0143,NA,"",0.0143,52,"ONAQ209",25,30,"26-05-2025 10:32:31.750 -0600","POINTZ(-112.42763222 40.203930708 1588.64)",40.203930708,-112.42763222,1588.64,0,1.74,2,0.1,0.2,0.9,0.51,0.73,36,30,"N",NA,"N",NA,"N",NA,"N",NA,"SOIL",NA,"OPEN",NA,0,"LT-H",NA,0,0,0,0,0,"L-SUBS_L-ACHY_patch","D-SHRUB_45W_50H_80L_80P","L-SHRUB_85NE_40H_55L_35P",NA,NA,NA,"Quadrat_photo||Canopy_photo||Litter_collection","ONAQ","S25"
"245",1152,"Forbs",1.3389,1.2567,0.0822,0.0095,"1 forb",0.0822,47,"ONAQ209",20,35,"26-05-2025 10:25:48.500 -0600","POINTZ(-112.427634903 40.203973892 1588.66)",40.203973892,-112.427634903,1588.66,0,1.74,2,0.095,0.19,0.91,0.52,0.74,36,29,"N",NA,"N",NA,"N",NA,"N",NA,"SOIL",NA,"CANOPY",NA,0,"H_W_B",NA,3,0,3,4,4,"L-SUBS_D-BRTE_patch","L-SHRUB_20SW_55H_80L_60P","D-ARTR_5NW_55H_130L_90P","L-ARTR_35NE_30H_30L_20P","L-ARTR_65N_110H_165L_100P",NA,"Quadrat_photo||Canopy_photo||Litter_collection","ONAQ","S25"
"246",1152,"Grass",2.6152,1.2541,1.3611,NA,"",1.3611,47,"ONAQ209",20,35,"26-05-2025 10:25:48.500 -0600","POINTZ(-112.427634903 40.203973892 1588.66)",40.203973892,-112.427634903,1588.66,0,1.74,2,0.095,0.19,0.91,0.52,0.74,36,29,"N",NA,"N",NA,"N",NA,"N",NA,"SOIL",NA,"CANOPY",NA,0,"H_W_B",NA,3,0,3,4,4,"L-SUBS_D-BRTE_patch","L-SHRUB_20SW_55H_80L_60P","D-ARTR_5NW_55H_130L_90P","L-ARTR_35NE_30H_30L_20P","L-ARTR_65N_110H_165L_100P",NA,"Quadrat_photo||Canopy_photo||Litter_collection","ONAQ","S25"
"247",1153,"Ambiguous",1.4001,1.2677,0.1324,NA,"",0.1324,42,"ONAQ209",14,40,"26-05-2025 10:16:51.000 -0600","POINTZ(-112.4276409 40.204017702 1588.932)",40.204017702,-112.4276409,1588.932,0,1.74,2,0.099,0.21,1.02,0.56,0.85,36,27,"D-SUBS",NA,"N",NA,"N",NA,"N",NA,"SOIL",NA,"CANOPY",NA,5,"H_W_B",NA,2,1,1,1,1,"L-SUBS_L-ACHY_patch","L-SHRUB_10E_50H_80L_60P","L-SHRUB_30S_35H_50L_40P",NA,NA,NA,"Quadrat_photo||Canopy_photo||Litter_collection","ONAQ","S25"
"248",1153,"Grass",1.4179,1.2563,0.1616,NA,"",0.1616,42,"ONAQ209",14,40,"26-05-2025 10:16:51.000 -0600","POINTZ(-112.4276409 40.204017702 1588.932)",40.204017702,-112.4276409,1588.932,0,1.74,2,0.099,0.21,1.02,0.56,0.85,36,27,"D-SUBS",NA,"N",NA,"N",NA,"N",NA,"SOIL",NA,"CANOPY",NA,5,"H_W_B",NA,2,1,1,1,1,"L-SUBS_L-ACHY_patch","L-SHRUB_10E_50H_80L_60P","L-SHRUB_30S_35H_50L_40P",NA,NA,NA,"Quadrat_photo||Canopy_photo||Litter_collection","ONAQ","S25"
"249",1155,"Ambiguous",2.908,1.3211,1.5869,NA,"",1.5869,549,"ONAQ242",12,40,"27-05-2025 09:55:39.250 -0700","POINTZ(-112.470164485 40.196071377 1690.604)",40.196071377,-112.470164485,1690.604,0,1.74,2,0.1,0.19,0.98,0.53,0.82,36,28,"D-OTHER","BRTE","N",NA,"N",NA,"N",NA,"OTHER","MOSS","WOOD",NA,1,"H_W_B",NA,4,10,3,1,1,"B-BRTE_L-BRTE_L-PGRASS_L-FORB_D-FORB_D-ARTR_patch","L-ARTR_49NE_65H_110L_70P","L-ARTR_65E_40H_75L_45P",NA,NA,NA,"Quadrat_photo||Canopy_photo||Litter_collection","ONAQ","S25"
"250",1155,"Forbs",1.4908,1.3137,0.1771,NA,"",0.1771,549,"ONAQ242",12,40,"27-05-2025 09:55:39.250 -0700","POINTZ(-112.470164485 40.196071377 1690.604)",40.196071377,-112.470164485,1690.604,0,1.74,2,0.1,0.19,0.98,0.53,0.82,36,28,"D-OTHER","BRTE","N",NA,"N",NA,"N",NA,"OTHER","MOSS","WOOD",NA,1,"H_W_B",NA,4,10,3,1,1,"B-BRTE_L-BRTE_L-PGRASS_L-FORB_D-FORB_D-ARTR_patch","L-ARTR_49NE_65H_110L_70P","L-ARTR_65E_40H_75L_45P",NA,NA,NA,"Quadrat_photo||Canopy_photo||Litter_collection","ONAQ","S25"
"251",1155,"Grass",3.4162,3.059,0.3572,NA,"",0.3572,549,"ONAQ242",12,40,"27-05-2025 09:55:39.250 -0700","POINTZ(-112.470164485 40.196071377 1690.604)",40.196071377,-112.470164485,1690.604,0,1.74,2,0.1,0.19,0.98,0.53,0.82,36,28,"D-OTHER","BRTE","N",NA,"N",NA,"N",NA,"OTHER","MOSS","WOOD",NA,1,"H_W_B",NA,4,10,3,1,1,"B-BRTE_L-BRTE_L-PGRASS_L-FORB_D-FORB_D-ARTR_patch","L-ARTR_49NE_65H_110L_70P","L-ARTR_65E_40H_75L_45P",NA,NA,NA,"Quadrat_photo||Canopy_photo||Litter_collection","ONAQ","S25"
"252",1155,"ReproductiveParts",1.3584,1.3274,0.031,NA,"",0.031,549,"ONAQ242",12,40,"27-05-2025 09:55:39.250 -0700","POINTZ(-112.470164485 40.196071377 1690.604)",40.196071377,-112.470164485,1690.604,0,1.74,2,0.1,0.19,0.98,0.53,0.82,36,28,"D-OTHER","BRTE","N",NA,"N",NA,"N",NA,"OTHER","MOSS","WOOD",NA,1,"H_W_B",NA,4,10,3,1,1,"B-BRTE_L-BRTE_L-PGRASS_L-FORB_D-FORB_D-ARTR_patch","L-ARTR_49NE_65H_110L_70P","L-ARTR_65E_40H_75L_45P",NA,NA,NA,"Quadrat_photo||Canopy_photo||Litter_collection","ONAQ","S25"
"253",1156,"Ambiguous",2.1492,1.3242,0.825,NA,"",0.825,554,"ONAQ242",17,35,"27-05-2025 10:05:20.250 -0700","POINTZ(-112.470164998 40.196025533 1690.77)",40.196025533,-112.470164998,1690.77,0,1.74,2,0.1,0.21,0.93,0.51,0.77,36,29,"N",NA,"N",NA,"N",NA,"N",NA,"CRST",NA,"OPEN",NA,0,"OTHER","H_DUNG",0,2,3,0,2,"L-PGRASS_D-FORB_L-FORB_D-ARTR_D-BRTE_patch","L-ARTR_35E_75H_75L_70P","L-ARTR_80SE_75H_100L_70P",NA,NA,"20250527170620.jpg","Quadrat_photo||Canopy_photo||Litter_collection","ONAQ","S25"
"254",1156,"ReproductiveParts",1.3557,1.3243,0.0314,NA,"",0.0314,554,"ONAQ242",17,35,"27-05-2025 10:05:20.250 -0700","POINTZ(-112.470164998 40.196025533 1690.77)",40.196025533,-112.470164998,1690.77,0,1.74,2,0.1,0.21,0.93,0.51,0.77,36,29,"N",NA,"N",NA,"N",NA,"N",NA,"CRST",NA,"OPEN",NA,0,"OTHER","H_DUNG",0,2,3,0,2,"L-PGRASS_D-FORB_L-FORB_D-ARTR_D-BRTE_patch","L-ARTR_35E_75H_75L_70P","L-ARTR_80SE_75H_100L_70P",NA,NA,"20250527170620.jpg","Quadrat_photo||Canopy_photo||Litter_collection","ONAQ","S25"
"255",1157,"Grass",1.5214,1.2413,0.2801,NA,"",0.2801,691,"ONAQ250",44,10,"27-05-2025 08:22:46.000 -0700","POINTZ(-112.488839133 40.188013292 1757.145)",40.188013292,-112.488839133,1757.145,0,1.74,2,0.1,0.22,0.91,0.52,0.75,38,29,"N",NA,"N",NA,"N",NA,"N",NA,"GRAVEL",NA,"OPEN",NA,0,"H_W_B",NA,1,0,1,2,0,"L-PGRASS_L-SUBS_patch","L-ARTR_95NW_35H_75L_35P",NA,NA,NA,NA,"Quadrat_photo||Canopy_photo||Litter_collection","ONAQ","S25"
"256",1158,"Grass",1.3696,1.3391,0.0305,NA,"",0.0305,686,"ONAQ250",37,15,"27-05-2025 08:16:38.750 -0700","POINTZ(-112.488837697 40.188058927 1756.857)",40.188058927,-112.488837697,1756.857,0,1.74,2,0.098,0.21,0.9,0.51,0.74,38,29,"N",NA,"N",NA,"N",NA,"N",NA,"GRAVEL",NA,"OPEN",NA,0,"H_W",NA,1,0,0,0,1,"L-PGRASS_L-ARTR_patch",NA,NA,NA,NA,NA,"Quadrat_photo||Canopy_photo||Litter_collection","ONAQ","S25"
"257",1159,"Grass",1.6639,1.3239,0.34,NA,"resorted and reweighed 15-Jun-2026",0.34,676,"ONAQ250",26,25,"27-05-2025 07:59:53.500 -0700","POINTZ(-112.488843232 40.188150012 1756.204)",40.188150012,-112.488843232,1756.204,0,1.74,2,0.099,0.22,1.02,0.54,0.87,35,28,"L-PGRASS",NA,"N",NA,"N",NA,"N",NA,"GRAVEL",NA,"CANOPY",NA,35,"H_W",NA,2,1,1,3,1,"L-PGRASS_L-SUBS_L-FORB_patch","L-ARTR_35SE_45H_45L_40P",NA,NA,NA,NA,"Quadrat_photo||Canopy_photo||Litter_collection","ONAQ","S25"
"258",1161,"Grass",1.4855,1.3441,0.1414,NA,"resorted and reweighed 15-Jun-2026",0.1414,661,"ONAQ250",11,40,"27-05-2025 07:41:15.250 -0700","POINTZ(-112.488846847 40.188283983 1755.069)",40.188283983,-112.488846847,1755.069,0,1.74,2,0.1,0.22,0.98,0.52,0.83,34,29,"N",NA,"N",NA,"N",NA,"N",NA,"GRAVEL",NA,"OPEN",NA,0,"H_W_B",NA,1,0,1,1,1,"L-PGRASS_L-FORB_patch","L-ARTR_70SE_40H_70L_55P",NA,NA,NA,NA,"Quadrat_photo||Canopy_photo||Litter_collection","ONAQ","S25"
"259",1161,"ReproductiveParts",1.3635,1.3326,0.0309,NA,"",0.0309,661,"ONAQ250",11,40,"27-05-2025 07:41:15.250 -0700","POINTZ(-112.488846847 40.188283983 1755.069)",40.188283983,-112.488846847,1755.069,0,1.74,2,0.1,0.22,0.98,0.52,0.83,34,29,"N",NA,"N",NA,"N",NA,"N",NA,"GRAVEL",NA,"OPEN",NA,0,"H_W_B",NA,1,0,1,1,1,"L-PGRASS_L-FORB_patch","L-ARTR_70SE_40H_70L_55P",NA,NA,NA,NA,"Quadrat_photo||Canopy_photo||Litter_collection","ONAQ","S25"
"260",1162,"ReproductiveParts",1.354,1.3215,0.0325,NA,"",0.0325,651,"ONAQ250",1,50,"27-05-2025 07:26:42.750 -0700","POINTZ(-112.488848255 40.188374308 1754.395)",40.188374308,-112.488848255,1754.395,0,1.74,2,0.1,0.24,1.05,0.54,0.9,36,28,"N",NA,"N",NA,"N",NA,"N",NA,"GRAVEL",NA,"WOOD",NA,0,"H_W_B",NA,0,1,1,1,1,"L-PGRASS_L-FORB_patch","L-ARTR_60NE_40H_65L_60P","L-ARTR_40N_30H_50L_45P","L-ARTR_25NW_30H_70L_55P","L-ARTR_90W_45H_100L_80P",NA,"Quadrat_photo||Canopy_photo||Litter_collection","ONAQ","S25"
"261",1163,"Ambiguous",1.8352,1.3117,0.5235,NA,"",0.5235,656,"ONAQ250",6,45,"27-05-2025 07:34:56.250 -0700","POINTZ(-112.488848855 40.188329412 1754.825)",40.188329412,-112.488848855,1754.825,0,1.74,2,0.1,0.23,1.04,0.54,0.89,33,28,"N",NA,"N",NA,"N",NA,"N",NA,"SOIL",NA,"OPEN",NA,0,"H_W_B",NA,2,1,3,0,3,"L-PGRASS_L-FORB_patch","L-ARTR_80SE_30H_55L_35P",NA,NA,NA,NA,"Quadrat_photo||Canopy_photo||Litter_collection","ONAQ","S25"
"262",1163,"Grass",3.7752,3.1161,0.6591,NA,"resorted and reweighed 15-Jun-2026",0.6591,656,"ONAQ250",6,45,"27-05-2025 07:34:56.250 -0700","POINTZ(-112.488848855 40.188329412 1754.825)",40.188329412,-112.488848855,1754.825,0,1.74,2,0.1,0.23,1.04,0.54,0.89,33,28,"N",NA,"N",NA,"N",NA,"N",NA,"SOIL",NA,"OPEN",NA,0,"H_W_B",NA,2,1,3,0,3,"L-PGRASS_L-FORB_patch","L-ARTR_80SE_30H_55L_35P",NA,NA,NA,NA,"Quadrat_photo||Canopy_photo||Litter_collection","ONAQ","S25"
"263",1163,"Leaves",1.4826,1.315,0.1676,NA,"resorted and reweighed 15-Jun-2026",0.1676,656,"ONAQ250",6,45,"27-05-2025 07:34:56.250 -0700","POINTZ(-112.488848855 40.188329412 1754.825)",40.188329412,-112.488848855,1754.825,0,1.74,2,0.1,0.23,1.04,0.54,0.89,33,28,"N",NA,"N",NA,"N",NA,"N",NA,"SOIL",NA,"OPEN",NA,0,"H_W_B",NA,2,1,3,0,3,"L-PGRASS_L-FORB_patch","L-ARTR_80SE_30H_55L_35P",NA,NA,NA,NA,"Quadrat_photo||Canopy_photo||Litter_collection","ONAQ","S25"
"264",1167,"Ambiguous",2.5809,1.3278,1.2531,NA,"",1.2531,356,"ONAQ231",52,5,"27-05-2025 16:24:21.250 -0700","POINTZ(-112.42341861 40.187139373 1584.587)",40.187139373,-112.42341861,1584.587,0,1.74,2,0.11,0.26,1.18,0.62,1.01,34,24,"L-OTHER","ARTR","D-OTHER","BRTE","N",NA,"N",NA,"SOIL",NA,"CANOPY",NA,50,"H_W",NA,4,10,8,3,3,"L-GUSA_L-ATCO_L-ARTR_L-SHRUB_D-BRTE_patch",NA,NA,NA,NA,"20250527232446.jpg","Quadrat_photo||Canopy_photo||Litter_collection","ONAQ","S25"
"265",1167,"Leaves",1.4311,1.3036,0.1275,NA,"",0.1275,356,"ONAQ231",52,5,"27-05-2025 16:24:21.250 -0700","POINTZ(-112.42341861 40.187139373 1584.587)",40.187139373,-112.42341861,1584.587,0,1.74,2,0.11,0.26,1.18,0.62,1.01,34,24,"L-OTHER","ARTR","D-OTHER","BRTE","N",NA,"N",NA,"SOIL",NA,"CANOPY",NA,50,"H_W",NA,4,10,8,3,3,"L-GUSA_L-ATCO_L-ARTR_L-SHRUB_D-BRTE_patch",NA,NA,NA,NA,"20250527232446.jpg","Quadrat_photo||Canopy_photo||Litter_collection","ONAQ","S25"
"266",1168,"Ambiguous",1.9616,1.3356,0.626,NA,"",0.626,351,"ONAQ231",45,10,"27-05-2025 16:18:04.750 -0700","POINTZ(-112.423426078 40.187185645 1584.582)",40.187185645,-112.423426078,1584.582,0,1.74,2,0.11,0.26,1.08,0.59,0.9,31,26,"D-OTHER","BRTE","N",NA,"N",NA,"N",NA,"GRAVEL",NA,"OPEN",NA,10,"LT-H",NA,2,1,2,0,0,"L-BRTE_D-BRTE_patch","L-ATCO_30NE_50H_100L_95P",NA,NA,NA,NA,"Quadrat_photo||Canopy_photo||Litter_collection","ONAQ","S25"
"267",1168,"Grass",1.5356,1.3191,0.2165,NA,"",0.2165,351,"ONAQ231",45,10,"27-05-2025 16:18:04.750 -0700","POINTZ(-112.423426078 40.187185645 1584.582)",40.187185645,-112.423426078,1584.582,0,1.74,2,0.11,0.26,1.08,0.59,0.9,31,26,"D-OTHER","BRTE","N",NA,"N",NA,"N",NA,"GRAVEL",NA,"OPEN",NA,10,"LT-H",NA,2,1,2,0,0,"L-BRTE_D-BRTE_patch","L-ATCO_30NE_50H_100L_95P",NA,NA,NA,NA,"Quadrat_photo||Canopy_photo||Litter_collection","ONAQ","S25"
"268",1170,"ReproductiveParts",1.3409,1.3168,0.0241,NA,"",0.0241,336,"ONAQ231",29,25,"27-05-2025 16:00:06.500 -0700","POINTZ(-112.423431887 40.18732078 1586.481)",40.18732078,-112.423431887,1586.481,0,1.74,2,0.1,0.22,1,0.55,0.83,32,27,"N",NA,"N",NA,"N",NA,"N",NA,"GRAVEL",NA,"OPEN",NA,0,"H_W_B",NA,0,0,0,1,2,"L-ACHY_L-GUSA_patch","D-SHRUB_15E","L-ATCO_70E_40H_70L_60P","D-SHRUB_10W","L-ARTR_65NW_35H_35L_30P",NA,"Quadrat_photo||Canopy_photo||Litter_collection","ONAQ","S25"
"269",1171,"Forbs",1.3674,1.3219,0.0455,NA,"",0.0455,696,"ONAQ250",49,5,"27-05-2025 08:30:05.000 -0700","POINTZ(-112.4888339 40.187970073 1757.607)",40.187970073,-112.4888339,1757.607,0,1.74,2,0.098,0.2,0.86,0.5,0.7,39,30,"L-PGRASS",NA,"N",NA,"N",NA,"N",NA,"SOIL",NA,"OPEN",NA,20,"LT-H",NA,2,0,1,1,1,"L-PGRASS_patch",NA,NA,NA,NA,NA,"Quadrat_photo||Canopy_photo||Litter_collection","ONAQ","S25"
"270",1171,"Grass",1.6028,1.3217,0.2811,NA,"",0.2811,696,"ONAQ250",49,5,"27-05-2025 08:30:05.000 -0700","POINTZ(-112.4888339 40.187970073 1757.607)",40.187970073,-112.4888339,1757.607,0,1.74,2,0.098,0.2,0.86,0.5,0.7,39,30,"L-PGRASS",NA,"N",NA,"N",NA,"N",NA,"SOIL",NA,"OPEN",NA,20,"LT-H",NA,2,0,1,1,1,"L-PGRASS_patch",NA,NA,NA,NA,NA,"Quadrat_photo||Canopy_photo||Litter_collection","ONAQ","S25"
"271",1172,"Grass",1.4585,1.3102,0.1483,NA,"",0.1483,671,"ONAQ250",21,30,"27-05-2025 07:53:45.000 -0700","POINTZ(-112.488845462 40.188194138 1756.025)",40.188194138,-112.488845462,1756.025,0,1.74,2,0.097,0.22,1.03,0.53,0.88,36,28,"L-PGRASS",NA,"N",NA,"N",NA,"N",NA,"SOIL",NA,"CANOPY",NA,25,"H_W_B",NA,1,1,1,0,0,"L-PGRASS_L-FORB_patch",NA,NA,NA,NA,NA,"Quadrat_photo||Canopy_photo||Litter_collection","ONAQ","S25"
"272",1173,"Ambiguous",9.1022,3.1678,5.9344,NA,"resieved and reweighed 03-Jun-2026",5.9344,539,"ONAQ242",1,50,"27-05-2025 09:35:09.250 -0700","POINTZ(-112.470170227 40.196162643 1690.88)",40.196162643,-112.470170227,1690.88,0,1.74,2,0.11,0.2,0.96,0.53,0.8,35,28,"L-OTHER","ARTR","L-PGRASS",NA,"D-OTHER","BRTE","D-FORB",NA,"SOIL",NA,"CANOPY",NA,75,"H_W_B",NA,5,4,3,4,3,"L-PGRASS_D-BRTE_L-FORB_patch","L-ARTR_30SE_85H_140L_100P","L-ARTR_80NW_60H_75L_80P",NA,NA,NA,"Quadrat_photo||Canopy_photo||Litter_collection","ONAQ","S25"
"273",1173,"Leaves",2.0515,1.3108,0.7407,NA,"",0.7407,539,"ONAQ242",1,50,"27-05-2025 09:35:09.250 -0700","POINTZ(-112.470170227 40.196162643 1690.88)",40.196162643,-112.470170227,1690.88,0,1.74,2,0.11,0.2,0.96,0.53,0.8,35,28,"L-OTHER","ARTR","L-PGRASS",NA,"D-OTHER","BRTE","D-FORB",NA,"SOIL",NA,"CANOPY",NA,75,"H_W_B",NA,5,4,3,4,3,"L-PGRASS_D-BRTE_L-FORB_patch","L-ARTR_30SE_85H_140L_100P","L-ARTR_80NW_60H_75L_80P",NA,NA,NA,"Quadrat_photo||Canopy_photo||Litter_collection","ONAQ","S25"
"274",1173,"ReproductiveParts",1.3338,1.3177,0.0161,NA,"",0.0161,539,"ONAQ242",1,50,"27-05-2025 09:35:09.250 -0700","POINTZ(-112.470170227 40.196162643 1690.88)",40.196162643,-112.470170227,1690.88,0,1.74,2,0.11,0.2,0.96,0.53,0.8,35,28,"L-OTHER","ARTR","L-PGRASS",NA,"D-OTHER","BRTE","D-FORB",NA,"SOIL",NA,"CANOPY",NA,75,"H_W_B",NA,5,4,3,4,3,"L-PGRASS_D-BRTE_L-FORB_patch","L-ARTR_30SE_85H_140L_100P","L-ARTR_80NW_60H_75L_80P",NA,NA,NA,"Quadrat_photo||Canopy_photo||Litter_collection","ONAQ","S25"
"275",1174,"Ambiguous",1.5555,1.3234,0.2321,NA,"",0.2321,544,"ONAQ242",7,45,"27-05-2025 09:45:34.500 -0700","POINTZ(-112.470169083 40.196115355 1690.908)",40.196115355,-112.470169083,1690.908,0,1.74,2,0.1,0.19,0.97,0.53,0.81,36,29,"L-PGRASS",NA,"N",NA,"N",NA,"N",NA,"OTHER","MOSS","OPEN",NA,20,"LT-H",NA,3,1,4,1,1,"L-PGRASS_D-FORB_D-BRTE_ D-PGRASS_D-ARTR_patch","L-ARTR_35W_80H_165L_90P","L-ARTR_NW_20NW_25H_55L_20P","L-ARTR_70SE_90H_100L_60P",NA,NA,"Quadrat_photo||Canopy_photo||Litter_collection","ONAQ","S25"
"276",1174,"Forbs",1.3789,1.3167,0.0622,NA,"",0.0622,544,"ONAQ242",7,45,"27-05-2025 09:45:34.500 -0700","POINTZ(-112.470169083 40.196115355 1690.908)",40.196115355,-112.470169083,1690.908,0,1.74,2,0.1,0.19,0.97,0.53,0.81,36,29,"L-PGRASS",NA,"N",NA,"N",NA,"N",NA,"OTHER","MOSS","OPEN",NA,20,"LT-H",NA,3,1,4,1,1,"L-PGRASS_D-FORB_D-BRTE_ D-PGRASS_D-ARTR_patch","L-ARTR_35W_80H_165L_90P","L-ARTR_NW_20NW_25H_55L_20P","L-ARTR_70SE_90H_100L_60P",NA,NA,"Quadrat_photo||Canopy_photo||Litter_collection","ONAQ","S25"
"277",1174,"Grass",3.3642,3.062,0.3022,NA,"",0.3022,544,"ONAQ242",7,45,"27-05-2025 09:45:34.500 -0700","POINTZ(-112.470169083 40.196115355 1690.908)",40.196115355,-112.470169083,1690.908,0,1.74,2,0.1,0.19,0.97,0.53,0.81,36,29,"L-PGRASS",NA,"N",NA,"N",NA,"N",NA,"OTHER","MOSS","OPEN",NA,20,"LT-H",NA,3,1,4,1,1,"L-PGRASS_D-FORB_D-BRTE_ D-PGRASS_D-ARTR_patch","L-ARTR_35W_80H_165L_90P","L-ARTR_NW_20NW_25H_55L_20P","L-ARTR_70SE_90H_100L_60P",NA,NA,"Quadrat_photo||Canopy_photo||Litter_collection","ONAQ","S25"
"278",1174,"Leaves",1.3673,1.3201,0.0472,NA,"",0.0472,544,"ONAQ242",7,45,"27-05-2025 09:45:34.500 -0700","POINTZ(-112.470169083 40.196115355 1690.908)",40.196115355,-112.470169083,1690.908,0,1.74,2,0.1,0.19,0.97,0.53,0.81,36,29,"L-PGRASS",NA,"N",NA,"N",NA,"N",NA,"OTHER","MOSS","OPEN",NA,20,"LT-H",NA,3,1,4,1,1,"L-PGRASS_D-FORB_D-BRTE_ D-PGRASS_D-ARTR_patch","L-ARTR_35W_80H_165L_90P","L-ARTR_NW_20NW_25H_55L_20P","L-ARTR_70SE_90H_100L_60P",NA,NA,"Quadrat_photo||Canopy_photo||Litter_collection","ONAQ","S25"
"279",1175,"Ambiguous",4.1408,1.3201,2.8207,NA,"resieved and reweighed 03-Jun-2026",2.8207,559,"ONAQ242",23,30,"27-05-2025 10:16:28.000 -0700","POINTZ(-112.470163753 40.195981868 1691.14)",40.195981868,-112.470163753,1691.14,0,1.74,2,0.1,0.22,0.93,0.51,0.77,38,29,"L-PGRASS",NA,"L-OTHER","ARTR","N",NA,"N",NA,"OTHER","MOSS","CANOPY",NA,60,"H_W",NA,2,2,1,0,5,"L-PGRASS_D-FORB_D-ARTR_D-BRTE_patch","L-ARTR_90W_80H_100L_75P","L-ARTR_90NW_85H_110L_70P",NA,NA,NA,"Quadrat_photo||Canopy_photo||Litter_collection","ONAQ","S25"
"280",1175,"Leaves",1.7888,1.3236,0.4652,NA,"",0.4652,559,"ONAQ242",23,30,"27-05-2025 10:16:28.000 -0700","POINTZ(-112.470163753 40.195981868 1691.14)",40.195981868,-112.470163753,1691.14,0,1.74,2,0.1,0.22,0.93,0.51,0.77,38,29,"L-PGRASS",NA,"L-OTHER","ARTR","N",NA,"N",NA,"OTHER","MOSS","CANOPY",NA,60,"H_W",NA,2,2,1,0,5,"L-PGRASS_D-FORB_D-ARTR_D-BRTE_patch","L-ARTR_90W_80H_100L_75P","L-ARTR_90NW_85H_110L_70P",NA,NA,NA,"Quadrat_photo||Canopy_photo||Litter_collection","ONAQ","S25"
"281",1175,"ReproductiveParts",1.3482,1.3279,0.0203,NA,"",0.0203,559,"ONAQ242",23,30,"27-05-2025 10:16:28.000 -0700","POINTZ(-112.470163753 40.195981868 1691.14)",40.195981868,-112.470163753,1691.14,0,1.74,2,0.1,0.22,0.93,0.51,0.77,38,29,"L-PGRASS",NA,"L-OTHER","ARTR","N",NA,"N",NA,"OTHER","MOSS","CANOPY",NA,60,"H_W",NA,2,2,1,0,5,"L-PGRASS_D-FORB_D-ARTR_D-BRTE_patch","L-ARTR_90W_80H_100L_75P","L-ARTR_90NW_85H_110L_70P",NA,NA,NA,"Quadrat_photo||Canopy_photo||Litter_collection","ONAQ","S25"
"282",1176,"Ambiguous",2.393,1.3041,1.0889,NA,"",1.0889,564,"ONAQ242",30,25,"27-05-2025 10:30:45.250 -0700","POINTZ(-112.47015603 40.195937167 1691.077)",40.195937167,-112.47015603,1691.077,0,1.74,2,0.1,0.23,0.92,0.5,0.77,38,30,"N",NA,"N",NA,"N",NA,"N",NA,"SOIL",NA,"OPEN",NA,0,"H_W_B",NA,2,1,4,2,0,"L-BRTE_D-BRTE_D-FORB_L-PGRASS_L-GUSA_patch","L-GUSA_45SW_35H_50L_40P","L-ARTR_65W_55H_80L_70P","L-ARTR_40NE_80H_150L_90P","L-ARTR_80NW_65H_100L_70P","20250527173107.jpg","Quadrat_photo||Canopy_photo||Litter_collection","ONAQ","S25"
"283",1176,"Leaves",1.3248,1.3043,0.0205,NA,"",0.0205,564,"ONAQ242",30,25,"27-05-2025 10:30:45.250 -0700","POINTZ(-112.47015603 40.195937167 1691.077)",40.195937167,-112.47015603,1691.077,0,1.74,2,0.1,0.23,0.92,0.5,0.77,38,30,"N",NA,"N",NA,"N",NA,"N",NA,"SOIL",NA,"OPEN",NA,0,"H_W_B",NA,2,1,4,2,0,"L-BRTE_D-BRTE_D-FORB_L-PGRASS_L-GUSA_patch","L-GUSA_45SW_35H_50L_40P","L-ARTR_65W_55H_80L_70P","L-ARTR_40NE_80H_150L_90P","L-ARTR_80NW_65H_100L_70P","20250527173107.jpg","Quadrat_photo||Canopy_photo||Litter_collection","ONAQ","S25"
"284",1176,"ReproductiveParts",1.3434,1.3117,0.0317,NA,"",0.0317,564,"ONAQ242",30,25,"27-05-2025 10:30:45.250 -0700","POINTZ(-112.47015603 40.195937167 1691.077)",40.195937167,-112.47015603,1691.077,0,1.74,2,0.1,0.23,0.92,0.5,0.77,38,30,"N",NA,"N",NA,"N",NA,"N",NA,"SOIL",NA,"OPEN",NA,0,"H_W_B",NA,2,1,4,2,0,"L-BRTE_D-BRTE_D-FORB_L-PGRASS_L-GUSA_patch","L-GUSA_45SW_35H_50L_40P","L-ARTR_65W_55H_80L_70P","L-ARTR_40NE_80H_150L_90P","L-ARTR_80NW_65H_100L_70P","20250527173107.jpg","Quadrat_photo||Canopy_photo||Litter_collection","ONAQ","S25"
"285",1177,"Ambiguous",4.2403,3.1997,1.0406,NA,"",1.0406,569,"ONAQ242",35,20,"27-05-2025 10:39:27.000 -0700","POINTZ(-112.470153167 40.19589282 1690.203)",40.19589282,-112.470153167,1690.203,0,1.74,2,0.1,0.28,0.94,0.51,0.79,41,29,"D-FORB",NA,"N",NA,"N",NA,"N",NA,"GRAVEL",NA,"OPEN",NA,1,"H_W_B",NA,2,1,3,4,1,"L-PGRASS_D-PGRASS_L-BRTE_D-BRTE_D-ARTR_D-FORB_L-GUSA_patch","L-ARTR_60N_35H_25L_20P","L-ARTR_10W_85H_156L_100P","L-ARTR_30E_65H_110L_80P",NA,NA,"Quadrat_photo||Canopy_photo||Litter_collection","ONAQ","S25"
"286",1177,"Grass",3.5044,3.1188,0.3856,NA,"",0.3856,569,"ONAQ242",35,20,"27-05-2025 10:39:27.000 -0700","POINTZ(-112.470153167 40.19589282 1690.203)",40.19589282,-112.470153167,1690.203,0,1.74,2,0.1,0.28,0.94,0.51,0.79,41,29,"D-FORB",NA,"N",NA,"N",NA,"N",NA,"GRAVEL",NA,"OPEN",NA,1,"H_W_B",NA,2,1,3,4,1,"L-PGRASS_D-PGRASS_L-BRTE_D-BRTE_D-ARTR_D-FORB_L-GUSA_patch","L-ARTR_60N_35H_25L_20P","L-ARTR_10W_85H_156L_100P","L-ARTR_30E_65H_110L_80P",NA,NA,"Quadrat_photo||Canopy_photo||Litter_collection","ONAQ","S25"
"287",1177,"Leaves",1.3652,1.3099,0.0553,NA,"",0.0553,569,"ONAQ242",35,20,"27-05-2025 10:39:27.000 -0700","POINTZ(-112.470153167 40.19589282 1690.203)",40.19589282,-112.470153167,1690.203,0,1.74,2,0.1,0.28,0.94,0.51,0.79,41,29,"D-FORB",NA,"N",NA,"N",NA,"N",NA,"GRAVEL",NA,"OPEN",NA,1,"H_W_B",NA,2,1,3,4,1,"L-PGRASS_D-PGRASS_L-BRTE_D-BRTE_D-ARTR_D-FORB_L-GUSA_patch","L-ARTR_60N_35H_25L_20P","L-ARTR_10W_85H_156L_100P","L-ARTR_30E_65H_110L_80P",NA,NA,"Quadrat_photo||Canopy_photo||Litter_collection","ONAQ","S25"
"288",1177,"ReproductiveParts",1.3482,1.3264,0.0218,NA,"",0.0218,569,"ONAQ242",35,20,"27-05-2025 10:39:27.000 -0700","POINTZ(-112.470153167 40.19589282 1690.203)",40.19589282,-112.470153167,1690.203,0,1.74,2,0.1,0.28,0.94,0.51,0.79,41,29,"D-FORB",NA,"N",NA,"N",NA,"N",NA,"GRAVEL",NA,"OPEN",NA,1,"H_W_B",NA,2,1,3,4,1,"L-PGRASS_D-PGRASS_L-BRTE_D-BRTE_D-ARTR_D-FORB_L-GUSA_patch","L-ARTR_60N_35H_25L_20P","L-ARTR_10W_85H_156L_100P","L-ARTR_30E_65H_110L_80P",NA,NA,"Quadrat_photo||Canopy_photo||Litter_collection","ONAQ","S25"
"289",1178,"Ambiguous",5.9974,3.1306,2.8668,NA,"resorted and reweiged 04-Jun-2026",2.8668,574,"ONAQ242",40,15,"27-05-2025 10:49:47.250 -0700","POINTZ(-112.470148837 40.195848043 1690.529)",40.195848043,-112.470148837,1690.529,0,1.74,2,0.1,0.29,0.95,0.52,0.79,39,29,"N",NA,"N",NA,"N",NA,"N",NA,"SOIL",NA,"OPEN",NA,0,"H_W_B",NA,1,5,1,3,5,"L-PGRASS_D-PGRASS_L-BRTE_D-BRTE_patch","L-ARTR_35E_55H_75L_50P","L-ARTR_45NE_60H_70L_60P","L-ARTR_55NW_90H_110L_80P","L-ARTR_25SW_100H_130L_90P",NA,"Quadrat_photo||Canopy_photo||Litter_collection","ONAQ","S25"
"290",1178,"Grass",5.1573,3.118,2.0393,NA,"",2.0393,574,"ONAQ242",40,15,"27-05-2025 10:49:47.250 -0700","POINTZ(-112.470148837 40.195848043 1690.529)",40.195848043,-112.470148837,1690.529,0,1.74,2,0.1,0.29,0.95,0.52,0.79,39,29,"N",NA,"N",NA,"N",NA,"N",NA,"SOIL",NA,"OPEN",NA,0,"H_W_B",NA,1,5,1,3,5,"L-PGRASS_D-PGRASS_L-BRTE_D-BRTE_patch","L-ARTR_35E_55H_75L_50P","L-ARTR_45NE_60H_70L_60P","L-ARTR_55NW_90H_110L_80P","L-ARTR_25SW_100H_130L_90P",NA,"Quadrat_photo||Canopy_photo||Litter_collection","ONAQ","S25"
"291",1178,"Leaves",1.4569,1.3099,0.147,NA,"",0.147,574,"ONAQ242",40,15,"27-05-2025 10:49:47.250 -0700","POINTZ(-112.470148837 40.195848043 1690.529)",40.195848043,-112.470148837,1690.529,0,1.74,2,0.1,0.29,0.95,0.52,0.79,39,29,"N",NA,"N",NA,"N",NA,"N",NA,"SOIL",NA,"OPEN",NA,0,"H_W_B",NA,1,5,1,3,5,"L-PGRASS_D-PGRASS_L-BRTE_D-BRTE_patch","L-ARTR_35E_55H_75L_50P","L-ARTR_45NE_60H_70L_60P","L-ARTR_55NW_90H_110L_80P","L-ARTR_25SW_100H_130L_90P",NA,"Quadrat_photo||Canopy_photo||Litter_collection","ONAQ","S25"
"292",1178,"ReproductiveParts",1.3439,1.3186,0.0253,NA,"",0.0253,574,"ONAQ242",40,15,"27-05-2025 10:49:47.250 -0700","POINTZ(-112.470148837 40.195848043 1690.529)",40.195848043,-112.470148837,1690.529,0,1.74,2,0.1,0.29,0.95,0.52,0.79,39,29,"N",NA,"N",NA,"N",NA,"N",NA,"SOIL",NA,"OPEN",NA,0,"H_W_B",NA,1,5,1,3,5,"L-PGRASS_D-PGRASS_L-BRTE_D-BRTE_patch","L-ARTR_35E_55H_75L_50P","L-ARTR_45NE_60H_70L_60P","L-ARTR_55NW_90H_110L_80P","L-ARTR_25SW_100H_130L_90P",NA,"Quadrat_photo||Canopy_photo||Litter_collection","ONAQ","S25"
"293",1179,"Ambiguous",6.292,3.0749,3.2171,NA,"",3.2171,579,"ONAQ242",45,10,"27-05-2025 10:59:37.500 -0700","POINTZ(-112.470146295 40.19580335 1690.812)",40.19580335,-112.470146295,1690.812,0,1.74,2,0.1,0.25,0.94,0.51,0.79,42,31,"D-FORB",NA,"N",NA,"N",NA,"N",NA,"OTHER","MOSS","CANOPY",NA,5,"OTHER","H_W_DUNG",3,3,2,5,7,"L-PGRASS_D-FORB_D-BRTE_patch","L-ARTR_25SW_55H_55L_25P","L-GUSA_5E_30H_65L_40P","L-ARTR_30SE_75H_80L_60P",NA,NA,"Quadrat_photo||Canopy_photo||Litter_collection","ONAQ","S25"
"294",1179,"Leaves",1.3786,1.3295,0.0491,NA,"",0.0491,579,"ONAQ242",45,10,"27-05-2025 10:59:37.500 -0700","POINTZ(-112.470146295 40.19580335 1690.812)",40.19580335,-112.470146295,1690.812,0,1.74,2,0.1,0.25,0.94,0.51,0.79,42,31,"D-FORB",NA,"N",NA,"N",NA,"N",NA,"OTHER","MOSS","CANOPY",NA,5,"OTHER","H_W_DUNG",3,3,2,5,7,"L-PGRASS_D-FORB_D-BRTE_patch","L-ARTR_25SW_55H_55L_25P","L-GUSA_5E_30H_65L_40P","L-ARTR_30SE_75H_80L_60P",NA,NA,"Quadrat_photo||Canopy_photo||Litter_collection","ONAQ","S25"
"295",1179,"ReproductiveParts",1.3637,1.3507,0.013,NA,"",0.013,579,"ONAQ242",45,10,"27-05-2025 10:59:37.500 -0700","POINTZ(-112.470146295 40.19580335 1690.812)",40.19580335,-112.470146295,1690.812,0,1.74,2,0.1,0.25,0.94,0.51,0.79,42,31,"D-FORB",NA,"N",NA,"N",NA,"N",NA,"OTHER","MOSS","CANOPY",NA,5,"OTHER","H_W_DUNG",3,3,2,5,7,"L-PGRASS_D-FORB_D-BRTE_patch","L-ARTR_25SW_55H_55L_25P","L-GUSA_5E_30H_65L_40P","L-ARTR_30SE_75H_80L_60P",NA,NA,"Quadrat_photo||Canopy_photo||Litter_collection","ONAQ","S25"
"296",1180,"Ambiguous",5.4196,3.0736,2.346,NA,"",2.346,584,"ONAQ242",50,5,"27-05-2025 11:08:41.250 -0700","POINTZ(-112.470144265 40.195758815 1690.548)",40.195758815,-112.470144265,1690.548,0,1.74,2,0.1,0.26,1,0.51,0.86,40,29,"D-PGRASS",NA,"N",NA,"N",NA,"N",NA,"OTHER","MOSS","WOOD",NA,5,"H_W_B",NA,3,1,1,3,1,"D-FORB_L-PGRASS_L-GUSA_patch","L-ARTR_30W_60H_80L_70P","L-ARTR_50SW_45H_45L_40P","L-ARTR_40S_40H_60L_55P","L-ARTR_50SE_40H_50L_40P",NA,"Quadrat_photo||Canopy_photo||Litter_collection","ONAQ","S25"
"297",1180,"Leaves",1.3484,1.3179,0.0305,NA,"",0.0305,584,"ONAQ242",50,5,"27-05-2025 11:08:41.250 -0700","POINTZ(-112.470144265 40.195758815 1690.548)",40.195758815,-112.470144265,1690.548,0,1.74,2,0.1,0.26,1,0.51,0.86,40,29,"D-PGRASS",NA,"N",NA,"N",NA,"N",NA,"OTHER","MOSS","WOOD",NA,5,"H_W_B",NA,3,1,1,3,1,"D-FORB_L-PGRASS_L-GUSA_patch","L-ARTR_30W_60H_80L_70P","L-ARTR_50SW_45H_45L_40P","L-ARTR_40S_40H_60L_55P","L-ARTR_50SE_40H_50L_40P",NA,"Quadrat_photo||Canopy_photo||Litter_collection","ONAQ","S25"
"298",1181,"Leaves",2.1425,1.3416,0.8009,NA,"",0.8009,154,"ONAQ215",2,50,"27-05-2025 12:31:21.750 -0700","POINTZ(-112.471079545 40.209555113 1706.583)",40.209555113,-112.471079545,1706.583,0,1.74,2,0.1,0.21,0.99,0.48,0.86,39,31,"L-OTHER","ARTR","N",NA,"N",NA,"N",NA,"OTHER","MOSS","CANOPY",NA,60,"H_W",NA,5,4,2,4,4,"L-PGRASS_D-PGRASS_D-FORB_L-ARTR_patch","L-ARTR_35E_50H_60L_60P","L-ARTR_50N_50H_55L_45P","L-SHRUB_70NW_40H_70L_50P","L-ARTR_95NW_60H_160L_90P","20250527193147.jpg","Quadrat_photo||Canopy_photo||Litter_collection","ONAQ","S25"
"299",1182,"Ambiguous",2.1705,1.3229,0.8476,NA,"",0.8476,164,"ONAQ215",14,45,"27-05-2025 12:39:50.250 -0700","POINTZ(-112.471079168 40.20950741 1706.772)",40.20950741,-112.471079168,1706.772,0,1.74,2,0.1,0.21,1.03,0.48,0.9,40,30,"L-PGRASS",NA,"D-FORB",NA,"N",NA,"N",NA,"SOIL",NA,"CANOPY",NA,60,"H_W_B",NA,3,1,1,1,1,"L-PGRASS_L-BRTE_L-FORB_D-BRTE_D-FORB_patch","L-GUSA_75NE_30H_50L_45P",NA,NA,NA,"20250527194955.jpg","Quadrat_photo||Canopy_photo||Litter_collection","ONAQ","S25"
"300",1183,"Grass",2.7082,1.324,1.3842,NA,"",1.3842,163,"ONAQ215",13,40,"27-05-2025 12:48:51.250 -0700","POINTZ(-112.47108029 40.209461828 1707.233)",40.209461828,-112.47108029,1707.233,0,1.74,2,0.096,0.21,0.97,0.47,0.84,40,31,"D-PGRASS",NA,"L-PGRASS",NA,"D-FORB",NA,"N",NA,"GRAVEL",NA,"CANOPY",NA,25,"H_W_B",NA,10,10,10,0,0,"L-PGRASS_D-PGRASS_L-BRTE_D-BRTE_L-FORB_patch","L-SHRUB_45S_30H_45L_40P","L-GUSA_65NW_40H_90L_65P",NA,NA,"20250527194909.jpg","Quadrat_photo||Canopy_photo||Litter_collection","ONAQ","S25"
"301",1183,"ReproductiveParts",1.5259,1.3266,0.1993,NA,"",0.1993,163,"ONAQ215",13,40,"27-05-2025 12:48:51.250 -0700","POINTZ(-112.47108029 40.209461828 1707.233)",40.209461828,-112.47108029,1707.233,0,1.74,2,0.096,0.21,0.97,0.47,0.84,40,31,"D-PGRASS",NA,"L-PGRASS",NA,"D-FORB",NA,"N",NA,"GRAVEL",NA,"CANOPY",NA,25,"H_W_B",NA,10,10,10,0,0,"L-PGRASS_D-PGRASS_L-BRTE_D-BRTE_L-FORB_patch","L-SHRUB_45S_30H_45L_40P","L-GUSA_65NW_40H_90L_65P",NA,NA,"20250527194909.jpg","Quadrat_photo||Canopy_photo||Litter_collection","ONAQ","S25"
"302",1184,"Ambiguous",2.9542,1.325,1.6292,NA,"",1.6292,169,"ONAQ215",20,35,"27-05-2025 12:59:29.500 -0700","POINTZ(-112.47107843 40.209418278 1707.639)",40.209418278,-112.47107843,1707.639,0,1.74,2,0.1,0.22,0.93,0.47,0.81,38,31,"L-PGRASS",NA,"D-PGRASS",NA,"N",NA,"N",NA,"GRAVEL",NA,"CANOPY",NA,15,"LT-H",NA,0,1,3,0,3,"L-PGRASS_D-PGRASS_L-FORB_L-SUBS_patch","L-ARTR_60NE_55H_75L_55P","L-SUBS_65S_20H_20L_15P",NA,NA,"20250527195953.jpg","Quadrat_photo||Canopy_photo||Litter_collection","ONAQ","S25"
"303",1184,"Grass",4.7181,3.1472,1.5709,NA,"",1.5709,169,"ONAQ215",20,35,"27-05-2025 12:59:29.500 -0700","POINTZ(-112.47107843 40.209418278 1707.639)",40.209418278,-112.47107843,1707.639,0,1.74,2,0.1,0.22,0.93,0.47,0.81,38,31,"L-PGRASS",NA,"D-PGRASS",NA,"N",NA,"N",NA,"GRAVEL",NA,"CANOPY",NA,15,"LT-H",NA,0,1,3,0,3,"L-PGRASS_D-PGRASS_L-FORB_L-SUBS_patch","L-ARTR_60NE_55H_75L_55P","L-SUBS_65S_20H_20L_15P",NA,NA,"20250527195953.jpg","Quadrat_photo||Canopy_photo||Litter_collection","ONAQ","S25"
"304",1184,"Leaves",1.703,1.3171,0.3859,NA,"",0.3859,169,"ONAQ215",20,35,"27-05-2025 12:59:29.500 -0700","POINTZ(-112.47107843 40.209418278 1707.639)",40.209418278,-112.47107843,1707.639,0,1.74,2,0.1,0.22,0.93,0.47,0.81,38,31,"L-PGRASS",NA,"D-PGRASS",NA,"N",NA,"N",NA,"GRAVEL",NA,"CANOPY",NA,15,"LT-H",NA,0,1,3,0,3,"L-PGRASS_D-PGRASS_L-FORB_L-SUBS_patch","L-ARTR_60NE_55H_75L_55P","L-SUBS_65S_20H_20L_15P",NA,NA,"20250527195953.jpg","Quadrat_photo||Canopy_photo||Litter_collection","ONAQ","S25"
"305",1185,"Ambiguous",1.5039,1.3041,0.1998,NA,"",0.1998,174,"ONAQ215",25,30,"27-05-2025 13:06:09.750 -0700","POINTZ(-112.471078292 40.209372852 1708.016)",40.209372852,-112.471078292,1708.016,0,1.74,2,0.1,0.22,0.9,0.46,0.78,40,31,"L-PGRASS",NA,"N",NA,"N",NA,"N",NA,"SOIL",NA,"CANOPY",NA,70,"H_W_B",NA,3,1,2,3,0,"L-PGRASS_L-SUBS_patch",NA,NA,NA,NA,NA,"Quadrat_photo||Canopy_photo||Litter_collection","ONAQ","S25"
"306",1185,"Grass",4.2701,3.1436,1.1265,NA,"",1.1265,174,"ONAQ215",25,30,"27-05-2025 13:06:09.750 -0700","POINTZ(-112.471078292 40.209372852 1708.016)",40.209372852,-112.471078292,1708.016,0,1.74,2,0.1,0.22,0.9,0.46,0.78,40,31,"L-PGRASS",NA,"N",NA,"N",NA,"N",NA,"SOIL",NA,"CANOPY",NA,70,"H_W_B",NA,3,1,2,3,0,"L-PGRASS_L-SUBS_patch",NA,NA,NA,NA,NA,"Quadrat_photo||Canopy_photo||Litter_collection","ONAQ","S25"
"307",1185,"Leaves",1.8077,1.3126,0.4951,NA,"",0.4951,174,"ONAQ215",25,30,"27-05-2025 13:06:09.750 -0700","POINTZ(-112.471078292 40.209372852 1708.016)",40.209372852,-112.471078292,1708.016,0,1.74,2,0.1,0.22,0.9,0.46,0.78,40,31,"L-PGRASS",NA,"N",NA,"N",NA,"N",NA,"SOIL",NA,"CANOPY",NA,70,"H_W_B",NA,3,1,2,3,0,"L-PGRASS_L-SUBS_patch",NA,NA,NA,NA,NA,"Quadrat_photo||Canopy_photo||Litter_collection","ONAQ","S25"
"308",1186,"ReproductiveParts",1.4034,1.3006,0.1028,NA,"",0.1028,179,"ONAQ215",30,25,"27-05-2025 13:15:22.500 -0700","POINTZ(-112.471070152 40.209329035 1708.586)",40.209329035,-112.471070152,1708.586,0,1.74,2,0.1,0.23,0.93,0.46,0.8,39,31,"D-PGRASS",NA,"N",NA,"N",NA,"N",NA,"SOIL",NA,"WOOD",NA,30,"H_W_B",NA,2,1,3,0,10,"L-PGRASS_D-PGRASS_L-BRTE_D-BRTE_D-FORB_L-FORB_patch",NA,NA,NA,NA,NA,"Quadrat_photo||Canopy_photo||Litter_collection","ONAQ","S25"
"309",1187,"Ambiguous",1.6253,1.3018,0.3235,NA,"",0.3235,184,"ONAQ215",35,20,"27-05-2025 13:23:50.750 -0700","POINTZ(-112.471071678 40.209281772 1709.215)",40.209281772,-112.471071678,1709.215,0,1.74,2,0.11,0.24,0.99,0.48,0.87,40,30,"L-PGRASS",NA,"N",NA,"N",NA,"N",NA,"GRAVEL",NA,"OPEN",NA,35,"H_W_B",NA,1,1,0,0,0,"L-PGRASS_D-PGRASS_D-FORB_patch",NA,NA,NA,NA,NA,"Quadrat_photo||Canopy_photo||Litter_collection","ONAQ","S25"
"310",1187,"Grass",1.5535,1.3382,0.2153,NA,"",0.2153,184,"ONAQ215",35,20,"27-05-2025 13:23:50.750 -0700","POINTZ(-112.471071678 40.209281772 1709.215)",40.209281772,-112.471071678,1709.215,0,1.74,2,0.11,0.24,0.99,0.48,0.87,40,30,"L-PGRASS",NA,"N",NA,"N",NA,"N",NA,"GRAVEL",NA,"OPEN",NA,35,"H_W_B",NA,1,1,0,0,0,"L-PGRASS_D-PGRASS_D-FORB_patch",NA,NA,NA,NA,NA,"Quadrat_photo||Canopy_photo||Litter_collection","ONAQ","S25"
"311",1188,"Grass",1.4574,1.3215,0.1359,NA,"",0.1359,189,"ONAQ215",40,15,"27-05-2025 13:34:19.000 -0700","POINTZ(-112.471071783 40.209240033 1709.149)",40.209240033,-112.471071783,1709.149,0,1.74,2,0.11,0.25,0.93,0.46,0.81,40,31,"L-PGRASS",NA,"N",NA,"N",NA,"N",NA,"GRAVEL",NA,"CANOPY",NA,20,"H_W",NA,0,1,1,0,0,"L-PGRASS_L-ARTR_L-FORB_patch",NA,NA,NA,NA,NA,"Quadrat_photo||Canopy_photo||Litter_collection","ONAQ","S25"
"312",1189,"Ambiguous",2.078,1.3096,0.7684,NA,"",0.7684,194,"ONAQ215",45,10,"27-05-2025 13:41:26.000 -0700","POINTZ(-112.471068522 40.209195307 1709.931)",40.209195307,-112.471068522,1709.931,0,1.74,2,0.11,0.25,0.95,0.46,0.83,38,31,"N",NA,"N",NA,"N",NA,"N",NA,"GRAVEL",NA,"OPEN",NA,0,"H_W",NA,0,1,2,0,2,"L-PGRASS_L-FORB_patch","L-ARTR_45W_80H_155L_75P",NA,NA,NA,NA,"Quadrat_photo||Canopy_photo||Litter_collection","ONAQ","S25"
"313",1189,"Grass",1.7163,1.302,0.4143,NA,"",0.4143,194,"ONAQ215",45,10,"27-05-2025 13:41:26.000 -0700","POINTZ(-112.471068522 40.209195307 1709.931)",40.209195307,-112.471068522,1709.931,0,1.74,2,0.11,0.25,0.95,0.46,0.83,38,31,"N",NA,"N",NA,"N",NA,"N",NA,"GRAVEL",NA,"OPEN",NA,0,"H_W",NA,0,1,2,0,2,"L-PGRASS_L-FORB_patch","L-ARTR_45W_80H_155L_75P",NA,NA,NA,NA,"Quadrat_photo||Canopy_photo||Litter_collection","ONAQ","S25"
"314",1189,"Leaves",1.4,1.3228,0.0772,NA,"",0.0772,194,"ONAQ215",45,10,"27-05-2025 13:41:26.000 -0700","POINTZ(-112.471068522 40.209195307 1709.931)",40.209195307,-112.471068522,1709.931,0,1.74,2,0.11,0.25,0.95,0.46,0.83,38,31,"N",NA,"N",NA,"N",NA,"N",NA,"GRAVEL",NA,"OPEN",NA,0,"H_W",NA,0,1,2,0,2,"L-PGRASS_L-FORB_patch","L-ARTR_45W_80H_155L_75P",NA,NA,NA,NA,"Quadrat_photo||Canopy_photo||Litter_collection","ONAQ","S25"
"315",2001,"Grass",1.9828,1.3294,0.6534,NA,"resorted and reweighed 06-Jun-2026",0.6534,672,"MOAB131",7,45,"15-05-2025 08:59:21.750 -0600","POINTZ(-109.383807165 38.257176377 1792.766)",38.257176377,-109.383807165,1792.766,0,1.74,2,0.11,0.23,1.05,0.58,0.88,38,27,"N",NA,"N",NA,"N",NA,"N",NA,"CRST",NA,"OPEN",NA,0,"H_W",NA,0,0,2,0,1,"L-GUSA_L-PGRASS_patch",NA,NA,NA,NA,NA,"Quadrat_photo||Canopy_photo||Litter_collection","MOAB","S25"
"316",2001,"Leaves",1.3919,1.3318,0.0601,NA,"resorted and reweighed 06-Jun-2026",0.0601,672,"MOAB131",7,45,"15-05-2025 08:59:21.750 -0600","POINTZ(-109.383807165 38.257176377 1792.766)",38.257176377,-109.383807165,1792.766,0,1.74,2,0.11,0.23,1.05,0.58,0.88,38,27,"N",NA,"N",NA,"N",NA,"N",NA,"CRST",NA,"OPEN",NA,0,"H_W",NA,0,0,2,0,1,"L-GUSA_L-PGRASS_patch",NA,NA,NA,NA,NA,"Quadrat_photo||Canopy_photo||Litter_collection","MOAB","S25"
"317",2002,"Forbs",1.5456,1.3175,0.2281,NA,"",0.2281,677,"MOAB131",12,40,"15-05-2025 09:10:38.750 -0600","POINTZ(-109.38379914 38.257131437 1792.533)",38.257131437,-109.38379914,1792.533,0,1.74,2,0.11,0.23,1.03,0.56,0.86,35,27,"N",NA,"N",NA,"N",NA,"N",NA,"CRST",NA,"OPEN",NA,0,"OTHER","H_W_DUNG",1,0,1,1,2,"L-GUSA_L-PGRASS_patch","L-ATCA_70S_110H_145L_110P",NA,NA,NA,NA,"Quadrat_photo||Canopy_photo||Litter_collection","MOAB","S25"
"318",2002,"Grass",3.6862,3.0661,0.6201,NA,"",0.6201,677,"MOAB131",12,40,"15-05-2025 09:10:38.750 -0600","POINTZ(-109.38379914 38.257131437 1792.533)",38.257131437,-109.38379914,1792.533,0,1.74,2,0.11,0.23,1.03,0.56,0.86,35,27,"N",NA,"N",NA,"N",NA,"N",NA,"CRST",NA,"OPEN",NA,0,"OTHER","H_W_DUNG",1,0,1,1,2,"L-GUSA_L-PGRASS_patch","L-ATCA_70S_110H_145L_110P",NA,NA,NA,NA,"Quadrat_photo||Canopy_photo||Litter_collection","MOAB","S25"
"319",2002,"Leaves",1.5256,1.3266,0.199,NA,"",0.199,677,"MOAB131",12,40,"15-05-2025 09:10:38.750 -0600","POINTZ(-109.38379914 38.257131437 1792.533)",38.257131437,-109.38379914,1792.533,0,1.74,2,0.11,0.23,1.03,0.56,0.86,35,27,"N",NA,"N",NA,"N",NA,"N",NA,"CRST",NA,"OPEN",NA,0,"OTHER","H_W_DUNG",1,0,1,1,2,"L-GUSA_L-PGRASS_patch","L-ATCA_70S_110H_145L_110P",NA,NA,NA,NA,"Quadrat_photo||Canopy_photo||Litter_collection","MOAB","S25"
"320",2003,"Grass",2.0493,1.3292,0.7201,NA,"",0.7201,682,"MOAB131",17,35,"15-05-2025 09:21:12.500 -0600","POINTZ(-109.383787378 38.25708587 1791.934)",38.25708587,-109.383787378,1791.934,0,1.74,2,0.11,0.23,1,0.55,0.84,34,27,"L-PGRASS",NA,"N",NA,"N",NA,"N",NA,"SOIL",NA,"OPEN",NA,5,"H_W",NA,0,1,1,0,0,"L-GUSA_L-PGRASS_patch",NA,NA,NA,NA,NA,"Quadrat_photo||Canopy_photo||Litter_collection","MOAB","S25"
"321",2004,"Ambiguous",1.3625,1.2889,0.0736,NA,"",0.0736,687,"MOAB131",22,30,"15-05-2025 09:28:45.750 -0600","POINTZ(-109.383776863 38.257043987 1791.525)",38.257043987,-109.383776863,1791.525,0,1.74,2,0.11,0.23,1.01,0.55,0.85,34,27,"N",NA,"N",NA,"N",NA,"N",NA,"CRST",NA,"OPEN",NA,0,"H_W",NA,2,0,4,0,1,"L-GUSA_L-PGRASS_patch",NA,NA,NA,NA,NA,"Quadrat_photo||Canopy_photo||Litter_collection","MOAB","S25"
"322",2004,"Grass",1.655,1.3143,0.3407,NA,"",0.3407,687,"MOAB131",22,30,"15-05-2025 09:28:45.750 -0600","POINTZ(-109.383776863 38.257043987 1791.525)",38.257043987,-109.383776863,1791.525,0,1.74,2,0.11,0.23,1.01,0.55,0.85,34,27,"N",NA,"N",NA,"N",NA,"N",NA,"CRST",NA,"OPEN",NA,0,"H_W",NA,2,0,4,0,1,"L-GUSA_L-PGRASS_patch",NA,NA,NA,NA,NA,"Quadrat_photo||Canopy_photo||Litter_collection","MOAB","S25"
"323",2005,"Ambiguous",1.7004,1.2952,0.4052,NA,"",0.4052,692,"MOAB131",27,25,"15-05-2025 09:36:48.500 -0600","POINTZ(-109.383765018 38.256998478 1791.267)",38.256998478,-109.383765018,1791.267,0,1.74,2,0.11,0.22,1.02,0.55,0.86,34,27,"L-PGRASS",NA,"N",NA,"N",NA,"N",NA,"CRST",NA,"OPEN",NA,10,"H_W",NA,2,1,1,1,2,"L-GUSA_L-PGRASS_patch",NA,NA,NA,NA,NA,"Quadrat_photo||Canopy_photo||Litter_collection","MOAB","S25"
"324",2005,"Grass",2.0635,1.2923,0.7712,NA,"",0.7712,692,"MOAB131",27,25,"15-05-2025 09:36:48.500 -0600","POINTZ(-109.383765018 38.256998478 1791.267)",38.256998478,-109.383765018,1791.267,0,1.74,2,0.11,0.22,1.02,0.55,0.86,34,27,"L-PGRASS",NA,"N",NA,"N",NA,"N",NA,"CRST",NA,"OPEN",NA,10,"H_W",NA,2,1,1,1,2,"L-GUSA_L-PGRASS_patch",NA,NA,NA,NA,NA,"Quadrat_photo||Canopy_photo||Litter_collection","MOAB","S25"
"325",2006,"Ambiguous",1.7033,1.3131,0.3902,NA,"",0.3902,697,"MOAB131",33,20,"15-05-2025 09:45:23.500 -0600","POINTZ(-109.383753342 38.256954808 1791.207)",38.256954808,-109.383753342,1791.207,0,1.74,2,0.1,0.22,1.02,0.54,0.86,35,27,"N",NA,"N",NA,"N",NA,"N",NA,"CRST",NA,"OPEN",NA,0,"OTHER","H_DUNG",3,2,0,1,1,"L-GUSA_L-PGRASS_patch",NA,NA,NA,NA,NA,"Quadrat_photo||Canopy_photo||Litter_collection","MOAB","S25"
"326",2006,"Grass",2.1145,1.3165,0.798,NA,"",0.798,697,"MOAB131",33,20,"15-05-2025 09:45:23.500 -0600","POINTZ(-109.383753342 38.256954808 1791.207)",38.256954808,-109.383753342,1791.207,0,1.74,2,0.1,0.22,1.02,0.54,0.86,35,27,"N",NA,"N",NA,"N",NA,"N",NA,"CRST",NA,"OPEN",NA,0,"OTHER","H_DUNG",3,2,0,1,1,"L-GUSA_L-PGRASS_patch",NA,NA,NA,NA,NA,"Quadrat_photo||Canopy_photo||Litter_collection","MOAB","S25"
"327",2006,"ReproductiveParts",1.3333,1.3015,0.0318,NA,"",0.0318,697,"MOAB131",33,20,"15-05-2025 09:45:23.500 -0600","POINTZ(-109.383753342 38.256954808 1791.207)",38.256954808,-109.383753342,1791.207,0,1.74,2,0.1,0.22,1.02,0.54,0.86,35,27,"N",NA,"N",NA,"N",NA,"N",NA,"CRST",NA,"OPEN",NA,0,"OTHER","H_DUNG",3,2,0,1,1,"L-GUSA_L-PGRASS_patch",NA,NA,NA,NA,NA,"Quadrat_photo||Canopy_photo||Litter_collection","MOAB","S25"
"328",2007,"Grass",1.5336,1.317,0.2166,NA,"resorted and reweighed 15-Jun-2026",0.2166,702,"MOAB131",38,15,"15-05-2025 09:52:38.750 -0600","POINTZ(-109.383744555 38.256910505 1790.616)",38.256910505,-109.383744555,1790.616,0,1.74,2,0.1,0.22,1.02,0.54,0.86,39,27,"L-PGRASS",NA,"N",NA,"N",NA,"N",NA,"CRST",NA,"OPEN",NA,5,"LT-H",NA,1,2,2,1,0,"L-GUSA_L-PGRASS_patch",NA,NA,NA,NA,NA,"Quadrat_photo||Canopy_photo||Litter_collection","MOAB","S25"
"329",2009,"Ambiguous",2.481,1.3133,1.1677,NA,"",1.1677,712,"MOAB131",48,5,"15-05-2025 10:18:40.500 -0600","POINTZ(-109.383721732 38.256823918 1790.272)",38.256823918,-109.383721732,1790.272,0,1.74,2,0.095,0.21,0.85,0.49,0.7,35,30,"L-PGRASS",NA,"N",NA,"N",NA,"N",NA,"SOIL",NA,"OPEN",NA,10,"H_W",NA,3,2,4,1,3,"L-GUSA_L-PGRASS_patch",NA,NA,NA,NA,NA,"Quadrat_photo||Canopy_photo||Litter_collection","MOAB","S25"
"330",2009,"Grass",2.3518,1.316,1.0358,NA,"",1.0358,712,"MOAB131",48,5,"15-05-2025 10:18:40.500 -0600","POINTZ(-109.383721732 38.256823918 1790.272)",38.256823918,-109.383721732,1790.272,0,1.74,2,0.095,0.21,0.85,0.49,0.7,35,30,"L-PGRASS",NA,"N",NA,"N",NA,"N",NA,"SOIL",NA,"OPEN",NA,10,"H_W",NA,3,2,4,1,3,"L-GUSA_L-PGRASS_patch",NA,NA,NA,NA,NA,"Quadrat_photo||Canopy_photo||Litter_collection","MOAB","S25"
"331",2009,"ReproductiveParts",1.3519,1.3217,0.0302,NA,"",0.0302,712,"MOAB131",48,5,"15-05-2025 10:18:40.500 -0600","POINTZ(-109.383721732 38.256823918 1790.272)",38.256823918,-109.383721732,1790.272,0,1.74,2,0.095,0.21,0.85,0.49,0.7,35,30,"L-PGRASS",NA,"N",NA,"N",NA,"N",NA,"SOIL",NA,"OPEN",NA,10,"H_W",NA,3,2,4,1,3,"L-GUSA_L-PGRASS_patch",NA,NA,NA,NA,NA,"Quadrat_photo||Canopy_photo||Litter_collection","MOAB","S25"
"332",2010,"Grass",1.2387,1.2171,0.0216,NA,"",0.0216,1,"MOAB103",1,50,"15-05-2025 11:23:35.500 -0600","POINTZ(-109.37681401 38.275074397 1831.41)",38.275074397,-109.37681401,1831.41,0,1.74,2,0.1,0.22,0.96,0.5,0.82,34,31,"N",NA,"N",NA,"N",NA,"N",NA,"CRST",NA,"OPEN",NA,0,"LT-H",NA,0,0,1,0,0,"L-BOGR_L-EPTO_L-SUBS_patch",NA,NA,NA,NA,NA,"Quadrat_photo||Canopy_photo||Litter_collection","MOAB","S25"
"333",2011,"Grass",1.2614,1.2622,-8e-04,0.0246,"2 blades of grass",0.0246,6,"MOAB103",6,45,"15-05-2025 11:35:19.750 -0600","POINTZ(-109.376811977 38.2750305 1831.105)",38.2750305,-109.376811977,1831.105,0,1.74,2,0.11,0.22,0.93,0.49,0.79,38,31,"N",NA,"N",NA,"N",NA,"N",NA,"CRST",NA,"OPEN",NA,0,"LT-H",NA,0,0,0,1,0,"L-EPTO_L-BOGR_patch",NA,NA,NA,NA,NA,"Quadrat_photo||Canopy_photo||Litter_collection","MOAB","S25"
"334",2012,"Grass",1.6019,1.1927,0.4092,NA,"resorted and reweighed 15-Jun-2026",0.4092,11,"MOAB103",11,40,"15-05-2025 11:44:23.500 -0600","POINTZ(-109.376810205 38.274985877 1830.948)",38.274985877,-109.376810205,1830.948,0,1.74,2,0.11,0.23,0.99,0.51,0.85,36,31,"N",NA,"N",NA,"N",NA,"N",NA,"CRST",NA,"OPEN",NA,0,"LT-H",NA,1,0,1,2,1,"L-EPTO_L-BOGR_L-SUBS_patch",NA,NA,NA,NA,NA,"Quadrat_photo||Canopy_photo||Litter_collection","MOAB","S25"
"335",2013,"Grass",1.6942,1.2394,0.4548,NA,"resorted and reweighed 06-Jun-2026 and 15-Jun-2026",0.4548,16,"MOAB103",16,35,"15-05-2025 11:55:36.750 -0600","POINTZ(-109.376807557 38.274939373 1830.149)",38.274939373,-109.376807557,1830.149,0,1.74,2,0.1,0.21,0.98,0.52,0.83,36,31,"N",NA,"N",NA,"N",NA,"N",NA,"CRST",NA,"OPEN",NA,0,"LT-H",NA,2,0,0,4,0,"L-BOGR_patch","D-SUBS_40E_90H_45L_45P",NA,NA,NA,NA,"Quadrat_photo||Canopy_photo||Litter_collection","MOAB","S25"
"336",2014,"Grass",1.6577,1.3292,0.3285,NA,"",0.3285,23,"MOAB103",24,30,"15-05-2025 12:10:14.500 -0600","POINTZ(-109.376810573 38.274896572 1829.949)",38.274896572,-109.376810573,1829.949,0,1.74,2,0.11,0.24,1.06,0.55,0.91,35,31,"N",NA,"N",NA,"N",NA,"N",NA,"CRST",NA,"OPEN",NA,0,"H_W",NA,2,0,0,0,4,"D-PI_60SE_400H_600L_470P","L-PGRASS_L-SUBS_20E",NA,NA,NA,NA,"Quadrat_photo||Canopy_photo||Litter_collection","MOAB","S25"
"337",2014,"Leaves",1.556,1.3347,0.2213,NA,"resorted and reweighed 15-Jun-2026",0.2213,23,"MOAB103",24,30,"15-05-2025 12:10:14.500 -0600","POINTZ(-109.376810573 38.274896572 1829.949)",38.274896572,-109.376810573,1829.949,0,1.74,2,0.11,0.24,1.06,0.55,0.91,35,31,"N",NA,"N",NA,"N",NA,"N",NA,"CRST",NA,"OPEN",NA,0,"H_W",NA,2,0,0,0,4,"D-PI_60SE_400H_600L_470P","L-PGRASS_L-SUBS_20E",NA,NA,NA,NA,"Quadrat_photo||Canopy_photo||Litter_collection","MOAB","S25"
"338",2015,"ReproductiveParts",5.4049,2.867,2.5379,NA,"",2.5379,26,"MOAB103",27,25,"15-05-2025 12:27:26.750 -0600","POINTZ(-109.37680123 38.274853627 1829.236)",38.274853627,-109.37680123,1829.236,0,1.74,2,0.11,0.3,1.17,0.57,1.03,33,29,"L-OTHER","JUOS","N",NA,"N",NA,"N",NA,"SOIL",NA,"CANOPY",NA,425,"H_W_B",NA,35,50,50,10,5,"D-PI_20NE_400H_600L_470P",NA,NA,NA,NA,NA,"Quadrat_photo||Canopy_photo||Litter_collection","MOAB","S25"
"339",2017,"Leaves",3.3248,1.3225,2.0023,NA,"resorted and reweighed 06-Jun-2026",2.0023,36,"MOAB103",37,15,"15-05-2025 12:53:29.500 -0600","POINTZ(-109.376796752 38.274765713 1827.329)",38.274765713,-109.376796752,1827.329,0,1.74,2,0.11,0.3,0.99,0.51,0.85,34,30,"N",NA,"N",NA,"N",NA,"N",NA,"SOIL",NA,"CANOPY",NA,0,"H_W",NA,1,4,3,0,4,"L-ARTR_75N_40H_45L_45P","L-PI_25SW_150H_150L_150P","L-JUOS_75E_450H_775L_675P",NA,NA,NA,"Quadrat_photo||Canopy_photo||Litter_collection","MOAB","S25"
"340",2017,"ReproductiveParts",1.6879,1.3303,0.3576,NA,"resorted and reweighed 06-Jun-2026",0.3576,36,"MOAB103",37,15,"15-05-2025 12:53:29.500 -0600","POINTZ(-109.376796752 38.274765713 1827.329)",38.274765713,-109.376796752,1827.329,0,1.74,2,0.11,0.3,0.99,0.51,0.85,34,30,"N",NA,"N",NA,"N",NA,"N",NA,"SOIL",NA,"CANOPY",NA,0,"H_W",NA,1,4,3,0,4,"L-ARTR_75N_40H_45L_45P","L-PI_25SW_150H_150L_150P","L-JUOS_75E_450H_775L_675P",NA,NA,NA,"Quadrat_photo||Canopy_photo||Litter_collection","MOAB","S25"
"341",2017,"Ambiguous",2.7272,1.3373,1.3899,NA,"",1.3899,36,"MOAB103",37,15,"15-05-2025 12:53:29.500 -0600","POINTZ(-109.376796752 38.274765713 1827.329)",38.274765713,-109.376796752,1827.329,0,1.74,2,0.11,0.3,0.99,0.51,0.85,34,30,"N",NA,"N",NA,"N",NA,"N",NA,"SOIL",NA,"CANOPY",NA,0,"H_W",NA,1,4,3,0,4,"L-ARTR_75N_40H_45L_45P","L-PI_25SW_150H_150L_150P","L-JUOS_75E_450H_775L_675P",NA,NA,NA,"Quadrat_photo||Canopy_photo||Litter_collection","MOAB","S25"
"342",2018,"ReproductiveParts",10.2779,2.8235,7.4544,NA,"",7.4544,41,"MOAB103",42,10,"15-05-2025 13:09:17.500 -0600","POINTZ(-109.37678299 38.274722175 1827.643)",38.274722175,-109.37678299,1827.643,0,1.74,2,0.11,0.29,1.01,0.51,0.87,36,30,"L-OTHER","PI","N",NA,"N",NA,"N",NA,"SOIL",NA,"CANOPY",NA,350,"H_W_B",NA,60,55,40,55,45,NA,NA,NA,NA,NA,NA,"Quadrat_photo||Canopy_photo||Litter_collection","MOAB","S25"
"343",2019,"Grass",1.5916,1.3157,0.2759,NA,"",0.2759,46,"MOAB103",47,5,"15-05-2025 13:17:47.750 -0600","POINTZ(-109.376788227 38.274678022 1827.61)",38.274678022,-109.376788227,1827.61,0,1.74,2,0.1,0.24,0.97,0.51,0.83,38,31,"L-PGRASS",NA,"L-OTHER","EPTO","N",NA,"N",NA,"OTHER","MOSS","OPEN",NA,40,"LT-H",NA,1,0,3,0,0,"L-EPTO_L-PGRASS_patch",NA,NA,NA,NA,NA,"Quadrat_photo||Canopy_photo||Litter_collection","MOAB","S25"
"344",2020,"Grass",1.7089,1.3125,0.3964,NA,"resorted and reweighed 15-Jun-2026",0.3964,201,"MOAB107",1,50,"15-05-2025 15:17:32.500 -0600","POINTZ(-109.368653493 38.270800678 1837.77)",38.270800678,-109.368653493,1837.77,0,1.74,2,0.12,0.29,1.12,0.55,0.97,37,31,"L-OTHER","PI","N",NA,"N",NA,"N",NA,"OTHER","MOSS","CANOPY",NA,300,"H_W",NA,3,0,1,5,0,"L-EPTO_66SW_100H_120L_130P",NA,NA,NA,NA,NA,"Quadrat_photo||Canopy_photo||Litter_collection","MOAB","S25"
"345",2021,"Ambiguous",6.7333,3.077,3.6563,NA,"",3.6563,209,"MOAB107",10,45,"15-05-2025 15:37:25.000 -0600","POINTZ(-109.368662235 38.270759908 1838.777)",38.270759908,-109.368662235,1838.777,0,1.74,2,0.12,0.25,1.03,0.51,0.89,37,31,"D-OTHER","JUOS","N",NA,"N",NA,"N",NA,"SOIL",NA,"WOOD",NA,115,"H_W_B",NA,1,3,10,5,0,"L-SHRUB_66E_200H_100L_110P",NA,NA,NA,NA,NA,"Quadrat_photo||Canopy_photo||Litter_collection","MOAB","S25"
"346",2021,"Grass",1.4656,1.3363,0.1293,NA,"",0.1293,209,"MOAB107",10,45,"15-05-2025 15:37:25.000 -0600","POINTZ(-109.368662235 38.270759908 1838.777)",38.270759908,-109.368662235,1838.777,0,1.74,2,0.12,0.25,1.03,0.51,0.89,37,31,"D-OTHER","JUOS","N",NA,"N",NA,"N",NA,"SOIL",NA,"WOOD",NA,115,"H_W_B",NA,1,3,10,5,0,"L-SHRUB_66E_200H_100L_110P",NA,NA,NA,NA,NA,"Quadrat_photo||Canopy_photo||Litter_collection","MOAB","S25"
"347",2021,"Leaves",4.7142,3.1141,1.6001,NA,"",1.6001,209,"MOAB107",10,45,"15-05-2025 15:37:25.000 -0600","POINTZ(-109.368662235 38.270759908 1838.777)",38.270759908,-109.368662235,1838.777,0,1.74,2,0.12,0.25,1.03,0.51,0.89,37,31,"D-OTHER","JUOS","N",NA,"N",NA,"N",NA,"SOIL",NA,"WOOD",NA,115,"H_W_B",NA,1,3,10,5,0,"L-SHRUB_66E_200H_100L_110P",NA,NA,NA,NA,NA,"Quadrat_photo||Canopy_photo||Litter_collection","MOAB","S25"
"348",2021,"ReproductiveParts",1.6853,1.3387,0.3466,NA,"",0.3466,209,"MOAB107",10,45,"15-05-2025 15:37:25.000 -0600","POINTZ(-109.368662235 38.270759908 1838.777)",38.270759908,-109.368662235,1838.777,0,1.74,2,0.12,0.25,1.03,0.51,0.89,37,31,"D-OTHER","JUOS","N",NA,"N",NA,"N",NA,"SOIL",NA,"WOOD",NA,115,"H_W_B",NA,1,3,10,5,0,"L-SHRUB_66E_200H_100L_110P",NA,NA,NA,NA,NA,"Quadrat_photo||Canopy_photo||Litter_collection","MOAB","S25"
"349",2022,"Leaves",1.6556,1.3301,0.3255,NA,"",0.3255,211,"MOAB107",12,40,"15-05-2025 15:52:34.000 -0600","POINTZ(-109.368669842 38.270717608 1840.028)",38.270717608,-109.368669842,1840.028,0,1.74,2,0.1,0.24,0.99,0.49,0.86,35,32,"N",NA,"N",NA,"N",NA,"N",NA,"CRST",NA,"WOOD",NA,0,"H_W_B",NA,1,1,0,0,0,NA,NA,NA,NA,NA,NA,"Quadrat_photo||Canopy_photo||Litter_collection","MOAB","S25"
"350",2024,"Ambiguous",1.4257,1.3219,0.1038,NA,"",0.1038,221,"MOAB107",22,30,"15-05-2025 16:20:40.750 -0600","POINTZ(-109.368684278 38.270629473 1841.358)",38.270629473,-109.368684278,1841.358,0,1.74,2,0.1,0.23,0.93,0.5,0.78,35,31,"N",NA,"N",NA,"N",NA,"N",NA,"CRST",NA,"OPEN",NA,0,"H_W",NA,2,0,0,0,3,"L-SHRUB_70SW_160H_215L_230P","L-PGRASS_patch","L-FORB_patch",NA,NA,NA,"Quadrat_photo||Canopy_photo||Litter_collection","MOAB","S25"
"351",2024,"Leaves",1.5209,1.3151,0.2058,NA,"",0.2058,221,"MOAB107",22,30,"15-05-2025 16:20:40.750 -0600","POINTZ(-109.368684278 38.270629473 1841.358)",38.270629473,-109.368684278,1841.358,0,1.74,2,0.1,0.23,0.93,0.5,0.78,35,31,"N",NA,"N",NA,"N",NA,"N",NA,"CRST",NA,"OPEN",NA,0,"H_W",NA,2,0,0,0,3,"L-SHRUB_70SW_160H_215L_230P","L-PGRASS_patch","L-FORB_patch",NA,NA,NA,"Quadrat_photo||Canopy_photo||Litter_collection","MOAB","S25"
"352",2024,"ReproductiveParts",1.3518,1.314,0.0378,NA,"",0.0378,221,"MOAB107",22,30,"15-05-2025 16:20:40.750 -0600","POINTZ(-109.368684278 38.270629473 1841.358)",38.270629473,-109.368684278,1841.358,0,1.74,2,0.1,0.23,0.93,0.5,0.78,35,31,"N",NA,"N",NA,"N",NA,"N",NA,"CRST",NA,"OPEN",NA,0,"H_W",NA,2,0,0,0,3,"L-SHRUB_70SW_160H_215L_230P","L-PGRASS_patch","L-FORB_patch",NA,NA,NA,"Quadrat_photo||Canopy_photo||Litter_collection","MOAB","S25"
"353",2025,"ReproductiveParts",1.3524,1.3102,0.0422,NA,"",0.0422,226,"MOAB107",27,25,"15-05-2025 16:34:30.000 -0600","POINTZ(-109.368692258 38.270584962 1842.599)",38.270584962,-109.368692258,1842.599,0,1.74,2,0.11,0.23,1.03,0.55,0.87,33,29,"N",NA,"N",NA,"N",NA,"N",NA,"CRST",NA,"OPEN",NA,0,"H_W_B",NA,2,1,1,0,4,"L-PI_65SW_350H_200L_185P","L-PGRASS_L-SUBS_patch",NA,NA,NA,NA,"Quadrat_photo||Canopy_photo||Litter_collection","MOAB","S25"
"354",2026,"Leaves",4.8628,1.3181,3.5447,NA,"resorted and reweighed 15-Jun-2026",3.5447,231,"MOAB107",32,20,"15-05-2025 16:51:27.750 -0600","POINTZ(-109.368697488 38.270541765 1843.718)",38.270541765,-109.368697488,1843.718,0,1.74,2,0.14,0.27,0.91,0.52,0.74,34,30,"N",NA,"N",NA,"N",NA,"N",NA,"CRST",NA,"OPEN",NA,0,"H_W",NA,5,10,15,10,10,"L-PI_5E_275H_200L_250P",NA,NA,NA,NA,NA,"Quadrat_photo||Canopy_photo||Litter_collection","MOAB","S25"
"355",2026,"ReproductiveParts",3.3299,1.3118,2.0181,NA,"resorted and reweighed 15-Jun-2026",2.0181,231,"MOAB107",32,20,"15-05-2025 16:51:27.750 -0600","POINTZ(-109.368697488 38.270541765 1843.718)",38.270541765,-109.368697488,1843.718,0,1.74,2,0.14,0.27,0.91,0.52,0.74,34,30,"N",NA,"N",NA,"N",NA,"N",NA,"CRST",NA,"OPEN",NA,0,"H_W",NA,5,10,15,10,10,"L-PI_5E_275H_200L_250P",NA,NA,NA,NA,NA,"Quadrat_photo||Canopy_photo||Litter_collection","MOAB","S25"
"356",2026,"Grass",1.3495,1.3364,0.0131,NA,"new category 15-Jun-2026",0.0131,231,"MOAB107",32,20,"15-05-2025 16:51:27.750 -0600","POINTZ(-109.368697488 38.270541765 1843.718)",38.270541765,-109.368697488,1843.718,0,1.74,2,0.14,0.27,0.91,0.52,0.74,34,30,"N",NA,"N",NA,"N",NA,"N",NA,"CRST",NA,"OPEN",NA,0,"H_W",NA,5,10,15,10,10,"L-PI_5E_275H_200L_250P",NA,NA,NA,NA,NA,"Quadrat_photo||Canopy_photo||Litter_collection","MOAB","S25"
"357",2027,"Grass",1.3472,1.3238,0.0234,NA,"",0.0234,236,"MOAB107",37,15,"15-05-2025 17:00:31.500 -0600","POINTZ(-109.36870795 38.270496193 1844.683)",38.270496193,-109.36870795,1844.683,0,1.74,2,0.13,0.25,0.95,0.55,0.77,33,29,"N",NA,"N",NA,"N",NA,"N",NA,"CRST",NA,"OPEN",NA,0,"H_W",NA,2,0,0,1,0,"L-PGRASS_PATCH",NA,NA,NA,NA,NA,"Quadrat_photo||Canopy_photo||Litter_collection","MOAB","S25"
"358",2027,"Leaves",1.3932,1.3349,0.0583,NA,"",0.0583,236,"MOAB107",37,15,"15-05-2025 17:00:31.500 -0600","POINTZ(-109.36870795 38.270496193 1844.683)",38.270496193,-109.36870795,1844.683,0,1.74,2,0.13,0.25,0.95,0.55,0.77,33,29,"N",NA,"N",NA,"N",NA,"N",NA,"CRST",NA,"OPEN",NA,0,"H_W",NA,2,0,0,1,0,"L-PGRASS_PATCH",NA,NA,NA,NA,NA,"Quadrat_photo||Canopy_photo||Litter_collection","MOAB","S25"
"359",2028,"Ambiguous",1.2621,1.2369,0.0252,NA,"",0.0252,241,"MOAB107",42,10,"15-05-2025 17:10:30.750 -0600","POINTZ(-109.36871297 38.270452375 1844.08)",38.270452375,-109.36871297,1844.08,0,1.74,2,0.11,0.25,1.15,0.62,0.97,29,27,"L-PGRASS",NA,"N",NA,"N",NA,"N",NA,"CRST",NA,"OPEN",NA,30,"LT-H",NA,0,1,2,1,1,"L-PGRASS_L-SUBS_patch",NA,NA,NA,NA,NA,"Quadrat_photo||Canopy_photo||Litter_collection","MOAB","S25"
"360",2028,"Grass",1.4386,1.2299,0.2087,NA,"",0.2087,241,"MOAB107",42,10,"15-05-2025 17:10:30.750 -0600","POINTZ(-109.36871297 38.270452375 1844.08)",38.270452375,-109.36871297,1844.08,0,1.74,2,0.11,0.25,1.15,0.62,0.97,29,27,"L-PGRASS",NA,"N",NA,"N",NA,"N",NA,"CRST",NA,"OPEN",NA,30,"LT-H",NA,0,1,2,1,1,"L-PGRASS_L-SUBS_patch",NA,NA,NA,NA,NA,"Quadrat_photo||Canopy_photo||Litter_collection","MOAB","S25"
"361",2028,"Leaves",1.2599,1.2456,0.0143,NA,"",0.0143,241,"MOAB107",42,10,"15-05-2025 17:10:30.750 -0600","POINTZ(-109.36871297 38.270452375 1844.08)",38.270452375,-109.36871297,1844.08,0,1.74,2,0.11,0.25,1.15,0.62,0.97,29,27,"L-PGRASS",NA,"N",NA,"N",NA,"N",NA,"CRST",NA,"OPEN",NA,30,"LT-H",NA,0,1,2,1,1,"L-PGRASS_L-SUBS_patch",NA,NA,NA,NA,NA,"Quadrat_photo||Canopy_photo||Litter_collection","MOAB","S25"
"362",2029,"Grass",1.5132,1.3258,0.1874,NA,"",0.1874,246,"MOAB107",47,5,"15-05-2025 17:18:29.250 -0600","POINTZ(-109.368721342 38.27041065 1842.233)",38.27041065,-109.368721342,1842.233,0,1.74,2,0.11,0.26,1.2,0.61,1.04,30,26,"N",NA,"N",NA,"N",NA,"N",NA,"CRST",NA,"OPEN",NA,0,"H_W",NA,2,2,0,0,2,"L-PGRASS_PATCH",NA,NA,NA,NA,NA,"Quadrat_photo||Canopy_photo||Litter_collection","MOAB","S25"
"363",2029,"Leaves",1.3598,1.3294,0.0304,NA,"",0.0304,246,"MOAB107",47,5,"15-05-2025 17:18:29.250 -0600","POINTZ(-109.368721342 38.27041065 1842.233)",38.27041065,-109.368721342,1842.233,0,1.74,2,0.11,0.26,1.2,0.61,1.04,30,26,"N",NA,"N",NA,"N",NA,"N",NA,"CRST",NA,"OPEN",NA,0,"H_W",NA,2,2,0,0,2,"L-PGRASS_PATCH",NA,NA,NA,NA,NA,"Quadrat_photo||Canopy_photo||Litter_collection","MOAB","S25"
"364",2031,"Grass",2.2731,1.319,0.9541,NA,"resorted and reweighed 15-Jun-2026",0.9541,769,"MOAB137",7,45,"16-05-2025 08:15:34.000 -0600","POINTZ(-109.418717583 38.264215032 1790.753)",38.264215032,-109.418717583,1790.753,0,1.74,2,0.096,0.19,0.87,0.48,0.73,40,31,"N",NA,"N",NA,"N",NA,"N",NA,"SOIL",NA,"OPEN",NA,0,"LT-H",NA,3,1,1,1,1,"L-PGRASS_patch","L-ARTR_90N_55H_140L_110P","L-ARTR_70SW_45H_65L_65P",NA,NA,NA,"Quadrat_photo||Canopy_photo||Litter_collection","MOAB","S25"
"365",2033,"Ambiguous",1.6388,1.309,0.3298,NA,"",0.3298,779,"MOAB137",17,35,"16-05-2025 08:31:28.250 -0600","POINTZ(-109.418743315 38.264126802 1791.013)",38.264126802,-109.418743315,1791.013,0,1.74,2,0.1,0.25,0.94,0.52,0.78,40,30,"N",NA,"N",NA,"N",NA,"N",NA,"CRST",NA,"OPEN",NA,0,"LT-H",NA,1,0,1,0,0,"L-PGRASS_patch","L-ARTR_45NE_35H_90L_65P","L-ARTR_60NW_50H_70L_60P",NA,NA,NA,"Quadrat_photo||Canopy_photo||Litter_collection","MOAB","S25"
"366",2033,"Grass",1.4144,1.3165,0.0979,NA,"",0.0979,779,"MOAB137",17,35,"16-05-2025 08:31:28.250 -0600","POINTZ(-109.418743315 38.264126802 1791.013)",38.264126802,-109.418743315,1791.013,0,1.74,2,0.1,0.25,0.94,0.52,0.78,40,30,"N",NA,"N",NA,"N",NA,"N",NA,"CRST",NA,"OPEN",NA,0,"LT-H",NA,1,0,1,0,0,"L-PGRASS_patch","L-ARTR_45NE_35H_90L_65P","L-ARTR_60NW_50H_70L_60P",NA,NA,NA,"Quadrat_photo||Canopy_photo||Litter_collection","MOAB","S25"
"367",2033,"Leaves",1.3666,1.3232,0.0434,NA,"",0.0434,779,"MOAB137",17,35,"16-05-2025 08:31:28.250 -0600","POINTZ(-109.418743315 38.264126802 1791.013)",38.264126802,-109.418743315,1791.013,0,1.74,2,0.1,0.25,0.94,0.52,0.78,40,30,"N",NA,"N",NA,"N",NA,"N",NA,"CRST",NA,"OPEN",NA,0,"LT-H",NA,1,0,1,0,0,"L-PGRASS_patch","L-ARTR_45NE_35H_90L_65P","L-ARTR_60NW_50H_70L_60P",NA,NA,NA,"Quadrat_photo||Canopy_photo||Litter_collection","MOAB","S25"
"368",2034,"Grass",3.2804,3.052,0.2284,NA,"",0.2284,784,"MOAB137",22,30,"16-05-2025 08:37:41.750 -0600","POINTZ(-109.418754612 38.264081772 1789.873)",38.264081772,-109.418754612,1789.873,0,1.74,2,0.1,0.28,0.97,0.53,0.82,40,28,"N",NA,"N",NA,"N",NA,"N",NA,"CRST",NA,"OPEN",NA,0,"LT-H",NA,2,1,1,0,2,"L-PGRASS_patch",NA,NA,NA,NA,NA,"Quadrat_photo||Canopy_photo||Litter_collection","MOAB","S25"
"369",2035,"Grass",1.3826,1.2343,0.1483,NA,"resorted and reweighed 15-Jun-2026",0.1483,794,"MOAB137",32,20,"16-05-2025 08:57:30.000 -0600","POINTZ(-109.41878458 38.263994775 1790.177)",38.263994775,-109.41878458,1790.177,0,1.74,2,0.099,0.26,1.08,0.55,0.93,37,27,"L-OTHER","ARTR","N",NA,"N",NA,"N",NA,"CRST",NA,"CANOPY",NA,65,"LT-H",NA,3,1,1,1,5,"L-PGRASS_15NW","L-PGRASS_30SE",NA,NA,NA,NA,"Quadrat_photo||Canopy_photo||Litter_collection","MOAB","S25"
"370",2035,"Leaves",1.7559,1.2411,0.5148,NA,"",0.5148,794,"MOAB137",32,20,"16-05-2025 08:57:30.000 -0600","POINTZ(-109.41878458 38.263994775 1790.177)",38.263994775,-109.41878458,1790.177,0,1.74,2,0.099,0.26,1.08,0.55,0.93,37,27,"L-OTHER","ARTR","N",NA,"N",NA,"N",NA,"CRST",NA,"CANOPY",NA,65,"LT-H",NA,3,1,1,1,5,"L-PGRASS_15NW","L-PGRASS_30SE",NA,NA,NA,NA,"Quadrat_photo||Canopy_photo||Litter_collection","MOAB","S25"
"371",2037,"Grass",2.2674,1.3154,0.952,NA,"",0.952,804,"MOAB137",43,10,"16-05-2025 09:12:28.000 -0600","POINTZ(-109.418819482 38.263905373 1790.283)",38.263905373,-109.418819482,1790.283,0,1.74,2,0.1,0.24,1,0.52,0.85,34,28,"L-PGRASS",NA,"N",NA,"N",NA,"N",NA,"SOIL",NA,"OPEN",NA,5,"LT-H",NA,1,0,1,1,0,"L-PGRASS_patch","L-ARTR_75N_75H_120L_105P","L-ARTR_50SE_35H_100L_75P",NA,NA,NA,"Quadrat_photo||Canopy_photo||Litter_collection","MOAB","S25"
"372",2038,"Grass",2.3092,1.2991,1.0101,NA,"",1.0101,809,"MOAB137",48,5,"16-05-2025 09:20:01.750 -0600","POINTZ(-109.41883123 38.263863157 1790.517)",38.263863157,-109.41883123,1790.517,0,1.74,2,0.1,0.24,1.08,0.54,0.94,33,27,"N",NA,"N",NA,"N",NA,"N",NA,"CRST",NA,"OPEN",NA,0,"LT-H",NA,1,0,3,1,0,"L-PGRASS_patch","L-ARTR_15N_45H_90L_70P","L-ARTR_70SE_40H_115L_65P",NA,NA,NA,"Quadrat_photo||Canopy_photo||Litter_collection","MOAB","S25"
"373",2040,"Grass",1.357,1.3251,0.0319,NA,"",0.0319,256,"MOAB111",7,45,"16-05-2025 10:46:05.750 -0600","POINTZ(-109.440672815 38.26019568 1723.149)",38.26019568,-109.440672815,1723.149,0,1.74,2,0.11,0.26,1.07,0.59,0.89,30,25,"N",NA,"N",NA,"N",NA,"N",NA,"CRST",NA,"OPEN",NA,0,"LT-H",NA,0,0,0,1,0,NA,NA,NA,NA,NA,NA,"Quadrat_photo||Canopy_photo||Litter_collection","MOAB","S25"
"374",2041,"Grass",1.3277,1.3072,0.0205,NA,"",0.0205,261,"MOAB111",12,40,"16-05-2025 10:52:10.750 -0600","POINTZ(-109.4406724 38.260149982 1722.655)",38.260149982,-109.4406724,1722.655,0,1.74,2,0.1,0.21,0.98,0.55,0.81,32,26,"N",NA,"N",NA,"N",NA,"N",NA,"CRST",NA,"OPEN",NA,0,"LT-H",NA,1,0,0,0,1,"L-GUSA_20NE","L-GUSA_L-SUBS_45NW",NA,NA,NA,NA,"Quadrat_photo||Canopy_photo||Litter_collection","MOAB","S25"
"375",2041,"Leaves",1.3697,1.3102,0.0595,NA,"",0.0595,261,"MOAB111",12,40,"16-05-2025 10:52:10.750 -0600","POINTZ(-109.4406724 38.260149982 1722.655)",38.260149982,-109.4406724,1722.655,0,1.74,2,0.1,0.21,0.98,0.55,0.81,32,26,"N",NA,"N",NA,"N",NA,"N",NA,"CRST",NA,"OPEN",NA,0,"LT-H",NA,1,0,0,0,1,"L-GUSA_20NE","L-GUSA_L-SUBS_45NW",NA,NA,NA,NA,"Quadrat_photo||Canopy_photo||Litter_collection","MOAB","S25"
"376",2042,"Ambiguous",3.2048,3.1256,0.0792,NA,"",0.0792,266,"MOAB111",17,35,"16-05-2025 10:57:23.000 -0600","POINTZ(-109.44067344 38.260110288 1722.486)",38.260110288,-109.44067344,1722.486,0,1.74,2,0.11,0.22,1.06,0.58,0.88,31,25,"D-SHRUB",NA,"N",NA,"N",NA,"N",NA,"CRST",NA,"CANOPY",NA,135,"LT-W",NA,1,1,0,0,0,NA,NA,NA,NA,NA,NA,"Quadrat_photo||Canopy_photo||Litter_collection","MOAB","S25"
"377",2043,"Grass",1.3492,1.2465,0.1027,NA,"",0.1027,271,"MOAB111",22,30,"16-05-2025 11:02:36.000 -0600","POINTZ(-109.440674645 38.260059663 1721.018)",38.260059663,-109.440674645,1721.018,0,1.74,2,0.1,0.22,0.95,0.54,0.79,31,27,"N",NA,"N",NA,"N",NA,"N",NA,"CRST",NA,"OPEN",NA,0,"LT-H",NA,1,0,1,0,0,"L-PGRASS_patch",NA,NA,NA,NA,NA,"Quadrat_photo||Canopy_photo||Litter_collection","MOAB","S25"
"378",2043,"Leaves",1.4381,1.3145,0.1236,NA,"",0.1236,271,"MOAB111",22,30,"16-05-2025 11:02:36.000 -0600","POINTZ(-109.440674645 38.260059663 1721.018)",38.260059663,-109.440674645,1721.018,0,1.74,2,0.1,0.22,0.95,0.54,0.79,31,27,"N",NA,"N",NA,"N",NA,"N",NA,"CRST",NA,"OPEN",NA,0,"LT-H",NA,1,0,1,0,0,"L-PGRASS_patch",NA,NA,NA,NA,NA,"Quadrat_photo||Canopy_photo||Litter_collection","MOAB","S25"
"379",2043,"ReproductiveParts",1.555,1.3168,0.2382,NA,"",0.2382,271,"MOAB111",22,30,"16-05-2025 11:02:36.000 -0600","POINTZ(-109.440674645 38.260059663 1721.018)",38.260059663,-109.440674645,1721.018,0,1.74,2,0.1,0.22,0.95,0.54,0.79,31,27,"N",NA,"N",NA,"N",NA,"N",NA,"CRST",NA,"OPEN",NA,0,"LT-H",NA,1,0,1,0,0,"L-PGRASS_patch",NA,NA,NA,NA,NA,"Quadrat_photo||Canopy_photo||Litter_collection","MOAB","S25"
"380",2044,"Grass",1.3811,1.3256,0.0555,NA,"",0.0555,276,"MOAB111",27,25,"16-05-2025 11:06:43.750 -0600","POINTZ(-109.440674022 38.260013912 1721.014)",38.260013912,-109.440674022,1721.014,0,1.74,2,0.11,0.22,0.93,0.53,0.77,31,28,"N",NA,"N",NA,"N",NA,"N",NA,"CRST",NA,"OPEN",NA,0,"LT-H",NA,2,0,2,2,0,NA,NA,NA,NA,NA,NA,"Quadrat_photo||Canopy_photo||Litter_collection","MOAB","S25"
"381",2045,"Leaves",1.8726,1.2368,0.6358,NA,"",0.6358,281,"MOAB111",32,20,"16-05-2025 11:11:48.000 -0600","POINTZ(-109.440671065 38.259968997 1720.51)",38.259968997,-109.440671065,1720.51,0,1.74,2,0.12,0.23,0.95,0.53,0.79,31,28,"N",NA,"N",NA,"N",NA,"N",NA,"CRST",NA,"OPEN",NA,0,"LT-H",NA,0,1,1,1,0,"L-GUSA_L-SUBS_5S",NA,NA,NA,NA,NA,"Quadrat_photo||Canopy_photo||Litter_collection","MOAB","S25"
"382",2045,"ReproductiveParts",1.4567,1.2345,0.2222,NA,"",0.2222,281,"MOAB111",32,20,"16-05-2025 11:11:48.000 -0600","POINTZ(-109.440671065 38.259968997 1720.51)",38.259968997,-109.440671065,1720.51,0,1.74,2,0.12,0.23,0.95,0.53,0.79,31,28,"N",NA,"N",NA,"N",NA,"N",NA,"CRST",NA,"OPEN",NA,0,"LT-H",NA,0,1,1,1,0,"L-GUSA_L-SUBS_5S",NA,NA,NA,NA,NA,"Quadrat_photo||Canopy_photo||Litter_collection","MOAB","S25"
"383",2046,"Leaves",34.5422,2.8209,31.7213,NA,"",31.7213,286,"MOAB111",37,15,"16-05-2025 11:20:21.000 -0600","POINTZ(-109.440687078 38.259929837 1720.923)",38.259929837,-109.440687078,1720.923,0,1.74,2,0.13,0.24,0.86,0.5,0.71,34,30,"L-OTHER","JUOS","N",NA,"N",NA,"N",NA,"SOIL",NA,"CANOPY",NA,375,"H_W",NA,40,50,55,50,30,NA,NA,NA,NA,NA,NA,"Quadrat_photo||Canopy_photo||Litter_collection","MOAB","S25"
"384",2046,"ReproductiveParts",2.0025,1.2125,0.79,NA,"",0.79,286,"MOAB111",37,15,"16-05-2025 11:20:21.000 -0600","POINTZ(-109.440687078 38.259929837 1720.923)",38.259929837,-109.440687078,1720.923,0,1.74,2,0.13,0.24,0.86,0.5,0.71,34,30,"L-OTHER","JUOS","N",NA,"N",NA,"N",NA,"SOIL",NA,"CANOPY",NA,375,"H_W",NA,40,50,55,50,30,NA,NA,NA,NA,NA,NA,"Quadrat_photo||Canopy_photo||Litter_collection","MOAB","S25"
"385",2047,"Ambiguous",3.9852,1.3486,2.6366,NA,"",2.6366,789,"MOAB137",27,25,"16-05-2025 08:47:13.250 -0600","POINTZ(-109.418770572 38.26403797 1790.185)",38.26403797,-109.418770572,1790.185,0,1.74,2,0.098,0.26,1.04,0.54,0.88,40,28,"L-OTHER","ACHY","N",NA,"N",NA,"N",NA,"SOIL",NA,"CANOPY",NA,30,"OTHER","H_DUNG",2,2,1,3,0,"L-ACHY_L-KRLA_L-FORB_patch",NA,NA,NA,NA,NA,"Quadrat_photo||Canopy_photo||Litter_collection","MOAB","S25"
"386",2047,"Grass",1.9757,1.3079,0.6678,NA,"",0.6678,789,"MOAB137",27,25,"16-05-2025 08:47:13.250 -0600","POINTZ(-109.418770572 38.26403797 1790.185)",38.26403797,-109.418770572,1790.185,0,1.74,2,0.098,0.26,1.04,0.54,0.88,40,28,"L-OTHER","ACHY","N",NA,"N",NA,"N",NA,"SOIL",NA,"CANOPY",NA,30,"OTHER","H_DUNG",2,2,1,3,0,"L-ACHY_L-KRLA_L-FORB_patch",NA,NA,NA,NA,NA,"Quadrat_photo||Canopy_photo||Litter_collection","MOAB","S25"
"387",2047,"Leaves",1.4918,1.3355,0.1563,NA,"",0.1563,789,"MOAB137",27,25,"16-05-2025 08:47:13.250 -0600","POINTZ(-109.418770572 38.26403797 1790.185)",38.26403797,-109.418770572,1790.185,0,1.74,2,0.098,0.26,1.04,0.54,0.88,40,28,"L-OTHER","ACHY","N",NA,"N",NA,"N",NA,"SOIL",NA,"CANOPY",NA,30,"OTHER","H_DUNG",2,2,1,3,0,"L-ACHY_L-KRLA_L-FORB_patch",NA,NA,NA,NA,NA,"Quadrat_photo||Canopy_photo||Litter_collection","MOAB","S25"
"388",2048,"Leaves",1.4189,1.3109,0.108,NA,"",0.108,291,"MOAB111",42,10,"16-05-2025 11:33:35.500 -0600","POINTZ(-109.440694115 38.25988724 1720.145)",38.25988724,-109.440694115,1720.145,0,1.74,2,0.1,0.21,0.93,0.51,0.77,32,29,"N",NA,"N",NA,"N",NA,"N",NA,"SOIL",NA,"WASH",NA,0,"LT-H",NA,0,0,1,0,0,"L-JUOS_55N_375H_800L_550P","D-SUBS_25N",NA,NA,NA,NA,NA,"MOAB","S25"
"389",2051,"Ambiguous",1.3314,1.2406,0.0908,NA,"",0.0908,939,"MOAB150",6,45,"16-05-2025 15:12:45.000 -0600","POINTZ(-109.419747047 38.253651047 1758.803)",38.253651047,-109.419747047,1758.803,0,1.74,2,0.11,0.25,1.01,0.52,0.86,39,30,"N",NA,"N",NA,"N",NA,"N",NA,"CRST",NA,"OPEN",NA,0,"LT-H",NA,0,0,1,0,0,"L-PGRASS_patch",NA,NA,NA,NA,NA,"Quadrat_photo||Canopy_photo||Litter_collection","MOAB","S25"
"390",2051,"Leaves",1.3748,1.231,0.1438,NA,"",0.1438,939,"MOAB150",6,45,"16-05-2025 15:12:45.000 -0600","POINTZ(-109.419747047 38.253651047 1758.803)",38.253651047,-109.419747047,1758.803,0,1.74,2,0.11,0.25,1.01,0.52,0.86,39,30,"N",NA,"N",NA,"N",NA,"N",NA,"CRST",NA,"OPEN",NA,0,"LT-H",NA,0,0,1,0,0,"L-PGRASS_patch",NA,NA,NA,NA,NA,"Quadrat_photo||Canopy_photo||Litter_collection","MOAB","S25"
"391",2051,"ReproductiveParts",1.328,1.2383,0.0897,NA,"",0.0897,939,"MOAB150",6,45,"16-05-2025 15:12:45.000 -0600","POINTZ(-109.419747047 38.253651047 1758.803)",38.253651047,-109.419747047,1758.803,0,1.74,2,0.11,0.25,1.01,0.52,0.86,39,30,"N",NA,"N",NA,"N",NA,"N",NA,"CRST",NA,"OPEN",NA,0,"LT-H",NA,0,0,1,0,0,"L-PGRASS_patch",NA,NA,NA,NA,NA,"Quadrat_photo||Canopy_photo||Litter_collection","MOAB","S25"
"392",2052,"ReproductiveParts",1.2723,1.236,0.0363,NA,"",0.0363,944,"MOAB150",11,40,"16-05-2025 15:16:50.000 -0600","POINTZ(-109.419750598 38.25360643 1758.873)",38.25360643,-109.419750598,1758.873,0,1.74,2,0.11,0.24,0.91,0.48,0.77,38,32,"N",NA,"N",NA,"N",NA,"N",NA,"BEDROCK",NA,"OPEN",NA,0,"OTHER","B",0,0,0,0,0,NA,NA,NA,NA,NA,NA,"Quadrat_photo||Canopy_photo||Litter_collection","MOAB","S25"
"393",2054,"Grass",1.459,1.3475,0.1115,NA,"",0.1115,954,"MOAB150",21,30,"16-05-2025 15:29:46.750 -0600","POINTZ(-109.419760503 38.253518707 1758.064)",38.253518707,-109.419760503,1758.064,0,1.74,2,0.12,0.26,0.99,0.5,0.85,37,31,"N",NA,"N",NA,"N",NA,"N",NA,"CRST",NA,"OPEN",NA,0,"LT-H",NA,0,0,1,0,2,"L-BOGR_L-AGRASS_patch",NA,NA,NA,NA,NA,"Quadrat_photo||Canopy_photo||Litter_collection","MOAB","S25"
"394",2057,"Ambiguous",35.9435,3.0624,32.8811,NA,"",32.8811,969,"MOAB150",37,15,"16-05-2025 15:46:02.750 -0600","POINTZ(-109.419770833 38.253385393 1757.915)",38.253385393,-109.419770833,1757.915,0,1.74,2,0.12,0.23,0.98,0.49,0.85,39,31,"L-OTHER","JUOS","N",NA,"N",NA,"N",NA,"SOIL",NA,"CANOPY",NA,525,"H_W_B",NA,30,20,30,20,5,"L-PGRASS_L-AGRASS_patch","L-SUBS_95N",NA,NA,NA,"20250516214710.jpg","Quadrat_photo||Canopy_photo||Litter_collection","MOAB","S25"
"395",2057,"Grass",4.2198,3.09,1.1298,NA,"",1.1298,969,"MOAB150",37,15,"16-05-2025 15:46:02.750 -0600","POINTZ(-109.419770833 38.253385393 1757.915)",38.253385393,-109.419770833,1757.915,0,1.74,2,0.12,0.23,0.98,0.49,0.85,39,31,"L-OTHER","JUOS","N",NA,"N",NA,"N",NA,"SOIL",NA,"CANOPY",NA,525,"H_W_B",NA,30,20,30,20,5,"L-PGRASS_L-AGRASS_patch","L-SUBS_95N",NA,NA,NA,"20250516214710.jpg","Quadrat_photo||Canopy_photo||Litter_collection","MOAB","S25"
"396",2057,"Leaves",7.033,3.0653,3.9677,NA,"",3.9677,969,"MOAB150",37,15,"16-05-2025 15:46:02.750 -0600","POINTZ(-109.419770833 38.253385393 1757.915)",38.253385393,-109.419770833,1757.915,0,1.74,2,0.12,0.23,0.98,0.49,0.85,39,31,"L-OTHER","JUOS","N",NA,"N",NA,"N",NA,"SOIL",NA,"CANOPY",NA,525,"H_W_B",NA,30,20,30,20,5,"L-PGRASS_L-AGRASS_patch","L-SUBS_95N",NA,NA,NA,"20250516214710.jpg","Quadrat_photo||Canopy_photo||Litter_collection","MOAB","S25"
"397",2057,"ReproductiveParts",3.6737,1.3142,2.3595,NA,"",2.3595,969,"MOAB150",37,15,"16-05-2025 15:46:02.750 -0600","POINTZ(-109.419770833 38.253385393 1757.915)",38.253385393,-109.419770833,1757.915,0,1.74,2,0.12,0.23,0.98,0.49,0.85,39,31,"L-OTHER","JUOS","N",NA,"N",NA,"N",NA,"SOIL",NA,"CANOPY",NA,525,"H_W_B",NA,30,20,30,20,5,"L-PGRASS_L-AGRASS_patch","L-SUBS_95N",NA,NA,NA,"20250516214710.jpg","Quadrat_photo||Canopy_photo||Litter_collection","MOAB","S25"
"398",2058,"ReproductiveParts",2.314,1.239,1.075,NA,"",1.075,974,"MOAB150",42,10,"16-05-2025 15:56:11.000 -0600","POINTZ(-109.419768563 38.253338195 1756.486)",38.253338195,-109.419768563,1756.486,0,1.74,2,0.14,0.29,1.01,0.51,0.88,38,30,"L-OTHER","JUOS","N",NA,"N",NA,"N",NA,"SOIL",NA,"CANOPY",NA,525,"H_W",NA,10,15,55,25,20,NA,NA,NA,NA,NA,NA,"Quadrat_photo||Canopy_photo||Litter_collection","MOAB","S25"
"399",2061,"Ambiguous",11.8734,2.8659,9.0075,NA,"envelope labeled as ""fine nonwoody""",9.0075,624,"MOAB128",6,45,"17-05-2025 09:16:55.750 -0600","POINTZ(-109.357470868 38.282325638 1973.498)",38.282325638,-109.357470868,1973.498,0,1.74,2,0.12,0.26,1.12,0.57,0.97,31,26,"D-AGRASS",NA,"N",NA,"N",NA,"N",NA,"SOIL",NA,"OTHER","CANOPY_WOOD",15,"H_W_B",NA,25,45,35,30,20,"L-JUOS_75SE_550H_580L_470P","D-AGRASS_patch",NA,NA,NA,NA,"Quadrat_photo||Canopy_photo||Litter_collection","MOAB","S25"
"400",2061,"ReproductiveParts",3.8017,1.2533,2.5484,NA,"envelope labeled as ""seeds""",2.5484,624,"MOAB128",6,45,"17-05-2025 09:16:55.750 -0600","POINTZ(-109.357470868 38.282325638 1973.498)",38.282325638,-109.357470868,1973.498,0,1.74,2,0.12,0.26,1.12,0.57,0.97,31,26,"D-AGRASS",NA,"N",NA,"N",NA,"N",NA,"SOIL",NA,"OTHER","CANOPY_WOOD",15,"H_W_B",NA,25,45,35,30,20,"L-JUOS_75SE_550H_580L_470P","D-AGRASS_patch",NA,NA,NA,NA,"Quadrat_photo||Canopy_photo||Litter_collection","MOAB","S25"
"401",2061,"Grass",1.5152,1.2612,0.254,NA,"",0.254,624,"MOAB128",6,45,"17-05-2025 09:16:55.750 -0600","POINTZ(-109.357470868 38.282325638 1973.498)",38.282325638,-109.357470868,1973.498,0,1.74,2,0.12,0.26,1.12,0.57,0.97,31,26,"D-AGRASS",NA,"N",NA,"N",NA,"N",NA,"SOIL",NA,"OTHER","CANOPY_WOOD",15,"H_W_B",NA,25,45,35,30,20,"L-JUOS_75SE_550H_580L_470P","D-AGRASS_patch",NA,NA,NA,NA,"Quadrat_photo||Canopy_photo||Litter_collection","MOAB","S25"
"402",2061,"Leaves",4.3279,1.2482,3.0797,NA,"",3.0797,624,"MOAB128",6,45,"17-05-2025 09:16:55.750 -0600","POINTZ(-109.357470868 38.282325638 1973.498)",38.282325638,-109.357470868,1973.498,0,1.74,2,0.12,0.26,1.12,0.57,0.97,31,26,"D-AGRASS",NA,"N",NA,"N",NA,"N",NA,"SOIL",NA,"OTHER","CANOPY_WOOD",15,"H_W_B",NA,25,45,35,30,20,"L-JUOS_75SE_550H_580L_470P","D-AGRASS_patch",NA,NA,NA,NA,"Quadrat_photo||Canopy_photo||Litter_collection","MOAB","S25"
"403",2061,"Ambiguous",2.1552,1.3384,0.8168,NA,"",0.8168,624,"MOAB128",6,45,"17-05-2025 09:16:55.750 -0600","POINTZ(-109.357470868 38.282325638 1973.498)",38.282325638,-109.357470868,1973.498,0,1.74,2,0.12,0.26,1.12,0.57,0.97,31,26,"D-AGRASS",NA,"N",NA,"N",NA,"N",NA,"SOIL",NA,"OTHER","CANOPY_WOOD",15,"H_W_B",NA,25,45,35,30,20,"L-JUOS_75SE_550H_580L_470P","D-AGRASS_patch",NA,NA,NA,NA,"Quadrat_photo||Canopy_photo||Litter_collection","MOAB","S25"
"404",2062,"ReproductiveParts",1.5698,1.3228,0.247,NA,"envelope labeled as ""seed""",0.247,629,"MOAB128",14,40,"17-05-2025 09:29:26.500 -0600","POINTZ(-109.357467953 38.282280865 1973.214)",38.282280865,-109.357467953,1973.214,0,1.74,2,0.11,0.25,1.13,0.58,0.97,30,26,"D-CACT","PI","N",NA,"N",NA,"N",NA,"SOIL",NA,"OTHER","CANOPY_WOOD",300,"H_W_B",NA,5,10,5,8,3,"L-JUOS_100N_550H_580L_470P","L-FORB_40W",NA,NA,NA,NA,"Quadrat_photo||Canopy_photo||Litter_collection","MOAB","S25"
"405",2062,"Ambiguous",3.4614,1.2991,2.1623,NA,"has a lot of soil; resieved and floated and reweighed on 06-Jun-2026",2.1623,629,"MOAB128",14,40,"17-05-2025 09:29:26.500 -0600","POINTZ(-109.357467953 38.282280865 1973.214)",38.282280865,-109.357467953,1973.214,0,1.74,2,0.11,0.25,1.13,0.58,0.97,30,26,"D-CACT","PI","N",NA,"N",NA,"N",NA,"SOIL",NA,"OTHER","CANOPY_WOOD",300,"H_W_B",NA,5,10,5,8,3,"L-JUOS_100N_550H_580L_470P","L-FORB_40W",NA,NA,NA,NA,"Quadrat_photo||Canopy_photo||Litter_collection","MOAB","S25"
"406",2062,"Leaves",3.7373,1.3161,2.4212,NA,"",2.4212,629,"MOAB128",14,40,"17-05-2025 09:29:26.500 -0600","POINTZ(-109.357467953 38.282280865 1973.214)",38.282280865,-109.357467953,1973.214,0,1.74,2,0.11,0.25,1.13,0.58,0.97,30,26,"D-CACT","PI","N",NA,"N",NA,"N",NA,"SOIL",NA,"OTHER","CANOPY_WOOD",300,"H_W_B",NA,5,10,5,8,3,"L-JUOS_100N_550H_580L_470P","L-FORB_40W",NA,NA,NA,NA,"Quadrat_photo||Canopy_photo||Litter_collection","MOAB","S25"
"407",2063,"Ambiguous",4.1926,1.3053,2.8873,NA,"",2.8873,634,"MOAB128",19,35,"17-05-2025 09:37:02.500 -0600","POINTZ(-109.357468895 38.282236008 1973.509)",38.282236008,-109.357468895,1973.509,0,1.74,2,0.11,0.26,1.12,0.58,0.96,31,26,"N",NA,"N",NA,"N",NA,"N",NA,"SOIL",NA,"OPEN",NA,0,"H_W",NA,1,1,1,1,1,NA,NA,NA,NA,NA,NA,"Quadrat_photo||Canopy_photo||Litter_collection","MOAB","S25"
"408",2063,"Forbs",1.4254,1.2999,0.1255,NA,"",0.1255,634,"MOAB128",19,35,"17-05-2025 09:37:02.500 -0600","POINTZ(-109.357468895 38.282236008 1973.509)",38.282236008,-109.357468895,1973.509,0,1.74,2,0.11,0.26,1.12,0.58,0.96,31,26,"N",NA,"N",NA,"N",NA,"N",NA,"SOIL",NA,"OPEN",NA,0,"H_W",NA,1,1,1,1,1,NA,NA,NA,NA,NA,NA,"Quadrat_photo||Canopy_photo||Litter_collection","MOAB","S25"
"409",2063,"Grass",1.5053,1.3004,0.2049,NA,"",0.2049,634,"MOAB128",19,35,"17-05-2025 09:37:02.500 -0600","POINTZ(-109.357468895 38.282236008 1973.509)",38.282236008,-109.357468895,1973.509,0,1.74,2,0.11,0.26,1.12,0.58,0.96,31,26,"N",NA,"N",NA,"N",NA,"N",NA,"SOIL",NA,"OPEN",NA,0,"H_W",NA,1,1,1,1,1,NA,NA,NA,NA,NA,NA,"Quadrat_photo||Canopy_photo||Litter_collection","MOAB","S25"
"410",2063,"ReproductiveParts",1.483,1.3247,0.1583,NA,"",0.1583,634,"MOAB128",19,35,"17-05-2025 09:37:02.500 -0600","POINTZ(-109.357468895 38.282236008 1973.509)",38.282236008,-109.357468895,1973.509,0,1.74,2,0.11,0.26,1.12,0.58,0.96,31,26,"N",NA,"N",NA,"N",NA,"N",NA,"SOIL",NA,"OPEN",NA,0,"H_W",NA,1,1,1,1,1,NA,NA,NA,NA,NA,NA,"Quadrat_photo||Canopy_photo||Litter_collection","MOAB","S25"
"411",2064,"Grass",1.3428,1.3125,0.0303,NA,"",0.0303,639,"MOAB128",25,30,"17-05-2025 09:48:55.750 -0600","POINTZ(-109.3574711 38.282199552 1975.213)",38.282199552,-109.3574711,1975.213,0,1.74,2,0.19,0.42,1.04,0.58,0.87,33,27,"L-OTHER","JUOS","N",NA,"N",NA,"N",NA,"CRST",NA,"CANOPY",NA,250,"LT-H",NA,5,4,2,2,8,"D-FORB_patch",NA,NA,NA,NA,NA,"Quadrat_photo||Canopy_photo||Litter_collection","MOAB","S25"
"412",2064,"Leaves",4.0954,1.3038,2.7916,NA,"resorted and reweighed 06-Jun-2026",2.7916,639,"MOAB128",25,30,"17-05-2025 09:48:55.750 -0600","POINTZ(-109.3574711 38.282199552 1975.213)",38.282199552,-109.3574711,1975.213,0,1.74,2,0.19,0.42,1.04,0.58,0.87,33,27,"L-OTHER","JUOS","N",NA,"N",NA,"N",NA,"CRST",NA,"CANOPY",NA,250,"LT-H",NA,5,4,2,2,8,"D-FORB_patch",NA,NA,NA,NA,NA,"Quadrat_photo||Canopy_photo||Litter_collection","MOAB","S25"
"413",2064,"ReproductiveParts",2.186,1.3178,0.8682,NA,"",0.8682,639,"MOAB128",25,30,"17-05-2025 09:48:55.750 -0600","POINTZ(-109.3574711 38.282199552 1975.213)",38.282199552,-109.3574711,1975.213,0,1.74,2,0.19,0.42,1.04,0.58,0.87,33,27,"L-OTHER","JUOS","N",NA,"N",NA,"N",NA,"CRST",NA,"CANOPY",NA,250,"LT-H",NA,5,4,2,2,8,"D-FORB_patch",NA,NA,NA,NA,NA,"Quadrat_photo||Canopy_photo||Litter_collection","MOAB","S25"
"414",2065,"Leaves",1.5453,1.3467,0.1986,NA,"",0.1986,644,"MOAB128",30,25,"17-05-2025 09:58:43.000 -0600","POINTZ(-109.357468453 38.282147965 1975.846)",38.282147965,-109.357468453,1975.846,0,1.74,2,0.11,0.25,1.05,0.6,0.87,34,27,"N",NA,"N",NA,"N",NA,"N",NA,"SOIL",NA,"OPEN",NA,0,"H_W",NA,0,1,0,0,0,"L-JUOS_45N_250H_620L_350P",NA,NA,NA,NA,NA,"Quadrat_photo||Canopy_photo||Litter_collection","MOAB","S25"
"415",2065,"ReproductiveParts",1.5091,1.3244,0.1847,NA,"",0.1847,644,"MOAB128",30,25,"17-05-2025 09:58:43.000 -0600","POINTZ(-109.357468453 38.282147965 1975.846)",38.282147965,-109.357468453,1975.846,0,1.74,2,0.11,0.25,1.05,0.6,0.87,34,27,"N",NA,"N",NA,"N",NA,"N",NA,"SOIL",NA,"OPEN",NA,0,"H_W",NA,0,1,0,0,0,"L-JUOS_45N_250H_620L_350P",NA,NA,NA,NA,NA,"Quadrat_photo||Canopy_photo||Litter_collection","MOAB","S25"
"416",2066,"Ambiguous",2.2298,1.3378,0.892,NA,"",0.892,648,"MOAB128",36,20,"17-05-2025 10:08:47.750 -0600","POINTZ(-109.3574611 38.282104323 1977.224)",38.282104323,-109.3574611,1977.224,0,1.74,2,0.1,0.23,0.95,0.55,0.78,35,27,"N",NA,"N",NA,"N",NA,"N",NA,"CRST",NA,"OPEN",NA,0,"H_W",NA,2,1,1,1,1,"L-JUOS_95SW_300H_500L_450P","L-FORB_50N",NA,NA,NA,NA,"Quadrat_photo||Canopy_photo||Litter_collection","MOAB","S25"
"417",2066,"Leaves",2.9299,1.3066,1.6233,NA,"",1.6233,648,"MOAB128",36,20,"17-05-2025 10:08:47.750 -0600","POINTZ(-109.3574611 38.282104323 1977.224)",38.282104323,-109.3574611,1977.224,0,1.74,2,0.1,0.23,0.95,0.55,0.78,35,27,"N",NA,"N",NA,"N",NA,"N",NA,"CRST",NA,"OPEN",NA,0,"H_W",NA,2,1,1,1,1,"L-JUOS_95SW_300H_500L_450P","L-FORB_50N",NA,NA,NA,NA,"Quadrat_photo||Canopy_photo||Litter_collection","MOAB","S25"
"418",2066,"ReproductiveParts",2.1579,1.3149,0.843,NA,"",0.843,648,"MOAB128",36,20,"17-05-2025 10:08:47.750 -0600","POINTZ(-109.3574611 38.282104323 1977.224)",38.282104323,-109.3574611,1977.224,0,1.74,2,0.1,0.23,0.95,0.55,0.78,35,27,"N",NA,"N",NA,"N",NA,"N",NA,"CRST",NA,"OPEN",NA,0,"H_W",NA,2,1,1,1,1,"L-JUOS_95SW_300H_500L_450P","L-FORB_50N",NA,NA,NA,NA,"Quadrat_photo||Canopy_photo||Litter_collection","MOAB","S25"
"419",2067,"Ambiguous",2.1966,1.3277,0.8689,NA,"",0.8689,653,"MOAB128",44,15,"17-05-2025 10:22:02.750 -0600","POINTZ(-109.35745142 38.28205991 1977.648)",38.28205991,-109.35745142,1977.648,0,1.74,2,0.12,0.28,0.92,0.54,0.74,37,27,"N",NA,"N",NA,"N",NA,"N",NA,"SOIL",NA,"OPEN",NA,0,"H_W",NA,2,3,1,3,2,"L-JUOS_40NW_300H_500L_450P","L-JUOS_85SE_350H_500L_350P","L-FORB_70SW",NA,NA,NA,"Quadrat_photo||Canopy_photo||Litter_collection","MOAB","S25"
"420",2067,"Leaves",4.4308,3.0901,1.3407,NA,"",1.3407,653,"MOAB128",44,15,"17-05-2025 10:22:02.750 -0600","POINTZ(-109.35745142 38.28205991 1977.648)",38.28205991,-109.35745142,1977.648,0,1.74,2,0.12,0.28,0.92,0.54,0.74,37,27,"N",NA,"N",NA,"N",NA,"N",NA,"SOIL",NA,"OPEN",NA,0,"H_W",NA,2,3,1,3,2,"L-JUOS_40NW_300H_500L_450P","L-JUOS_85SE_350H_500L_350P","L-FORB_70SW",NA,NA,NA,"Quadrat_photo||Canopy_photo||Litter_collection","MOAB","S25"
"421",2067,"ReproductiveParts",1.5293,1.3298,0.1995,NA,"",0.1995,653,"MOAB128",44,15,"17-05-2025 10:22:02.750 -0600","POINTZ(-109.35745142 38.28205991 1977.648)",38.28205991,-109.35745142,1977.648,0,1.74,2,0.12,0.28,0.92,0.54,0.74,37,27,"N",NA,"N",NA,"N",NA,"N",NA,"SOIL",NA,"OPEN",NA,0,"H_W",NA,2,3,1,3,2,"L-JUOS_40NW_300H_500L_450P","L-JUOS_85SE_350H_500L_350P","L-FORB_70SW",NA,NA,NA,"Quadrat_photo||Canopy_photo||Litter_collection","MOAB","S25"
"422",2068,"Grass",1.3902,1.3107,0.0795,NA,"",0.0795,658,"MOAB128",49,10,"17-05-2025 10:32:01.000 -0600","POINTZ(-109.357442873 38.28201428 1978.396)",38.28201428,-109.357442873,1978.396,0,1.74,2,0.1,0.2,0.88,0.52,0.7,37,28,"N",NA,"N",NA,"N",NA,"N",NA,"SOIL",NA,"OPEN",NA,0,"H_W",NA,1,0,0,1,0,NA,NA,NA,NA,NA,NA,"Quadrat_photo||Canopy_photo||Litter_collection","MOAB","S25"
"423",2068,"Leaves",1.5749,1.326,0.2489,NA,"",0.2489,658,"MOAB128",49,10,"17-05-2025 10:32:01.000 -0600","POINTZ(-109.357442873 38.28201428 1978.396)",38.28201428,-109.357442873,1978.396,0,1.74,2,0.1,0.2,0.88,0.52,0.7,37,28,"N",NA,"N",NA,"N",NA,"N",NA,"SOIL",NA,"OPEN",NA,0,"H_W",NA,1,0,0,1,0,NA,NA,NA,NA,NA,NA,"Quadrat_photo||Canopy_photo||Litter_collection","MOAB","S25"
"424",2068,"ReproductiveParts",1.4569,1.3215,0.1354,NA,"",0.1354,658,"MOAB128",49,10,"17-05-2025 10:32:01.000 -0600","POINTZ(-109.357442873 38.28201428 1978.396)",38.28201428,-109.357442873,1978.396,0,1.74,2,0.1,0.2,0.88,0.52,0.7,37,28,"N",NA,"N",NA,"N",NA,"N",NA,"SOIL",NA,"OPEN",NA,0,"H_W",NA,1,0,0,1,0,NA,NA,NA,NA,NA,NA,"Quadrat_photo||Canopy_photo||Litter_collection","MOAB","S25"
"425",2069,"Leaves",1.81,1.2169,0.5931,NA,"",0.5931,663,"MOAB128",55,5,"17-05-2025 10:43:01.500 -0600","POINTZ(-109.357436408 38.281964187 1977.992)",38.281964187,-109.357436408,1977.992,0,1.74,2,0.11,0.21,0.92,0.53,0.76,37,27,"N",NA,"N",NA,"N",NA,"N",NA,"CRST",NA,"OPEN",NA,0,"LT-H",NA,1,1,1,1,0,"L-JUOS_100NE_550H_400L_350P","L-SHRUB_55W_50H_70L_50P","L-PI_75W_275H_375L_325P",NA,NA,NA,"Quadrat_photo||Canopy_photo||Litter_collection","MOAB","S25"
"426",2069,"ReproductiveParts",1.4227,1.2178,0.2049,NA,"",0.2049,663,"MOAB128",55,5,"17-05-2025 10:43:01.500 -0600","POINTZ(-109.357436408 38.281964187 1977.992)",38.281964187,-109.357436408,1977.992,0,1.74,2,0.11,0.21,0.92,0.53,0.76,37,27,"N",NA,"N",NA,"N",NA,"N",NA,"CRST",NA,"OPEN",NA,0,"LT-H",NA,1,1,1,1,0,"L-JUOS_100NE_550H_400L_350P","L-SHRUB_55W_50H_70L_50P","L-PI_75W_275H_375L_325P",NA,NA,NA,"Quadrat_photo||Canopy_photo||Litter_collection","MOAB","S25"
"427",2070,"Ambiguous",4.4385,1.2928,3.1457,NA,"",3.1457,400,"MOAB118",1,50,"17-05-2025 12:33:41.750 -0600","POINTZ(-109.340226693 38.269396023 1970.499)",38.269396023,-109.340226693,1970.499,0,1.74,2,0.1,0.26,0.96,0.51,0.81,42,28,"L-OTHER","ARTR","L-PGRASS",NA,"N",NA,"N",NA,"SOIL",NA,"CANOPY",NA,85,"H_W",NA,0,2,3,1,1,"L-PGRASS_patch","L-ARTR_95SW_90H_80L_65P",NA,NA,NA,NA,"Quadrat_photo||Canopy_photo||Litter_collection","MOAB","S25"
"428",2070,"Grass",1.6808,1.3108,0.37,NA,"",0.37,400,"MOAB118",1,50,"17-05-2025 12:33:41.750 -0600","POINTZ(-109.340226693 38.269396023 1970.499)",38.269396023,-109.340226693,1970.499,0,1.74,2,0.1,0.26,0.96,0.51,0.81,42,28,"L-OTHER","ARTR","L-PGRASS",NA,"N",NA,"N",NA,"SOIL",NA,"CANOPY",NA,85,"H_W",NA,0,2,3,1,1,"L-PGRASS_patch","L-ARTR_95SW_90H_80L_65P",NA,NA,NA,NA,"Quadrat_photo||Canopy_photo||Litter_collection","MOAB","S25"
"429",2070,"Leaves",1.4356,1.3076,0.128,NA,"",0.128,400,"MOAB118",1,50,"17-05-2025 12:33:41.750 -0600","POINTZ(-109.340226693 38.269396023 1970.499)",38.269396023,-109.340226693,1970.499,0,1.74,2,0.1,0.26,0.96,0.51,0.81,42,28,"L-OTHER","ARTR","L-PGRASS",NA,"N",NA,"N",NA,"SOIL",NA,"CANOPY",NA,85,"H_W",NA,0,2,3,1,1,"L-PGRASS_patch","L-ARTR_95SW_90H_80L_65P",NA,NA,NA,NA,"Quadrat_photo||Canopy_photo||Litter_collection","MOAB","S25"
"430",2071,"Grass",1.3768,1.3204,0.0564,NA,"",0.0564,405,"MOAB118",6,45,"17-05-2025 12:40:21.500 -0600","POINTZ(-109.340224422 38.26934983 1970.069)",38.26934983,-109.340224422,1970.069,0,1.74,2,0.098,0.24,0.88,0.48,0.74,41,30,"N",NA,"N",NA,"N",NA,"N",NA,"CRST",NA,"OPEN",NA,0,"LT-H",NA,1,0,1,1,1,"L-PGRASS_patch",NA,NA,NA,NA,NA,"Quadrat_photo||Canopy_photo||Litter_collection","MOAB","S25"
"431",2072,"Grass",1.4825,1.3222,0.1603,NA,"",0.1603,410,"MOAB118",11,40,"17-05-2025 12:48:04.500 -0600","POINTZ(-109.340224832 38.269305607 1969.929)",38.269305607,-109.340224832,1969.929,0,1.74,2,0.11,0.24,0.9,0.48,0.76,39,30,"N",NA,"N",NA,"N",NA,"N",NA,"CRST",NA,"OPEN",NA,0,"LT-H",NA,2,0,0,0,0,"L-PGRASS_patch","L-ARTR_80W_100H_185L_115P",NA,NA,NA,NA,"Quadrat_photo||Canopy_photo||Litter_collection","MOAB","S25"
"432",2073,"Ambiguous",2.1903,1.3346,0.8557,NA,"",0.8557,415,"MOAB118",17,35,"17-05-2025 12:56:38.500 -0600","POINTZ(-109.340223652 38.269262737 1969.889)",38.269262737,-109.340223652,1969.889,0,1.74,2,0.1,0.24,0.92,0.49,0.79,41,30,"N",NA,"N",NA,"N",NA,"N",NA,"SOIL",NA,"OPEN",NA,0,"LT-H",NA,1,1,3,1,1,"L-PGRASS_patch","L-ARTR_25NW_80H_130L_105P","L-ARTR_55NE_70H_160L_85P",NA,NA,NA,"Quadrat_photo||Canopy_photo||Litter_collection","MOAB","S25"
"433",2073,"Grass",2.2125,1.3413,0.8712,NA,"",0.8712,415,"MOAB118",17,35,"17-05-2025 12:56:38.500 -0600","POINTZ(-109.340223652 38.269262737 1969.889)",38.269262737,-109.340223652,1969.889,0,1.74,2,0.1,0.24,0.92,0.49,0.79,41,30,"N",NA,"N",NA,"N",NA,"N",NA,"SOIL",NA,"OPEN",NA,0,"LT-H",NA,1,1,3,1,1,"L-PGRASS_patch","L-ARTR_25NW_80H_130L_105P","L-ARTR_55NE_70H_160L_85P",NA,NA,NA,"Quadrat_photo||Canopy_photo||Litter_collection","MOAB","S25"
"434",2074,"Grass",4.1275,2.869,1.2585,NA,"",1.2585,420,"MOAB118",22,30,"17-05-2025 13:07:12.500 -0600","POINTZ(-109.3402194 38.269220255 1970.838)",38.269220255,-109.3402194,1970.838,0,1.74,2,0.11,0.25,0.99,0.5,0.85,39,29,"L-OTHER","ARTR","L-PGRASS",NA,"N",NA,"N",NA,"SOIL",NA,"CANOPY",NA,75,"LT-H",NA,15,15,20,20,15,"L-PGRASS_patch","L-ARTR_70NW_105H_120L_115P",NA,NA,NA,NA,"Quadrat_photo||Canopy_photo||Litter_collection","MOAB","S25"
"435",2075,"Grass",1.5889,1.2706,0.3183,NA,"",0.3183,425,"MOAB118",27,25,"17-05-2025 13:15:18.750 -0600","POINTZ(-109.34022444 38.269172643 1970.337)",38.269172643,-109.34022444,1970.337,0,1.74,2,0.098,0.23,0.96,0.49,0.82,38,30,"L-OTHER","ARTR","L-PGRASS",NA,"N",NA,"N",NA,"OTHER","MOSS","CANOPY",NA,70,"LT-H",NA,2,2,2,4,2,"L-PGRASS_patch","L-ARTR_45W_105H_150L_120P",NA,NA,NA,NA,"Quadrat_photo||Canopy_photo||Litter_collection","MOAB","S25"
"436",2075,"Leaves",3.0089,2.8335,0.1754,NA,"",0.1754,425,"MOAB118",27,25,"17-05-2025 13:15:18.750 -0600","POINTZ(-109.34022444 38.269172643 1970.337)",38.269172643,-109.34022444,1970.337,0,1.74,2,0.098,0.23,0.96,0.49,0.82,38,30,"L-OTHER","ARTR","L-PGRASS",NA,"N",NA,"N",NA,"OTHER","MOSS","CANOPY",NA,70,"LT-H",NA,2,2,2,4,2,"L-PGRASS_patch","L-ARTR_45W_105H_150L_120P",NA,NA,NA,NA,"Quadrat_photo||Canopy_photo||Litter_collection","MOAB","S25"
"437",2075,"Ambiguous",4.4786,1.3416,3.137,NA,"",3.137,425,"MOAB118",27,25,"17-05-2025 13:15:18.750 -0600","POINTZ(-109.34022444 38.269172643 1970.337)",38.269172643,-109.34022444,1970.337,0,1.74,2,0.098,0.23,0.96,0.49,0.82,38,30,"L-OTHER","ARTR","L-PGRASS",NA,"N",NA,"N",NA,"OTHER","MOSS","CANOPY",NA,70,"LT-H",NA,2,2,2,4,2,"L-PGRASS_patch","L-ARTR_45W_105H_150L_120P",NA,NA,NA,NA,"Quadrat_photo||Canopy_photo||Litter_collection","MOAB","S25"
"438",2076,"Ambiguous",2.9974,1.3326,1.6648,NA,"",1.6648,430,"MOAB118",33,20,"17-05-2025 13:27:13.750 -0600","POINTZ(-109.340226643 38.269130038 1969.211)",38.269130038,-109.340226643,1969.211,0,1.74,2,0.097,0.22,0.98,0.48,0.85,37,30,"D-SUBS",NA,"N",NA,"N",NA,"N",NA,"SOIL",NA,"WASH",NA,25,"LT-H",NA,15,20,15,10,7,"D-SUBS_L-PGRASS_patch",NA,NA,NA,NA,"20250517192746.jpg","Quadrat_photo||Canopy_photo||Litter_collection","MOAB","S25"
"439",2076,"Forbs",4.3847,3.113,1.2717,NA,"",1.2717,430,"MOAB118",33,20,"17-05-2025 13:27:13.750 -0600","POINTZ(-109.340226643 38.269130038 1969.211)",38.269130038,-109.340226643,1969.211,0,1.74,2,0.097,0.22,0.98,0.48,0.85,37,30,"D-SUBS",NA,"N",NA,"N",NA,"N",NA,"SOIL",NA,"WASH",NA,25,"LT-H",NA,15,20,15,10,7,"D-SUBS_L-PGRASS_patch",NA,NA,NA,NA,"20250517192746.jpg","Quadrat_photo||Canopy_photo||Litter_collection","MOAB","S25"
"440",2076,"Grass",3.834,3.1078,0.7262,NA,"",0.7262,430,"MOAB118",33,20,"17-05-2025 13:27:13.750 -0600","POINTZ(-109.340226643 38.269130038 1969.211)",38.269130038,-109.340226643,1969.211,0,1.74,2,0.097,0.22,0.98,0.48,0.85,37,30,"D-SUBS",NA,"N",NA,"N",NA,"N",NA,"SOIL",NA,"WASH",NA,25,"LT-H",NA,15,20,15,10,7,"D-SUBS_L-PGRASS_patch",NA,NA,NA,NA,"20250517192746.jpg","Quadrat_photo||Canopy_photo||Litter_collection","MOAB","S25"
"441",2076,"Leaves",1.6419,1.3087,0.3332,NA,"",0.3332,430,"MOAB118",33,20,"17-05-2025 13:27:13.750 -0600","POINTZ(-109.340226643 38.269130038 1969.211)",38.269130038,-109.340226643,1969.211,0,1.74,2,0.097,0.22,0.98,0.48,0.85,37,30,"D-SUBS",NA,"N",NA,"N",NA,"N",NA,"SOIL",NA,"WASH",NA,25,"LT-H",NA,15,20,15,10,7,"D-SUBS_L-PGRASS_patch",NA,NA,NA,NA,"20250517192746.jpg","Quadrat_photo||Canopy_photo||Litter_collection","MOAB","S25"
"442",2077,"Grass",1.6326,1.2622,0.3704,NA,"",0.3704,440,"MOAB118",43,10,"17-05-2025 13:46:23.750 -0600","POINTZ(-109.340224722 38.26904028 1969.996)",38.26904028,-109.340224722,1969.996,0,1.74,2,0.1,0.21,0.97,0.46,0.85,38,32,"L-OTHER","ARTR","L-PGRASS",NA,"N",NA,"N",NA,"SOIL",NA,"OPEN",NA,30,"LT-H",NA,3,1,4,2,1,"L-PGRASS_patch","L-ARTR_40S_100H_175L_110P","L-ARTR_85SW_20H_15L_10P",NA,NA,NA,"Quadrat_photo||Canopy_photo||Litter_collection","MOAB","S25"
"443",2078,"Ambiguous",4.5703,1.3189,3.2514,NA,"",3.2514,445,"MOAB118",48,5,"17-05-2025 13:56:05.750 -0600","POINTZ(-109.340223543 38.268996655 1969.937)",38.268996655,-109.340223543,1969.937,0,1.74,2,0.098,0.21,0.99,0.46,0.87,38,32,"N",NA,"N",NA,"N",NA,"N",NA,"SOIL",NA,"OPEN",NA,0,"OTHER","H_DUNG",2,1,0,0,1,"L-PGRASS_L-ARTR_patch",NA,NA,NA,NA,NA,"Quadrat_photo||Canopy_photo||Litter_collection","MOAB","S25"
"444",2078,"Grass",1.6006,1.2264,0.3742,NA,"",0.3742,445,"MOAB118",48,5,"17-05-2025 13:56:05.750 -0600","POINTZ(-109.340223543 38.268996655 1969.937)",38.268996655,-109.340223543,1969.937,0,1.74,2,0.098,0.21,0.99,0.46,0.87,38,32,"N",NA,"N",NA,"N",NA,"N",NA,"SOIL",NA,"OPEN",NA,0,"OTHER","H_DUNG",2,1,0,0,1,"L-PGRASS_L-ARTR_patch",NA,NA,NA,NA,NA,"Quadrat_photo||Canopy_photo||Litter_collection","MOAB","S25"
"445",2079,"Grass",1.4141,1.2737,0.1404,NA,"",0.1404,51,"MOAB104",1,50,"17-05-2025 15:27:21.500 -0600","POINTZ(-109.344139615 38.269810173 1985.03)",38.269810173,-109.344139615,1985.03,0,1.74,2,0.11,0.24,0.86,0.47,0.72,36,32,"L-OTHER","ARTR","N",NA,"N",NA,"N",NA,"SOIL",NA,"CANOPY",NA,120,"H_W",NA,10,1,5,5,2,"L-PGRASS_PATCH",NA,NA,NA,NA,NA,"Quadrat_photo||Canopy_photo||Litter_collection","MOAB","S25"
"446",2079,"Leaves",1.2556,1.2214,0.0342,NA,"",0.0342,51,"MOAB104",1,50,"17-05-2025 15:27:21.500 -0600","POINTZ(-109.344139615 38.269810173 1985.03)",38.269810173,-109.344139615,1985.03,0,1.74,2,0.11,0.24,0.86,0.47,0.72,36,32,"L-OTHER","ARTR","N",NA,"N",NA,"N",NA,"SOIL",NA,"CANOPY",NA,120,"H_W",NA,10,1,5,5,2,"L-PGRASS_PATCH",NA,NA,NA,NA,NA,"Quadrat_photo||Canopy_photo||Litter_collection","MOAB","S25"
"447",2079,"Ambiguous",4.7222,1.3179,3.4043,NA,"",3.4043,51,"MOAB104",1,50,"17-05-2025 15:27:21.500 -0600","POINTZ(-109.344139615 38.269810173 1985.03)",38.269810173,-109.344139615,1985.03,0,1.74,2,0.11,0.24,0.86,0.47,0.72,36,32,"L-OTHER","ARTR","N",NA,"N",NA,"N",NA,"SOIL",NA,"CANOPY",NA,120,"H_W",NA,10,1,5,5,2,"L-PGRASS_PATCH",NA,NA,NA,NA,NA,"Quadrat_photo||Canopy_photo||Litter_collection","MOAB","S25"
"448",2080,"Grass",1.7017,1.3414,0.3603,NA,"",0.3603,56,"MOAB104",6,45,"17-05-2025 15:35:30.000 -0600","POINTZ(-109.34414412 38.269767292 1985.464)",38.269767292,-109.34414412,1985.464,0,1.74,2,0.11,0.23,1,0.52,0.86,36,29,"L-OTHER","ARTR","L-PGRASS",NA,"N",NA,"N",NA,"SOIL",NA,"CANOPY",NA,90,"H_W",NA,5,4,3,7,3,"L-PGRASS_patch","L-ARTR_70SW_65H_110L_65P",NA,NA,NA,NA,"Quadrat_photo||Canopy_photo||Litter_collection","MOAB","S25"
"449",2080,"Leaves",1.7055,1.333,0.3725,NA,"",0.3725,56,"MOAB104",6,45,"17-05-2025 15:35:30.000 -0600","POINTZ(-109.34414412 38.269767292 1985.464)",38.269767292,-109.34414412,1985.464,0,1.74,2,0.11,0.23,1,0.52,0.86,36,29,"L-OTHER","ARTR","L-PGRASS",NA,"N",NA,"N",NA,"SOIL",NA,"CANOPY",NA,90,"H_W",NA,5,4,3,7,3,"L-PGRASS_patch","L-ARTR_70SW_65H_110L_65P",NA,NA,NA,NA,"Quadrat_photo||Canopy_photo||Litter_collection","MOAB","S25"
"450",2080,"ReproductiveParts",1.3809,1.3304,0.0505,NA,"",0.0505,56,"MOAB104",6,45,"17-05-2025 15:35:30.000 -0600","POINTZ(-109.34414412 38.269767292 1985.464)",38.269767292,-109.34414412,1985.464,0,1.74,2,0.11,0.23,1,0.52,0.86,36,29,"L-OTHER","ARTR","L-PGRASS",NA,"N",NA,"N",NA,"SOIL",NA,"CANOPY",NA,90,"H_W",NA,5,4,3,7,3,"L-PGRASS_patch","L-ARTR_70SW_65H_110L_65P",NA,NA,NA,NA,"Quadrat_photo||Canopy_photo||Litter_collection","MOAB","S25"
"451",2081,"Forbs",1.3955,1.322,0.0735,NA,"",0.0735,61,"MOAB104",11,40,"17-05-2025 15:44:13.500 -0600","POINTZ(-109.34414732 38.269723045 1984.895)",38.269723045,-109.34414732,1984.895,0,1.74,2,0.11,0.23,1.04,0.53,0.9,37,29,"L-OTHER","ARTR","L-PGRASS",NA,"N",NA,"N",NA,"SOIL",NA,"CANOPY",NA,60,"LT-H",NA,15,10,15,15,10,"L-PGRASS_patch","L-ARTR_70N_75H_150L_100P",NA,NA,NA,NA,"Quadrat_photo||Canopy_photo||Litter_collection","MOAB","S25"
"452",2081,"Grass",1.689,1.3079,0.3811,NA,"",0.3811,61,"MOAB104",11,40,"17-05-2025 15:44:13.500 -0600","POINTZ(-109.34414732 38.269723045 1984.895)",38.269723045,-109.34414732,1984.895,0,1.74,2,0.11,0.23,1.04,0.53,0.9,37,29,"L-OTHER","ARTR","L-PGRASS",NA,"N",NA,"N",NA,"SOIL",NA,"CANOPY",NA,60,"LT-H",NA,15,10,15,15,10,"L-PGRASS_patch","L-ARTR_70N_75H_150L_100P",NA,NA,NA,NA,"Quadrat_photo||Canopy_photo||Litter_collection","MOAB","S25"
"453",2082,"Ambiguous",1.6097,1.3006,0.3091,NA,"",0.3091,66,"MOAB104",16,35,"17-05-2025 15:52:02.250 -0600","POINTZ(-109.344157542 38.269676 1985.688)",38.269676,-109.344157542,1985.688,0,1.74,2,0.11,0.21,1,0.53,0.85,39,30,"L-PGRASS",NA,"N",NA,"N",NA,"N",NA,"SOIL",NA,"OPEN",NA,5,"H_W_B",NA,1,0,3,2,0,"L-PGRASS_patch","L-ARTR_25SE_80H_90L_50P",NA,NA,NA,NA,"Quadrat_photo||Canopy_photo||Litter_collection","MOAB","S25"
"454",2082,"Grass",3.3686,3.0491,0.3195,NA,"",0.3195,66,"MOAB104",16,35,"17-05-2025 15:52:02.250 -0600","POINTZ(-109.344157542 38.269676 1985.688)",38.269676,-109.344157542,1985.688,0,1.74,2,0.11,0.21,1,0.53,0.85,39,30,"L-PGRASS",NA,"N",NA,"N",NA,"N",NA,"SOIL",NA,"OPEN",NA,5,"H_W_B",NA,1,0,3,2,0,"L-PGRASS_patch","L-ARTR_25SE_80H_90L_50P",NA,NA,NA,NA,"Quadrat_photo||Canopy_photo||Litter_collection","MOAB","S25"
"455",2083,"Grass",4.587,3.1695,1.4175,NA,"resorted and reweighed 03-Jun-2026",1.4175,71,"MOAB104",21,30,"17-05-2025 16:01:44.000 -0600","POINTZ(-109.344161163 38.269629935 1985.896)",38.269629935,-109.344161163,1985.896,0,1.74,2,0.1,0.2,0.89,0.49,0.74,37,32,"L-OTHER","ARTR","L-PGRASS",NA,"N",NA,"N",NA,"SOIL",NA,"CANOPY",NA,105,"H_W_B",NA,10,5,15,4,10,"L-PGRASS_patch","D-ARTR_0N",NA,NA,NA,NA,"Quadrat_photo||Canopy_photo||Litter_collection","MOAB","S25"
"456",2083,"ReproductiveParts",1.5031,1.3183,0.1848,NA,"resorted and reweighed 03-Jun-2026",0.1848,71,"MOAB104",21,30,"17-05-2025 16:01:44.000 -0600","POINTZ(-109.344161163 38.269629935 1985.896)",38.269629935,-109.344161163,1985.896,0,1.74,2,0.1,0.2,0.89,0.49,0.74,37,32,"L-OTHER","ARTR","L-PGRASS",NA,"N",NA,"N",NA,"SOIL",NA,"CANOPY",NA,105,"H_W_B",NA,10,5,15,4,10,"L-PGRASS_patch","D-ARTR_0N",NA,NA,NA,NA,"Quadrat_photo||Canopy_photo||Litter_collection","MOAB","S25"
"457",2083,"Ambiguous",9.0154,3.1058,5.9096,NA,"",5.9096,71,"MOAB104",21,30,"17-05-2025 16:01:44.000 -0600","POINTZ(-109.344161163 38.269629935 1985.896)",38.269629935,-109.344161163,1985.896,0,1.74,2,0.1,0.2,0.89,0.49,0.74,37,32,"L-OTHER","ARTR","L-PGRASS",NA,"N",NA,"N",NA,"SOIL",NA,"CANOPY",NA,105,"H_W_B",NA,10,5,15,4,10,"L-PGRASS_patch","D-ARTR_0N",NA,NA,NA,NA,"Quadrat_photo||Canopy_photo||Litter_collection","MOAB","S25"
"458",2083,"Leaves",1.5415,1.3073,0.2342,NA,"",0.2342,71,"MOAB104",21,30,"17-05-2025 16:01:44.000 -0600","POINTZ(-109.344161163 38.269629935 1985.896)",38.269629935,-109.344161163,1985.896,0,1.74,2,0.1,0.2,0.89,0.49,0.74,37,32,"L-OTHER","ARTR","L-PGRASS",NA,"N",NA,"N",NA,"SOIL",NA,"CANOPY",NA,105,"H_W_B",NA,10,5,15,4,10,"L-PGRASS_patch","D-ARTR_0N",NA,NA,NA,NA,"Quadrat_photo||Canopy_photo||Litter_collection","MOAB","S25"
"459",2084,"Ambiguous",4.2922,1.3448,2.9474,NA,"",2.9474,76,"MOAB104",26,25,"17-05-2025 16:10:07.000 -0600","POINTZ(-109.344174505 38.269588368 1986.317)",38.269588368,-109.344174505,1986.317,0,1.74,2,0.1,0.19,0.86,0.48,0.71,37,32,"L-PGRASS",NA,"N",NA,"N",NA,"N",NA,"SOIL",NA,"OPEN",NA,15,"LT-H",NA,1,3,3,1,1,"L-PGRASS_patch","L-ARTR_20NE_75H_110L_70P","L-ARTR_55W_85H_110L_40P","L-ARTR_60SE_100H_185L_175P",NA,NA,"Quadrat_photo||Canopy_photo||Litter_collection","MOAB","S25"
"460",2084,"Grass",2.1502,1.3313,0.8189,NA,"",0.8189,76,"MOAB104",26,25,"17-05-2025 16:10:07.000 -0600","POINTZ(-109.344174505 38.269588368 1986.317)",38.269588368,-109.344174505,1986.317,0,1.74,2,0.1,0.19,0.86,0.48,0.71,37,32,"L-PGRASS",NA,"N",NA,"N",NA,"N",NA,"SOIL",NA,"OPEN",NA,15,"LT-H",NA,1,3,3,1,1,"L-PGRASS_patch","L-ARTR_20NE_75H_110L_70P","L-ARTR_55W_85H_110L_40P","L-ARTR_60SE_100H_185L_175P",NA,NA,"Quadrat_photo||Canopy_photo||Litter_collection","MOAB","S25"
"461",2084,"Leaves",1.4431,1.3349,0.1082,NA,"",0.1082,76,"MOAB104",26,25,"17-05-2025 16:10:07.000 -0600","POINTZ(-109.344174505 38.269588368 1986.317)",38.269588368,-109.344174505,1986.317,0,1.74,2,0.1,0.19,0.86,0.48,0.71,37,32,"L-PGRASS",NA,"N",NA,"N",NA,"N",NA,"SOIL",NA,"OPEN",NA,15,"LT-H",NA,1,3,3,1,1,"L-PGRASS_patch","L-ARTR_20NE_75H_110L_70P","L-ARTR_55W_85H_110L_40P","L-ARTR_60SE_100H_185L_175P",NA,NA,"Quadrat_photo||Canopy_photo||Litter_collection","MOAB","S25"
"462",2084,"ReproductiveParts",1.3615,1.3341,0.0274,NA,"",0.0274,76,"MOAB104",26,25,"17-05-2025 16:10:07.000 -0600","POINTZ(-109.344174505 38.269588368 1986.317)",38.269588368,-109.344174505,1986.317,0,1.74,2,0.1,0.19,0.86,0.48,0.71,37,32,"L-PGRASS",NA,"N",NA,"N",NA,"N",NA,"SOIL",NA,"OPEN",NA,15,"LT-H",NA,1,3,3,1,1,"L-PGRASS_patch","L-ARTR_20NE_75H_110L_70P","L-ARTR_55W_85H_110L_40P","L-ARTR_60SE_100H_185L_175P",NA,NA,"Quadrat_photo||Canopy_photo||Litter_collection","MOAB","S25"
"463",2085,"Ambiguous",3.4876,1.3327,2.1549,NA,"",2.1549,81,"MOAB104",31,20,"17-05-2025 16:17:30.000 -0600","POINTZ(-109.344179758 38.269543673 1987.18)",38.269543673,-109.344179758,1987.18,0,1.74,2,0.1,0.2,0.88,0.49,0.74,36,31,"L-OTHER","ARTR","N",NA,"N",NA,"N",NA,"CRST",NA,"CANOPY",NA,75,"LT-H",NA,1,5,5,1,1,"L-PGRASS_patch","L-ARTR_95NW_55H_45L_40P",NA,NA,NA,NA,"Quadrat_photo||Canopy_photo||Litter_collection","MOAB","S25"
"464",2085,"Grass",1.4152,1.343,0.0722,NA,"",0.0722,81,"MOAB104",31,20,"17-05-2025 16:17:30.000 -0600","POINTZ(-109.344179758 38.269543673 1987.18)",38.269543673,-109.344179758,1987.18,0,1.74,2,0.1,0.2,0.88,0.49,0.74,36,31,"L-OTHER","ARTR","N",NA,"N",NA,"N",NA,"CRST",NA,"CANOPY",NA,75,"LT-H",NA,1,5,5,1,1,"L-PGRASS_patch","L-ARTR_95NW_55H_45L_40P",NA,NA,NA,NA,"Quadrat_photo||Canopy_photo||Litter_collection","MOAB","S25"
"465",2085,"Leaves",4.4101,3.1098,1.3003,NA,"",1.3003,81,"MOAB104",31,20,"17-05-2025 16:17:30.000 -0600","POINTZ(-109.344179758 38.269543673 1987.18)",38.269543673,-109.344179758,1987.18,0,1.74,2,0.1,0.2,0.88,0.49,0.74,36,31,"L-OTHER","ARTR","N",NA,"N",NA,"N",NA,"CRST",NA,"CANOPY",NA,75,"LT-H",NA,1,5,5,1,1,"L-PGRASS_patch","L-ARTR_95NW_55H_45L_40P",NA,NA,NA,NA,"Quadrat_photo||Canopy_photo||Litter_collection","MOAB","S25"
"466",2086,"Grass",3.1928,3.1106,0.0822,NA,"",0.0822,435,"MOAB118",38,15,"17-05-2025 13:37:19.500 -0600","POINTZ(-109.340226057 38.269084158 1970.188)",38.269084158,-109.340226057,1970.188,0,1.74,2,0.094,0.2,0.95,0.46,0.83,37,32,"N",NA,"N",NA,"N",NA,"N",NA,"SOIL",NA,"OPEN",NA,0,"LT-H",NA,0,0,0,1,0,"L-PGRASS_patch","L-ARTR_70SE_80H_170L_100P",NA,NA,NA,NA,"Quadrat_photo||Canopy_photo||Litter_collection","MOAB","S25"
"467",2087,"Grass",1.3197,1.3008,0.0189,NA,"",0.0189,86,"MOAB104",36,15,"17-05-2025 16:23:52.250 -0600","POINTZ(-109.344183293 38.26949875 1987.427)",38.26949875,-109.344183293,1987.427,0,1.74,2,0.1,0.22,0.92,0.51,0.77,37,30,"N",NA,"N",NA,"N",NA,"N",NA,"CRST",NA,"OPEN",NA,0,"LT-H",NA,1,0,0,0,0,"L-PGRASS_patch","L-GUSA_45W","L-ARTR_90SE_75H_105L_60P","L-ARTR_75W_55H_80L_65P",NA,NA,"Quadrat_photo||Canopy_photo||Litter_collection","MOAB","S25"
"468",2088,"Grass",1.6532,1.2387,0.4145,NA,"",0.4145,91,"MOAB104",41,10,"17-05-2025 16:30:00.250 -0600","POINTZ(-109.344183673 38.26945553 1987.449)",38.26945553,-109.344183673,1987.449,0,1.74,2,0.098,0.2,0.87,0.49,0.72,38,31,"L-OTHER","ARTR","L-PGRASS",NA,"N",NA,"N",NA,"OTHER","MOSS","CANOPY",NA,60,"LT-H",NA,2,3,10,3,0,"L-PGRASS_patch","L-ARTR_20NE_85H_150L_110P","L-ARTR_70W_65H_110L_80P",NA,NA,NA,"Quadrat_photo||Canopy_photo||Litter_collection","MOAB","S25"
"469",2088,"Leaves",1.596,1.3237,0.2723,NA,"",0.2723,91,"MOAB104",41,10,"17-05-2025 16:30:00.250 -0600","POINTZ(-109.344183673 38.26945553 1987.449)",38.26945553,-109.344183673,1987.449,0,1.74,2,0.098,0.2,0.87,0.49,0.72,38,31,"L-OTHER","ARTR","L-PGRASS",NA,"N",NA,"N",NA,"OTHER","MOSS","CANOPY",NA,60,"LT-H",NA,2,3,10,3,0,"L-PGRASS_patch","L-ARTR_20NE_85H_150L_110P","L-ARTR_70W_65H_110L_80P",NA,NA,NA,"Quadrat_photo||Canopy_photo||Litter_collection","MOAB","S25"
"470",2089,"Grass",1.4749,1.3219,0.153,NA,"",0.153,96,"MOAB104",46,5,"17-05-2025 16:37:07.500 -0600","POINTZ(-109.34419043 38.269406108 1988.08)",38.269406108,-109.34419043,1988.08,0,1.74,2,0.1,0.21,0.86,0.49,0.71,39,31,"N",NA,"N",NA,"N",NA,"N",NA,"CRST",NA,"OPEN",NA,0,"H_W_B",NA,1,1,1,0,1,"L-PGRASS_patch","L-ARTR_30SE_100H_125L_100P","L-ARTR_70NE_80H_125L_80P","L-ARTR_80W_75H_150L_75P","L-ARTR_60NW_15H_35L_25P",NA,"Quadrat_photo||Canopy_photo||Litter_collection","MOAB","S25"
"471",2089,"Leaves",1.8529,1.3146,0.5383,NA,"",0.5383,96,"MOAB104",46,5,"17-05-2025 16:37:07.500 -0600","POINTZ(-109.34419043 38.269406108 1988.08)",38.269406108,-109.34419043,1988.08,0,1.74,2,0.1,0.21,0.86,0.49,0.71,39,31,"N",NA,"N",NA,"N",NA,"N",NA,"CRST",NA,"OPEN",NA,0,"H_W_B",NA,1,1,1,0,1,"L-PGRASS_patch","L-ARTR_30SE_100H_125L_100P","L-ARTR_70NE_80H_125L_80P","L-ARTR_80W_75H_150L_75P","L-ARTR_60NW_15H_35L_25P",NA,"Quadrat_photo||Canopy_photo||Litter_collection","MOAB","S25"
"472",2099,"Grass",3.5256,3.0567,0.4689,NA,"",0.4689,101,"MOAB105",1,50,"18-05-2025 10:35:51.500 -0600","POINTZ(-109.401418722 38.242026462 1754.645)",38.242026462,-109.401418722,1754.645,0,1.74,2,0.1,0.22,0.97,0.56,0.78,40,28,"L-PGRASS",NA,"N",NA,"N",NA,"N",NA,"SOIL",NA,"OPEN",NA,5,"LT-H",NA,1,1,1,1,3,"L-PGRASS_L-EPTO_patch",NA,NA,NA,NA,NA,"Quadrat_photo||Canopy_photo||Litter_collection","MOAB","S25"
"473",2100,"Grass",1.5237,1.3447,0.179,NA,"",0.179,106,"MOAB105",6,45,"18-05-2025 10:41:46.750 -0600","POINTZ(-109.40142665 38.24198235 1754.362)",38.24198235,-109.40142665,1754.362,0,1.74,2,0.098,0.2,0.88,0.53,0.71,39,29,"N",NA,"N",NA,"N",NA,"N",NA,"CRST",NA,"OPEN",NA,0,"H_W",NA,1,1,1,2,1,"L-PGRASS_L-EPTO_L-SUBS_patch",NA,NA,NA,NA,NA,"Quadrat_photo||Canopy_photo||Litter_collection","MOAB","S25"
"474",2101,"Ambiguous",2.2077,1.3377,0.87,NA,"",0.87,111,"MOAB105",11,40,"18-05-2025 10:49:55.250 -0600","POINTZ(-109.401436293 38.241936077 1754.148)",38.241936077,-109.401436293,1754.148,0,1.74,2,0.1,0.2,0.93,0.55,0.75,40,28,"L-OTHER","GUSA","N",NA,"N",NA,"N",NA,"CRST",NA,"OPEN",NA,10,"OTHER","H_W_DUNG",0,10,5,1,2,"L-PGRASS_L-GUSA_patch",NA,NA,NA,NA,NA,"Quadrat_photo||Canopy_photo||Litter_collection","MOAB","S25"
"475",2101,"Grass",2.1911,1.3324,0.8587,NA,"",0.8587,111,"MOAB105",11,40,"18-05-2025 10:49:55.250 -0600","POINTZ(-109.401436293 38.241936077 1754.148)",38.241936077,-109.401436293,1754.148,0,1.74,2,0.1,0.2,0.93,0.55,0.75,40,28,"L-OTHER","GUSA","N",NA,"N",NA,"N",NA,"CRST",NA,"OPEN",NA,10,"OTHER","H_W_DUNG",0,10,5,1,2,"L-PGRASS_L-GUSA_patch",NA,NA,NA,NA,NA,"Quadrat_photo||Canopy_photo||Litter_collection","MOAB","S25"
"476",2102,"Grass",2.1751,1.3216,0.8535,NA,"",0.8535,116,"MOAB105",16,35,"18-05-2025 10:59:29.250 -0600","POINTZ(-109.401445913 38.241892968 1754.053)",38.241892968,-109.401445913,1754.053,0,1.74,2,0.096,0.19,0.89,0.52,0.72,41,30,"L-PGRASS",NA,"N",NA,"N",NA,"N",NA,"SOIL",NA,"OPEN",NA,5,"H_W",NA,2,4,1,1,0,"L-PGRASS_L-GUSA_L-KRLA_patch",NA,NA,NA,NA,NA,"Quadrat_photo||Canopy_photo||Litter_collection","MOAB","S25"
"477",2102,"ReproductiveParts",1.4217,1.3126,0.1091,NA,"",0.1091,116,"MOAB105",16,35,"18-05-2025 10:59:29.250 -0600","POINTZ(-109.401445913 38.241892968 1754.053)",38.241892968,-109.401445913,1754.053,0,1.74,2,0.096,0.19,0.89,0.52,0.72,41,30,"L-PGRASS",NA,"N",NA,"N",NA,"N",NA,"SOIL",NA,"OPEN",NA,5,"H_W",NA,2,4,1,1,0,"L-PGRASS_L-GUSA_L-KRLA_patch",NA,NA,NA,NA,NA,"Quadrat_photo||Canopy_photo||Litter_collection","MOAB","S25"
"478",2103,"Grass",1.4421,1.3377,0.1044,NA,"",0.1044,121,"MOAB105",21,30,"18-05-2025 11:07:44.750 -0600","POINTZ(-109.401456982 38.241850098 1753.981)",38.241850098,-109.401456982,1753.981,0,1.74,2,0.1,0.19,0.85,0.5,0.69,39,32,"N",NA,"N",NA,"N",NA,"N",NA,"CRST",NA,"OPEN",NA,0,"OTHER","H_DUNG",1,0,1,1,1,"L-PGRASS_L-KRLA_L-EPTO_patch",NA,NA,NA,NA,NA,"Quadrat_photo||Canopy_photo||Litter_collection","MOAB","S25"
"479",2104,"Grass",2.1203,1.3549,0.7654,NA,"",0.7654,126,"MOAB105",26,25,"18-05-2025 11:13:53.250 -0600","POINTZ(-109.401463852 38.241806092 1754.03)",38.241806092,-109.401463852,1754.03,0,1.74,2,0.1,0.19,0.86,0.5,0.7,39,32,"L-PGRASS",NA,"N",NA,"N",NA,"N",NA,"SOIL",NA,"OPEN",NA,5,"LT-H",NA,3,0,2,0,1,"L-PGRASS_L-EPTO_L-KRLA_patch",NA,NA,NA,NA,NA,"Quadrat_photo||Canopy_photo||Litter_collection","MOAB","S25"
"480",2105,"Ambiguous",2.5283,1.2999,1.2284,NA,"",1.2284,131,"MOAB105",31,20,"18-05-2025 11:19:55.750 -0600","POINTZ(-109.401470397 38.241760842 1754.201)",38.241760842,-109.401470397,1754.201,0,1.74,2,0.1,0.2,0.87,0.5,0.71,38,32,"L-PGRASS",NA,"N",NA,"N",NA,"N",NA,"SOIL",NA,"OPEN",NA,5,"OTHER","H_W_DUNG",1,0,3,1,1,"L-PGRASS_patch",NA,NA,NA,NA,NA,"Quadrat_photo||Canopy_photo||Litter_collection","MOAB","S25"
"481",2105,"Grass",2.3492,1.3109,1.0383,NA,"",1.0383,131,"MOAB105",31,20,"18-05-2025 11:19:55.750 -0600","POINTZ(-109.401470397 38.241760842 1754.201)",38.241760842,-109.401470397,1754.201,0,1.74,2,0.1,0.2,0.87,0.5,0.71,38,32,"L-PGRASS",NA,"N",NA,"N",NA,"N",NA,"SOIL",NA,"OPEN",NA,5,"OTHER","H_W_DUNG",1,0,3,1,1,"L-PGRASS_patch",NA,NA,NA,NA,NA,"Quadrat_photo||Canopy_photo||Litter_collection","MOAB","S25"
"482",2107,"Grass",1.717,1.3229,0.3941,NA,"",0.3941,141,"MOAB105",41,10,"18-05-2025 11:30:42.750 -0600","POINTZ(-109.401486763 38.24167255 1754.244)",38.24167255,-109.401486763,1754.244,0,1.74,2,0.1,0.21,0.91,0.51,0.76,38,32,"N",NA,"N",NA,"N",NA,"N",NA,"SOIL",NA,"OPEN",NA,0,"LT-H",NA,1,1,0,1,1,"L-PGTASS_L-EPTO_patch",NA,NA,NA,NA,NA,"Quadrat_photo||Canopy_photo||Litter_collection","MOAB","S25"
"483",2107,"Leaves",1.3727,1.3381,0.0346,NA,"",0.0346,141,"MOAB105",41,10,"18-05-2025 11:30:42.750 -0600","POINTZ(-109.401486763 38.24167255 1754.244)",38.24167255,-109.401486763,1754.244,0,1.74,2,0.1,0.21,0.91,0.51,0.76,38,32,"N",NA,"N",NA,"N",NA,"N",NA,"SOIL",NA,"OPEN",NA,0,"LT-H",NA,1,1,0,1,1,"L-PGTASS_L-EPTO_patch",NA,NA,NA,NA,NA,"Quadrat_photo||Canopy_photo||Litter_collection","MOAB","S25"
"484",2108,"Ambiguous",1.7221,1.2977,0.4244,NA,"",0.4244,146,"MOAB105",46,5,"18-05-2025 11:37:18.000 -0600","POINTZ(-109.401496412 38.241627372 1754.305)",38.241627372,-109.401496412,1754.305,0,1.74,2,0.1,0.19,0.93,0.51,0.78,38,32,"N",NA,"N",NA,"N",NA,"N",NA,"CRST",NA,"OPEN",NA,0,"OTHER","H_W_BONE",1,1,1,1,1,"L-PGRASS_L-KRLA_patch",NA,NA,NA,NA,NA,"Quadrat_photo||Canopy_photo||Litter_collection","MOAB","S25"
"485",2108,"Grass",1.587,1.3028,0.2842,NA,"",0.2842,146,"MOAB105",46,5,"18-05-2025 11:37:18.000 -0600","POINTZ(-109.401496412 38.241627372 1754.305)",38.241627372,-109.401496412,1754.305,0,1.74,2,0.1,0.19,0.93,0.51,0.78,38,32,"N",NA,"N",NA,"N",NA,"N",NA,"CRST",NA,"OPEN",NA,0,"OTHER","H_W_BONE",1,1,1,1,1,"L-PGRASS_L-KRLA_patch",NA,NA,NA,NA,NA,"Quadrat_photo||Canopy_photo||Litter_collection","MOAB","S25"
"486",2108,"Leaves",1.4199,1.3074,0.1125,NA,"",0.1125,146,"MOAB105",46,5,"18-05-2025 11:37:18.000 -0600","POINTZ(-109.401496412 38.241627372 1754.305)",38.241627372,-109.401496412,1754.305,0,1.74,2,0.1,0.19,0.93,0.51,0.78,38,32,"N",NA,"N",NA,"N",NA,"N",NA,"CRST",NA,"OPEN",NA,0,"OTHER","H_W_BONE",1,1,1,1,1,"L-PGRASS_L-KRLA_patch",NA,NA,NA,NA,NA,"Quadrat_photo||Canopy_photo||Litter_collection","MOAB","S25"
"487",2110,"Ambiguous",1.4523,1.3185,0.1338,NA,"",0.1338,455,"ONAQ238",19,35,"24-05-2025 09:36:52.750 -0600","POINTZ(-112.472225017 40.180129647 1690.192)",40.180129647,-112.472225017,1690.192,0,1.74,2,0.11,0.21,0.92,0.54,0.75,38,28,"N",NA,"N",NA,"N",NA,"N",NA,"SOIL",NA,"RILL",NA,0,"LT-H",NA,2,2,3,1,3,"L-PGRASS_patch","D-SHRUB_30SE_50H_70L_50P","L-ATCO_40N_35H_60L_25P","L-ARTR_D-ARTR_patch",NA,NA,"Quadrat_photo||Canopy_photo||Litter_collection","ONAQ","S25"
"488",2110,"Forbs",1.4232,1.3278,0.0954,NA,"",0.0954,455,"ONAQ238",19,35,"24-05-2025 09:36:52.750 -0600","POINTZ(-112.472225017 40.180129647 1690.192)",40.180129647,-112.472225017,1690.192,0,1.74,2,0.11,0.21,0.92,0.54,0.75,38,28,"N",NA,"N",NA,"N",NA,"N",NA,"SOIL",NA,"RILL",NA,0,"LT-H",NA,2,2,3,1,3,"L-PGRASS_patch","D-SHRUB_30SE_50H_70L_50P","L-ATCO_40N_35H_60L_25P","L-ARTR_D-ARTR_patch",NA,NA,"Quadrat_photo||Canopy_photo||Litter_collection","ONAQ","S25"
"489",2110,"Grass",3.4025,3.1397,0.2628,NA,"",0.2628,455,"ONAQ238",19,35,"24-05-2025 09:36:52.750 -0600","POINTZ(-112.472225017 40.180129647 1690.192)",40.180129647,-112.472225017,1690.192,0,1.74,2,0.11,0.21,0.92,0.54,0.75,38,28,"N",NA,"N",NA,"N",NA,"N",NA,"SOIL",NA,"RILL",NA,0,"LT-H",NA,2,2,3,1,3,"L-PGRASS_patch","D-SHRUB_30SE_50H_70L_50P","L-ATCO_40N_35H_60L_25P","L-ARTR_D-ARTR_patch",NA,NA,"Quadrat_photo||Canopy_photo||Litter_collection","ONAQ","S25"
"490",2110,"Leaves",1.3744,1.341,0.0334,NA,"",0.0334,455,"ONAQ238",19,35,"24-05-2025 09:36:52.750 -0600","POINTZ(-112.472225017 40.180129647 1690.192)",40.180129647,-112.472225017,1690.192,0,1.74,2,0.11,0.21,0.92,0.54,0.75,38,28,"N",NA,"N",NA,"N",NA,"N",NA,"SOIL",NA,"RILL",NA,0,"LT-H",NA,2,2,3,1,3,"L-PGRASS_patch","D-SHRUB_30SE_50H_70L_50P","L-ATCO_40N_35H_60L_25P","L-ARTR_D-ARTR_patch",NA,NA,"Quadrat_photo||Canopy_photo||Litter_collection","ONAQ","S25"
"491",2111,"Ambiguous",3.3406,1.3362,2.0044,NA,"",2.0044,460,"ONAQ238",24,30,"24-05-2025 09:45:11.500 -0600","POINTZ(-112.472224317 40.180086427 1690.635)",40.180086427,-112.472224317,1690.635,0,1.74,2,0.11,0.21,0.87,0.52,0.7,37,29,"D-AGRASS",NA,"N",NA,"N",NA,"N",NA,"SOIL",NA,"CANOPY",NA,5,"LT-H",NA,3,1,2,3,3,"D-AGRASS_patch","L-ARTR_5S_50H_85L_50P","L-ARTR_L-ERNA_patch",NA,NA,NA,"Quadrat_photo||Canopy_photo||Litter_collection","ONAQ","S25"
"492",2111,"Grass",1.4884,1.3369,0.1515,NA,"",0.1515,460,"ONAQ238",24,30,"24-05-2025 09:45:11.500 -0600","POINTZ(-112.472224317 40.180086427 1690.635)",40.180086427,-112.472224317,1690.635,0,1.74,2,0.11,0.21,0.87,0.52,0.7,37,29,"D-AGRASS",NA,"N",NA,"N",NA,"N",NA,"SOIL",NA,"CANOPY",NA,5,"LT-H",NA,3,1,2,3,3,"D-AGRASS_patch","L-ARTR_5S_50H_85L_50P","L-ARTR_L-ERNA_patch",NA,NA,NA,"Quadrat_photo||Canopy_photo||Litter_collection","ONAQ","S25"
"493",2111,"Leaves",1.6033,1.3173,0.286,NA,"",0.286,460,"ONAQ238",24,30,"24-05-2025 09:45:11.500 -0600","POINTZ(-112.472224317 40.180086427 1690.635)",40.180086427,-112.472224317,1690.635,0,1.74,2,0.11,0.21,0.87,0.52,0.7,37,29,"D-AGRASS",NA,"N",NA,"N",NA,"N",NA,"SOIL",NA,"CANOPY",NA,5,"LT-H",NA,3,1,2,3,3,"D-AGRASS_patch","L-ARTR_5S_50H_85L_50P","L-ARTR_L-ERNA_patch",NA,NA,NA,"Quadrat_photo||Canopy_photo||Litter_collection","ONAQ","S25"
"494",2114,"Forbs",1.4162,1.2533,0.1629,NA,"",0.1629,480,"ONAQ238",44,10,"24-05-2025 10:26:31.750 -0600","POINTZ(-112.472217012 40.179905308 1690.5)",40.179905308,-112.472217012,1690.5,0,1.74,2,0.1,0.21,0.92,0.51,0.77,37,28,"N",NA,"N",NA,"N",NA,"N",NA,"SOIL",NA,"OPEN",NA,0,"H_W",NA,0,0,1,1,1,"L-FORB_L-BRTE_L-PGRASS_patch","L-ARTR_35SW_45H_55L_50P","L-ARTR_80NW_50H_65L_45P",NA,NA,NA,"Quadrat_photo||Canopy_photo||Litter_collection","ONAQ","S25"
"495",2115,"Forbs",1.7291,1.3274,0.4017,NA,"",0.4017,485,"ONAQ238",49,5,"24-05-2025 10:34:48.000 -0600","POINTZ(-112.47221734 40.179859233 1690.955)",40.179859233,-112.47221734,1690.955,0,1.74,2,0.098,0.19,0.86,0.49,0.71,36,30,"N",NA,"N",NA,"N",NA,"N",NA,"SOIL",NA,"OPEN",NA,0,"H_W_B",NA,2,1,0,0,2,"D-FORB_L-FORB_L-AGRASS_patch","D-ARTR_patch","L-ERNA_patch",NA,NA,NA,"Quadrat_photo||Canopy_photo||Litter_collection","ONAQ","S25"
"496",2116,"Grass",1.3883,1.3052,0.0831,NA,"",0.0831,681,"ONAQ250",32,20,"27-05-2025 08:10:29.750 -0700","POINTZ(-112.48884042 40.188105228 1756.454)",40.188105228,-112.48884042,1756.454,0,1.74,2,0.1,0.23,1.01,0.55,0.85,37,28,"D-PGRASS",NA,"N",NA,"N",NA,"N",NA,"SOIL",NA,"OPEN",NA,15,"H_W_B",NA,1,1,2,0,1,"L-PGRASS_patch",NA,NA,NA,NA,NA,"Quadrat_photo||Canopy_photo||Litter_collection","ONAQ","S25"
"497",2117,"Grass",1.3653,1.315,0.0503,NA,"resorted and reweighed 06-Jun-2026",0.0503,390,"ONAQ236",1,50,"24-05-2025 13:29:08.000 -0600","POINTZ(-112.498066325 40.181621572 1770.806)",40.181621572,-112.498066325,1770.806,0,1.74,2,0.093,0.19,0.91,0.47,0.78,39,31,"L-OTHER","ARTR","N",NA,"N",NA,"N",NA,"SOIL",NA,"CANOPY",NA,55,"LT-H",NA,4,3,10,15,20,"L-PGRASS_patch","L-ARTR_patch",NA,NA,NA,NA,"Quadrat_photo||Canopy_photo||Litter_collection","ONAQ","S25"
"498",2117,"Leaves",2.5529,1.3158,1.2371,NA,"resorted and reweighed 06-Jun-2026",1.2371,390,"ONAQ236",1,50,"24-05-2025 13:29:08.000 -0600","POINTZ(-112.498066325 40.181621572 1770.806)",40.181621572,-112.498066325,1770.806,0,1.74,2,0.093,0.19,0.91,0.47,0.78,39,31,"L-OTHER","ARTR","N",NA,"N",NA,"N",NA,"SOIL",NA,"CANOPY",NA,55,"LT-H",NA,4,3,10,15,20,"L-PGRASS_patch","L-ARTR_patch",NA,NA,NA,NA,"Quadrat_photo||Canopy_photo||Litter_collection","ONAQ","S25"
"499",2118,"Ambiguous",7.0188,1.3267,5.6921,NA,"",5.6921,395,"ONAQ236",7,45,"24-05-2025 13:36:42.000 -0600","POINTZ(-112.498065323 40.18157656 1770.674)",40.18157656,-112.498065323,1770.674,0,1.74,2,0.1,0.21,0.91,0.46,0.78,38,32,"N",NA,"N",NA,"N",NA,"N",NA,"SOIL",NA,"OPEN",NA,0,"H_W_B",NA,10,10,15,10,20,"D-SUBS_20SE_105H_35L_30P","L-PGRASS_patch",NA,NA,NA,"20250524193715.jpg","Quadrat_photo||Canopy_photo||Litter_collection","ONAQ","S25"
"500",2118,"Grass",1.8174,1.3006,0.5168,NA,"",0.5168,395,"ONAQ236",7,45,"24-05-2025 13:36:42.000 -0600","POINTZ(-112.498065323 40.18157656 1770.674)",40.18157656,-112.498065323,1770.674,0,1.74,2,0.1,0.21,0.91,0.46,0.78,38,32,"N",NA,"N",NA,"N",NA,"N",NA,"SOIL",NA,"OPEN",NA,0,"H_W_B",NA,10,10,15,10,20,"D-SUBS_20SE_105H_35L_30P","L-PGRASS_patch",NA,NA,NA,"20250524193715.jpg","Quadrat_photo||Canopy_photo||Litter_collection","ONAQ","S25"
"501",2118,"Leaves",1.5681,1.3094,0.2587,NA,"",0.2587,395,"ONAQ236",7,45,"24-05-2025 13:36:42.000 -0600","POINTZ(-112.498065323 40.18157656 1770.674)",40.18157656,-112.498065323,1770.674,0,1.74,2,0.1,0.21,0.91,0.46,0.78,38,32,"N",NA,"N",NA,"N",NA,"N",NA,"SOIL",NA,"OPEN",NA,0,"H_W_B",NA,10,10,15,10,20,"D-SUBS_20SE_105H_35L_30P","L-PGRASS_patch",NA,NA,NA,"20250524193715.jpg","Quadrat_photo||Canopy_photo||Litter_collection","ONAQ","S25"
"502",2118,"ReproductiveParts",2.0887,1.3226,0.7661,NA,"",0.7661,395,"ONAQ236",7,45,"24-05-2025 13:36:42.000 -0600","POINTZ(-112.498065323 40.18157656 1770.674)",40.18157656,-112.498065323,1770.674,0,1.74,2,0.1,0.21,0.91,0.46,0.78,38,32,"N",NA,"N",NA,"N",NA,"N",NA,"SOIL",NA,"OPEN",NA,0,"H_W_B",NA,10,10,15,10,20,"D-SUBS_20SE_105H_35L_30P","L-PGRASS_patch",NA,NA,NA,"20250524193715.jpg","Quadrat_photo||Canopy_photo||Litter_collection","ONAQ","S25"
"503",2118,"Ambiguous",3.5976,1.3297,2.2679,NA,"Resorted and reweighed on 30-Jun-2026",2.2679,395,"ONAQ236",7,45,"24-05-2025 13:36:42.000 -0600","POINTZ(-112.498065323 40.18157656 1770.674)",40.18157656,-112.498065323,1770.674,0,1.74,2,0.1,0.21,0.91,0.46,0.78,38,32,"N",NA,"N",NA,"N",NA,"N",NA,"SOIL",NA,"OPEN",NA,0,"H_W_B",NA,10,10,15,10,20,"D-SUBS_20SE_105H_35L_30P","L-PGRASS_patch",NA,NA,NA,"20250524193715.jpg","Quadrat_photo||Canopy_photo||Litter_collection","ONAQ","S25"
"504",2119,"Ambiguous",4.53,2.8686,1.6614,NA,"",1.6614,400,"ONAQ236",12,40,"24-05-2025 13:46:24.750 -0600","POINTZ(-112.498061963 40.181531465 1770.57)",40.181531465,-112.498061963,1770.57,0,1.74,2,0.094,0.2,0.9,0.44,0.78,38,32,"L-PGRASS",NA,"N",NA,"N",NA,"N",NA,"SOIL",NA,"CANOPY",NA,40,"H_W_B",NA,5,10,5,2,1,"L-PGRASS_patch","L-ARTR_55W_65H_100L_80P","L-ARTR_80NW_30H_30L_20P",NA,NA,NA,"Quadrat_photo||Canopy_photo||Litter_collection","ONAQ","S25"
"505",2119,"Forbs",2.8969,2.8257,0.0712,NA,"",0.0712,400,"ONAQ236",12,40,"24-05-2025 13:46:24.750 -0600","POINTZ(-112.498061963 40.181531465 1770.57)",40.181531465,-112.498061963,1770.57,0,1.74,2,0.094,0.2,0.9,0.44,0.78,38,32,"L-PGRASS",NA,"N",NA,"N",NA,"N",NA,"SOIL",NA,"CANOPY",NA,40,"H_W_B",NA,5,10,5,2,1,"L-PGRASS_patch","L-ARTR_55W_65H_100L_80P","L-ARTR_80NW_30H_30L_20P",NA,NA,NA,"Quadrat_photo||Canopy_photo||Litter_collection","ONAQ","S25"
"506",2119,"Grass",3.2613,2.8472,0.4141,NA,"",0.4141,400,"ONAQ236",12,40,"24-05-2025 13:46:24.750 -0600","POINTZ(-112.498061963 40.181531465 1770.57)",40.181531465,-112.498061963,1770.57,0,1.74,2,0.094,0.2,0.9,0.44,0.78,38,32,"L-PGRASS",NA,"N",NA,"N",NA,"N",NA,"SOIL",NA,"CANOPY",NA,40,"H_W_B",NA,5,10,5,2,1,"L-PGRASS_patch","L-ARTR_55W_65H_100L_80P","L-ARTR_80NW_30H_30L_20P",NA,NA,NA,"Quadrat_photo||Canopy_photo||Litter_collection","ONAQ","S25"
"507",2119,"Leaves",2.8819,2.8289,0.053,NA,"",0.053,400,"ONAQ236",12,40,"24-05-2025 13:46:24.750 -0600","POINTZ(-112.498061963 40.181531465 1770.57)",40.181531465,-112.498061963,1770.57,0,1.74,2,0.094,0.2,0.9,0.44,0.78,38,32,"L-PGRASS",NA,"N",NA,"N",NA,"N",NA,"SOIL",NA,"CANOPY",NA,40,"H_W_B",NA,5,10,5,2,1,"L-PGRASS_patch","L-ARTR_55W_65H_100L_80P","L-ARTR_80NW_30H_30L_20P",NA,NA,NA,"Quadrat_photo||Canopy_photo||Litter_collection","ONAQ","S25"
"508",2120,"Grass",1.3929,1.3291,0.0638,NA,"resorted and reweiged 04-Jun-2026",0.0638,405,"ONAQ236",17,35,"24-05-2025 13:55:47.750 -0600","POINTZ(-112.498060202 40.181487508 1770.448)",40.181487508,-112.498060202,1770.448,0,1.74,2,0.09,0.2,0.91,0.45,0.79,38,32,"N",NA,"N",NA,"N",NA,"N",NA,"CRST",NA,"OPEN",NA,0,"H_W",NA,0,0,0,4,1,"L-PGRASS_patch","L-ARTR_75W_50H_55L_45P",NA,NA,NA,NA,"Quadrat_photo||Canopy_photo||Litter_collection","ONAQ","S25"
"509",2121,"Grass",1.5517,1.2631,0.2886,NA,"resorted and reweighed 06-Jun-2026",0.2886,410,"ONAQ236",22,30,"24-05-2025 14:03:50.250 -0600","POINTZ(-112.49805818 40.181442415 1770.666)",40.181442415,-112.49805818,1770.666,0,1.74,2,0.089,0.2,0.9,0.45,0.78,40,32,"L-PGRASS",NA,"N",NA,"N",NA,"N",NA,"CRST",NA,"OPEN",NA,25,"H_W",NA,5,10,3,2,2,"L-PGRASS_patch","L-SAMI_patch","L-ARTR_70W_40H_70L_55P","L-ARTR_80N_50H_60L_55P",NA,NA,"Quadrat_photo||Canopy_photo||Litter_collection","ONAQ","S25"
"510",2122,"Ambiguous",3.3749,1.3111,2.0638,NA,"",2.0638,415,"ONAQ236",28,25,"24-05-2025 14:10:59.750 -0600","POINTZ(-112.498052212 40.1813982 1770.121)",40.1813982,-112.498052212,1770.121,0,1.74,2,0.091,0.21,0.93,0.46,0.81,40,31,"L-PGRASS",NA,"N",NA,"N",NA,"N",NA,"SOIL",NA,"OPEN",NA,10,"H_W_B",NA,1,5,3,1,2,"L-PGRASS_L-SAMI_patch","L-ARTR_30W_45H_55L_45P",NA,NA,NA,NA,"Quadrat_photo||Canopy_photo||Litter_collection","ONAQ","S25"
"511",2122,"Grass",2.0666,1.3165,0.7501,NA,"",0.7501,415,"ONAQ236",28,25,"24-05-2025 14:10:59.750 -0600","POINTZ(-112.498052212 40.1813982 1770.121)",40.1813982,-112.498052212,1770.121,0,1.74,2,0.091,0.21,0.93,0.46,0.81,40,31,"L-PGRASS",NA,"N",NA,"N",NA,"N",NA,"SOIL",NA,"OPEN",NA,10,"H_W_B",NA,1,5,3,1,2,"L-PGRASS_L-SAMI_patch","L-ARTR_30W_45H_55L_45P",NA,NA,NA,NA,"Quadrat_photo||Canopy_photo||Litter_collection","ONAQ","S25"
"512",2122,"Leaves",1.429,1.3322,0.0968,NA,"",0.0968,415,"ONAQ236",28,25,"24-05-2025 14:10:59.750 -0600","POINTZ(-112.498052212 40.1813982 1770.121)",40.1813982,-112.498052212,1770.121,0,1.74,2,0.091,0.21,0.93,0.46,0.81,40,31,"L-PGRASS",NA,"N",NA,"N",NA,"N",NA,"SOIL",NA,"OPEN",NA,10,"H_W_B",NA,1,5,3,1,2,"L-PGRASS_L-SAMI_patch","L-ARTR_30W_45H_55L_45P",NA,NA,NA,NA,"Quadrat_photo||Canopy_photo||Litter_collection","ONAQ","S25"
"513",2122,"ReproductiveParts",1.4994,1.3367,0.1627,NA,"",0.1627,415,"ONAQ236",28,25,"24-05-2025 14:10:59.750 -0600","POINTZ(-112.498052212 40.1813982 1770.121)",40.1813982,-112.498052212,1770.121,0,1.74,2,0.091,0.21,0.93,0.46,0.81,40,31,"L-PGRASS",NA,"N",NA,"N",NA,"N",NA,"SOIL",NA,"OPEN",NA,10,"H_W_B",NA,1,5,3,1,2,"L-PGRASS_L-SAMI_patch","L-ARTR_30W_45H_55L_45P",NA,NA,NA,NA,"Quadrat_photo||Canopy_photo||Litter_collection","ONAQ","S25"
"514",2123,"Grass",1.6062,1.2341,0.3721,NA,"",0.3721,420,"ONAQ236",33,20,"24-05-2025 14:16:51.000 -0600","POINTZ(-112.498052062 40.181353447 1770.145)",40.181353447,-112.498052062,1770.145,0,1.74,2,0.099,0.23,0.95,0.47,0.83,39,30,"L-OTHER","ARTR","L-PGRASS",NA,"N",NA,"N",NA,"SOIL",NA,"CANOPY",NA,55,"H_W",NA,15,10,15,25,20,"L-PGRASS_patch",NA,NA,NA,NA,NA,"Quadrat_photo||Canopy_photo||Litter_collection","ONAQ","S25"
"515",2124,"Grass",1.2768,1.2319,0.0449,NA,"",0.0449,425,"ONAQ236",38,15,"24-05-2025 14:30:35.750 -0600","POINTZ(-112.498050203 40.181308027 1769.569)",40.181308027,-112.498050203,1769.569,0,1.74,2,0.11,0.25,1.03,0.52,0.89,39,30,"N",NA,"N",NA,"N",NA,"N",NA,"CRST",NA,"OPEN",NA,0,"LT-H",NA,0,0,0,0,1,"L-PGRASS_L-FORB_patch","L-ARTR_70W_50H_90L_75P",NA,NA,NA,NA,"Quadrat_photo||Canopy_photo||Litter_collection","ONAQ","S25"
"516",2125,"Grass",1.274,1.2247,0.0493,NA,"Resorted and reweighed on 30-Jun-2026",0.0493,430,"ONAQ236",44,10,"24-05-2025 14:41:27.500 -0600","POINTZ(-112.49804362 40.18126444 1770.039)",40.18126444,-112.49804362,1770.039,0,1.74,2,0.11,0.24,0.98,0.5,0.84,38,31,"N",NA,"N",NA,"N",NA,"N",NA,"CRST",NA,"CANOPY",NA,0,"H_W_B",NA,1,0,1,0,2,"L-PGRASS_patch","L-ARTR_5S_90H_190L_125P","L-ARTR_85SE_35H_30L_25P",NA,NA,NA,"Quadrat_photo||Canopy_photo||Litter_collection","ONAQ","S25"
"517",2127,"Forbs",2.9595,2.8276,0.1319,NA,"",0.1319,291,"ONAQ230",35,20,"25-05-2025 16:59:19.500 -0600","POINTZ(-112.476433363 40.153390712 1647.579)",40.153390712,-112.476433363,1647.579,0,1.74,2,0.11,0.24,1.01,0.52,0.86,33,29,"L-OTHER","ARTR","N",NA,"N",NA,"N",NA,"OTHER","MOSS","CANOPY",NA,50,"H_W_B",NA,5,5,2,1,4,"L-ARTR_L-SHRUB_L-PGRASS_patch",NA,NA,NA,NA,"20250525225948.jpg","Quadrat_photo||Canopy_photo||Litter_collection","ONAQ","S25"
"518",2127,"Grass",3.0193,2.824,0.1953,NA,"",0.1953,291,"ONAQ230",35,20,"25-05-2025 16:59:19.500 -0600","POINTZ(-112.476433363 40.153390712 1647.579)",40.153390712,-112.476433363,1647.579,0,1.74,2,0.11,0.24,1.01,0.52,0.86,33,29,"L-OTHER","ARTR","N",NA,"N",NA,"N",NA,"OTHER","MOSS","CANOPY",NA,50,"H_W_B",NA,5,5,2,1,4,"L-ARTR_L-SHRUB_L-PGRASS_patch",NA,NA,NA,NA,"20250525225948.jpg","Quadrat_photo||Canopy_photo||Litter_collection","ONAQ","S25"
"519",2127,"ReproductiveParts",2.7991,2.7875,0.0116,NA,"",0.0116,291,"ONAQ230",35,20,"25-05-2025 16:59:19.500 -0600","POINTZ(-112.476433363 40.153390712 1647.579)",40.153390712,-112.476433363,1647.579,0,1.74,2,0.11,0.24,1.01,0.52,0.86,33,29,"L-OTHER","ARTR","N",NA,"N",NA,"N",NA,"OTHER","MOSS","CANOPY",NA,50,"H_W_B",NA,5,5,2,1,4,"L-ARTR_L-SHRUB_L-PGRASS_patch",NA,NA,NA,NA,"20250525225948.jpg","Quadrat_photo||Canopy_photo||Litter_collection","ONAQ","S25"
"520",2128,"Ambiguous",2.3319,1.3334,0.9985,NA,"Resorted and reweighed on 30-Jun-2026",0.9985,301,"ONAQ230",46,10,"25-05-2025 17:19:28.750 -0600","POINTZ(-112.476432803 40.153298447 1647.7)",40.153298447,-112.476432803,1647.7,0,1.74,2,0.1,0.24,1.08,0.55,0.93,32,28,"D-OTHER","BRTE","N",NA,"N",NA,"N",NA,"SOIL",NA,"CANOPY",NA,20,"LT-H",NA,5,1,5,10,2,"L-PGRASS_patch","D-ARTR_20S_65H_90L_85P","L-ARTR_75SW_50H_40L_35P",NA,NA,NA,"Quadrat_photo||Canopy_photo||Litter_collection","ONAQ","S25"
"521",2129,"Grass",1.4054,1.343,0.0624,NA,"",0.0624,306,"ONAQ230",51,5,"25-05-2025 17:28:59.750 -0600","POINTZ(-112.47643909 40.153254865 1647.308)",40.153254865,-112.47643909,1647.308,0,1.74,2,0.1,0.23,0.96,0.52,0.8,33,29,"D-SHRUB",NA,"N",NA,"N",NA,"N",NA,"SOIL",NA,"CANOPY",NA,20,"H_W",NA,3,3,1,2,1,"D-BRTE_L-PGRASS_L-ARTR_patch","L-ARTR_30W_110H_185L_110P",NA,NA,NA,NA,"Quadrat_photo||Canopy_photo||Litter_collection","ONAQ","S25"
"522",2129,"Leaves",1.6116,1.3399,0.2717,NA,"",0.2717,306,"ONAQ230",51,5,"25-05-2025 17:28:59.750 -0600","POINTZ(-112.47643909 40.153254865 1647.308)",40.153254865,-112.47643909,1647.308,0,1.74,2,0.1,0.23,0.96,0.52,0.8,33,29,"D-SHRUB",NA,"N",NA,"N",NA,"N",NA,"SOIL",NA,"CANOPY",NA,20,"H_W",NA,3,3,1,2,1,"D-BRTE_L-PGRASS_L-ARTR_patch","L-ARTR_30W_110H_185L_110P",NA,NA,NA,NA,"Quadrat_photo||Canopy_photo||Litter_collection","ONAQ","S25"
"523",2130,"Grass",1.2902,1.2235,0.0667,NA,"",0.0667,37,"ONAQ209",8,45,"26-05-2025 10:07:32.500 -0600","POINTZ(-112.42764393 40.204063513 1589.092)",40.204063513,-112.42764393,1589.092,0,1.74,2,0.095,0.21,0.96,0.54,0.79,35,28,"N",NA,"N",NA,"N",NA,"N",NA,"COBBLE",NA,"OPEN",NA,0,"H_W",NA,0,0,0,1,1,"L-SUBS_L-PGRASS_patch","L-ATCO_50S_35H_75L_60P","L-SHRUB_85SW_55H_110L_70P","L-SHRUB_65W_50H_80L_65P",NA,"20250526160812.jpg","Quadrat_photo||Canopy_photo||Litter_collection","ONAQ","S25"
"524",2131,"Grass",1.4331,1.3522,0.0809,NA,"",0.0809,57,"ONAQ209",30,25,"26-05-2025 10:40:12.500 -0600","POINTZ(-112.42762578 40.203884997 1589.196)",40.203884997,-112.42762578,1589.196,0,1.74,2,0.097,0.18,0.87,0.5,0.71,37,31,"N",NA,"N",NA,"N",NA,"N",NA,"GRAVEL",NA,"OPEN",NA,0,"LT-H",NA,0,1,0,1,0,"L-ACHY_L-KRLA_L-SUBS_patch","L-SHRUB_40SW_45H_60L_35P","L-SHRUB_70NW_40H_70L_55P","L-SHRUB_70E_50H_90L_80P",NA,NA,"Quadrat_photo||Canopy_photo||Litter_collection","ONAQ","S25"
"525",2132,"Ambiguous",6.3323,1.3299,5.0024,NA,"",5.0024,475,"ONAQ238",39,15,"24-05-2025 10:18:24.500 -0600","POINTZ(-112.47221897 40.179950833 1690.406)",40.179950833,-112.47221897,1690.406,0,1.74,2,0.1,0.21,0.91,0.52,0.75,38,28,"N",NA,"N",NA,"N",NA,"N",NA,"SOIL",NA,"OPEN",NA,0,"H_W",NA,15,10,5,2,3,"D-BRTE_L-BRTE_L-PGRASS_D-FORB_patch","D-ARTR_10N_25H_65L_55P","L-ARTR_D-ARTR_patch",NA,NA,NA,"Quadrat_photo||Canopy_photo||Litter_collection","ONAQ","S25"
"526",2132,"Grass",2.6322,1.3359,1.2963,NA,"",1.2963,475,"ONAQ238",39,15,"24-05-2025 10:18:24.500 -0600","POINTZ(-112.47221897 40.179950833 1690.406)",40.179950833,-112.47221897,1690.406,0,1.74,2,0.1,0.21,0.91,0.52,0.75,38,28,"N",NA,"N",NA,"N",NA,"N",NA,"SOIL",NA,"OPEN",NA,0,"H_W",NA,15,10,5,2,3,"D-BRTE_L-BRTE_L-PGRASS_D-FORB_patch","D-ARTR_10N_25H_65L_55P","L-ARTR_D-ARTR_patch",NA,NA,NA,"Quadrat_photo||Canopy_photo||Litter_collection","ONAQ","S25"
"527",2133,"Ambiguous",4.1186,1.3396,2.779,NA,"",2.779,449,"ONAQ238",11,40,"24-05-2025 09:22:58.000 -0600","POINTZ(-112.47222558 40.1801741 1690.612)",40.1801741,-112.47222558,1690.612,0,1.74,2,0.15,0.25,0.96,0.55,0.79,37,28,"N",NA,"N",NA,"N",NA,"N",NA,"CRST",NA,"OPEN",NA,0,"H_W_B",NA,1,1,0,0,5,"L-BRTE_D-BRTE_D-FORB_patch","D-ARTR_30S_patch","L-PGRASS_45E","L-ARTR_50SE_85H_80L_40P","L-ERNA_L-PGRASS_90W_35H_60L_45P",NA,"Quadrat_photo||Canopy_photo||Litter_collection","ONAQ","S25"
"528",2133,"Grass",1.5722,1.3282,0.244,NA,"",0.244,449,"ONAQ238",11,40,"24-05-2025 09:22:58.000 -0600","POINTZ(-112.47222558 40.1801741 1690.612)",40.1801741,-112.47222558,1690.612,0,1.74,2,0.15,0.25,0.96,0.55,0.79,37,28,"N",NA,"N",NA,"N",NA,"N",NA,"CRST",NA,"OPEN",NA,0,"H_W_B",NA,1,1,0,0,5,"L-BRTE_D-BRTE_D-FORB_patch","D-ARTR_30S_patch","L-PGRASS_45E","L-ARTR_50SE_85H_80L_40P","L-ERNA_L-PGRASS_90W_35H_60L_45P",NA,"Quadrat_photo||Canopy_photo||Litter_collection","ONAQ","S25"
"529",2133,"Leaves",1.3737,1.3222,0.0515,NA,"",0.0515,449,"ONAQ238",11,40,"24-05-2025 09:22:58.000 -0600","POINTZ(-112.47222558 40.1801741 1690.612)",40.1801741,-112.47222558,1690.612,0,1.74,2,0.15,0.25,0.96,0.55,0.79,37,28,"N",NA,"N",NA,"N",NA,"N",NA,"CRST",NA,"OPEN",NA,0,"H_W_B",NA,1,1,0,0,5,"L-BRTE_D-BRTE_D-FORB_patch","D-ARTR_30S_patch","L-PGRASS_45E","L-ARTR_50SE_85H_80L_40P","L-ERNA_L-PGRASS_90W_35H_60L_45P",NA,"Quadrat_photo||Canopy_photo||Litter_collection","ONAQ","S25"
"530",2133,"ReproductiveParts",1.3784,1.3332,0.0452,NA,"",0.0452,449,"ONAQ238",11,40,"24-05-2025 09:22:58.000 -0600","POINTZ(-112.47222558 40.1801741 1690.612)",40.1801741,-112.47222558,1690.612,0,1.74,2,0.15,0.25,0.96,0.55,0.79,37,28,"N",NA,"N",NA,"N",NA,"N",NA,"CRST",NA,"OPEN",NA,0,"H_W_B",NA,1,1,0,0,5,"L-BRTE_D-BRTE_D-FORB_patch","D-ARTR_30S_patch","L-PGRASS_45E","L-ARTR_50SE_85H_80L_40P","L-ERNA_L-PGRASS_90W_35H_60L_45P",NA,"Quadrat_photo||Canopy_photo||Litter_collection","ONAQ","S25"
"531",2134,"Ambiguous",4.0621,2.7746,1.2875,NA,"Resorted and reweighed on 30-Jun-2026",1.2875,445,"ONAQ238",6,45,"24-05-2025 09:04:54.750 -0600","POINTZ(-112.472229465 40.18021838 1690.385)",40.18021838,-112.472229465,1690.385,0,1.74,2,0.11,0.23,1.06,0.58,0.89,35,28,"N",NA,"N",NA,"N",NA,"N",NA,"SOIL",NA,"OPEN",NA,0,"LT-H",NA,5,3,7,5,5,"L-BRTE_D-BRTE_L-SUBS_patch",NA,NA,NA,NA,NA,"Quadrat_photo||Canopy_photo||Litter_collection","ONAQ","S25"
"532",2134,"Grass",3.572,2.7984,0.7736,NA,"",0.7736,445,"ONAQ238",6,45,"24-05-2025 09:04:54.750 -0600","POINTZ(-112.472229465 40.18021838 1690.385)",40.18021838,-112.472229465,1690.385,0,1.74,2,0.11,0.23,1.06,0.58,0.89,35,28,"N",NA,"N",NA,"N",NA,"N",NA,"SOIL",NA,"OPEN",NA,0,"LT-H",NA,5,3,7,5,5,"L-BRTE_D-BRTE_L-SUBS_patch",NA,NA,NA,NA,NA,"Quadrat_photo||Canopy_photo||Litter_collection","ONAQ","S25"
"533",2135,"Ambiguous",7.5644,2.8252,4.7392,NA,"",4.7392,440,"ONAQ238",1,50,"24-05-2025 08:56:10.000 -0600","POINTZ(-112.472233352 40.180263193 1690.309)",40.180263193,-112.472233352,1690.309,0,1.74,2,0.11,0.24,1.03,0.55,0.86,35,28,"D-OTHER","ARTR","N",NA,"N",NA,"N",NA,"SOIL",NA,"CANOPY",NA,50,"H_W_B",NA,20,10,5,3,15,"L-BRTE_D-BRTE_D-FORB_patch","L-ARTR_45S_80H_80L_75P","L-ARTR_80NW_65H_50L_40P",NA,NA,NA,"Quadrat_photo||Canopy_photo||Litter_collection","ONAQ","S25"
"534",2135,"Forbs",1.4034,1.2393,0.1641,NA,"",0.1641,440,"ONAQ238",1,50,"24-05-2025 08:56:10.000 -0600","POINTZ(-112.472233352 40.180263193 1690.309)",40.180263193,-112.472233352,1690.309,0,1.74,2,0.11,0.24,1.03,0.55,0.86,35,28,"D-OTHER","ARTR","N",NA,"N",NA,"N",NA,"SOIL",NA,"CANOPY",NA,50,"H_W_B",NA,20,10,5,3,15,"L-BRTE_D-BRTE_D-FORB_patch","L-ARTR_45S_80H_80L_75P","L-ARTR_80NW_65H_50L_40P",NA,NA,NA,"Quadrat_photo||Canopy_photo||Litter_collection","ONAQ","S25"
"535",2135,"Grass",3.5622,2.8352,0.727,NA,"",0.727,440,"ONAQ238",1,50,"24-05-2025 08:56:10.000 -0600","POINTZ(-112.472233352 40.180263193 1690.309)",40.180263193,-112.472233352,1690.309,0,1.74,2,0.11,0.24,1.03,0.55,0.86,35,28,"D-OTHER","ARTR","N",NA,"N",NA,"N",NA,"SOIL",NA,"CANOPY",NA,50,"H_W_B",NA,20,10,5,3,15,"L-BRTE_D-BRTE_D-FORB_patch","L-ARTR_45S_80H_80L_75P","L-ARTR_80NW_65H_50L_40P",NA,NA,NA,"Quadrat_photo||Canopy_photo||Litter_collection","ONAQ","S25"
