"(Intercept)","logAI_snv","logARVI_snv","logEVI_snv","logHeight_snv","logLAI_snv","logNDVI_snv","logPRI_snv","logPropBare_snv","logPropShrub_snv","logSAVI_snv","df","logLik","AIC","delta","weight"
-1.20988783124074e-16,0.349532220927876,NA,NA,0.508050090920213,NA,NA,-0.158323701146895,NA,NA,NA,5,-153.054501568389,316.109003136778,0,0.0447254066807969
-1.70769060921194e-16,0.384265529437947,NA,NA,0.447352685384909,NA,NA,-0.155544226644836,NA,0.0901554060417087,NA,6,-152.19137483892,316.382749677839,0.27374654106103,0.0390041656413272
-1.80982985162067e-16,0.372054680831497,NA,NA,0.39960620416743,NA,NA,-0.142442295835099,-0.136832573871892,0.128057275196027,NA,7,-151.50907031198,317.018140623959,0.909137487180942,0.0283881833308386
-1.16942667492773e-16,0.33940638177815,NA,NA,0.499655390725305,NA,NA,-0.153817073677537,-0.0516744798438192,NA,NA,6,-152.9369489149,317.8738978298,1.76489469302129,0.0185059883770298
-1.15383796493503e-16,0.34987308354713,-0.0202605022531864,NA,0.513824139988755,NA,NA,-0.160796403019521,NA,NA,NA,6,-152.985784403324,317.971568806648,1.8625656698693,0.0176239520246757
-1.19170392899378e-16,0.349711724474753,NA,-0.0135342762084241,0.511525186597396,NA,NA,-0.16547274127354,NA,NA,NA,6,-153.034246390744,318.068492781488,1.95948964471023,0.0167902254715319
-1.16072499202485e-16,0.349637218449667,NA,NA,0.511285984020707,NA,NA,-0.162638492818949,NA,NA,-0.0111730935143819,6,-153.037719904349,318.075439808698,1.96643667192012,0.0167320055672779
-1.23293571712397e-16,0.349364666992882,NA,NA,0.505506380224211,NA,0.00800384113524847,-0.154127145260621,NA,NA,NA,6,-153.048031255214,318.096062510429,1.98705937365025,0.0165603624442421
-1.18557459291595e-16,0.349643504117234,NA,NA,0.509951097900963,-0.00675597396056928,NA,-0.160929396131327,NA,NA,NA,6,-153.048333068547,318.096666137093,1.98766300031491,0.0165553650602447
-1.64996118081797e-16,0.385167709795491,-0.0234938115664698,NA,0.453162339119522,NA,NA,-0.158370973705602,NA,0.0914711928270219,NA,7,-152.098123689289,318.196247378578,2.08724424180014,0.015751248018028
-1.77495950660194e-16,0.38471440013579,NA,NA,0.439787682823074,NA,0.019132893837889,-0.145444539018264,NA,0.0923601546340759,NA,7,-152.15450455789,318.309009115781,2.20000597900264,0.0148877500836591
-1.73927382749611e-16,0.384650279023861,NA,NA,0.444571844602782,0.00679789651271398,NA,-0.152882613207764,NA,0.0914447243982677,NA,7,-152.18523800924,318.37047601848,2.26147288170176,0.0144371577362575
-1.71257691744661e-16,0.384383110642036,NA,0.0020872813853083,0.446562895814811,NA,NA,-0.154430063755101,NA,0.0905324615962258,NA,7,-152.190902997815,318.38180599563,2.27280285885172,0.014355602625119
-1.71760532148217e-16,0.384377457258193,NA,NA,0.446596239603212,NA,NA,-0.154826176645097,NA,0.0904906327649239,0.00183261828645976,7,-152.190930420937,318.381860841874,2.2728577050961,0.0143552089550719
-1.73812490133068e-16,0.372526256350461,-0.0317228789843933,NA,0.404531417316464,NA,NA,-0.145458063632402,-0.145198921364422,0.13215136862565,NA,8,-151.340050974312,318.680101948624,2.57109881184601,0.0123665137587752
-3.89519784969988e-17,0.342848341285338,NA,NA,0.519308903327392,0.96017084464125,NA,-0.163265373415357,NA,NA,-0.971750284839732,7,-152.469586489799,318.939172979598,2.83016984282023,0.0108640242272453
-9.014767025454e-17,0.379613280620959,NA,NA,0.450309419816159,1.07233760438478,NA,-0.154892633653528,NA,0.097830311243148,-1.06990391115603,8,-151.47959383011,318.95918766022,2.85018452344138,0.0107558464284881
-1.84442304209716e-16,0.372461956287979,NA,NA,0.39621213002016,NA,0.0102367199719692,-0.137217944946889,-0.134959912714869,0.128718170517432,NA,8,-151.498553845284,318.997107690568,2.88810455378945,0.0105538365239657
-1.78765847505588e-16,0.371739005643026,NA,NA,0.401102307348797,NA,NA,-0.144020096629735,-0.137502008774079,0.127476172239016,-0.00419048307826951,8,-151.506742724413,319.013485448827,2.90448231204857,0.0104677653266114
-1.80282993697317e-16,0.371848696056839,NA,-0.00310181801528766,0.400657673651909,NA,NA,-0.144064471707945,-0.137182783376622,0.127593955451765,NA,8,-151.508023703988,319.016047407976,2.90704427119823,0.0104543649176914
-1.81461710142135e-16,0.372128972078293,NA,NA,0.399230700142212,0.00105649362510246,NA,-0.142044195029392,-0.136670140212168,0.128212661102333,NA,8,-151.50892176192,319.01784352384,2.90884038706167,0.0104449805068589
-1.03402749730937e-16,0.347277588935812,NA,NA,0.496803935046057,NA,0.177907442872698,-0.125440523998874,NA,NA,-0.156396812588377,7,-152.674892170608,319.349784341215,3.24078120443721,0.00884764321401572
-9.36698151883604e-17,0.366137117928162,NA,NA,0.402777489598202,1.12257944325203,NA,-0.143564262591949,-0.144187523406672,0.136958015810036,-1.12643353994718,9,-150.72162814414,319.44325628828,3.3342531515014,0.00844365394271753
-1.43899280494066e-16,0.348365696020162,NA,-0.142760075746244,0.498251298799589,NA,0.146169270535023,-0.157092915097724,NA,NA,NA,7,-152.722015078262,319.444030156524,3.33502701974589,0.00844038743689268
-2.08074309031006e-16,0.348914536824315,NA,-0.473511197169684,0.511797494840952,0.418764194894601,NA,-0.246928419760867,NA,NA,NA,7,-152.727599115017,319.455198230033,3.34619509325512,0.00839338735045455
-6.74106293442457e-18,0.390907214109982,NA,0.715156571517842,0.44042877065591,NA,NA,NA,NA,0.104883210105379,-0.631513356197704,7,-152.750121064041,319.500242128082,3.39123899130328,0.00820646474028084
-1.67940347533781e-17,0.37398537229049,NA,0.688404050151274,0.38666276033631,NA,NA,NA,-0.164438255915342,0.147725404185573,-0.618056336087735,8,-151.756716241546,319.513432483093,3.40442934631471,0.00815251973260903
3.64162640388764e-17,0.345482459627772,NA,0.530782765925642,0.492231455948687,NA,0.269030388197198,NA,NA,NA,-0.705511949186231,7,-152.824065715948,319.648131431896,3.53912829511819,0.00762153333646413
-1.17956698212037e-16,0.348645338026482,NA,NA,0.498164239809322,-0.114266072728416,0.132274191559745,-0.13304099673713,NA,NA,NA,7,-152.842964799137,319.685929598275,3.57692646149627,0.00747884592158246
-1.10297870083566e-16,0.338993895447275,-0.0228676550298369,NA,0.505511534997986,NA,NA,-0.156253157930345,-0.0557428339077909,NA,NA,7,-152.849996831578,319.699993663156,3.59099052637805,0.00742643891428728
5.6753879702539e-17,0.351825430226488,NA,0.726277408574652,0.515659061900339,NA,NA,NA,NA,NA,-0.653719843194453,6,-153.888560171069,319.777120342139,3.66811720536032,0.00714550236982298
-1.14191277062942e-16,0.338890162315142,NA,-0.018224443297506,0.503706394954585,NA,NA,-0.163106216533523,-0.0555423610768397,NA,NA,7,-152.900823335262,319.801646670525,3.69264353374672,0.00705841100033584
-1.09696324141941e-16,0.338776272763774,NA,NA,0.503575067805724,NA,NA,-0.159557567949579,-0.0556459582624708,NA,-0.0157618252172685,7,-152.904193972221,319.808387944443,3.69938480766444,0.00703465971032215
-1.12684460469229e-16,0.339038180151794,NA,NA,0.502353586984463,-0.0112183747619909,NA,-0.157897746738425,-0.0544965079224719,NA,NA,7,-152.920264775684,319.840529551367,3.73152641458876,0.00692251065314703
-1.57746285238358e-16,0.380343218260375,NA,NA,0.438078262634839,NA,0.15108562763669,-0.123692857805585,NA,0.0852020107259163,-0.122256877637451,8,-151.929503201638,319.859006403276,3.75000326649814,0.00685885205643666
-1.17855490079405e-16,0.339476045139533,NA,NA,0.498815821350189,NA,0.00298653670174441,-0.15231000963859,-0.0509999141141889,NA,NA,7,-152.936066770194,319.872133540387,3.76313040360895,0.00681398092920157
-1.19845333768776e-16,0.349525772958699,-0.0272456917149056,NA,0.508758070655686,NA,0.0222043165103869,-0.150006796501459,NA,NA,NA,7,-152.944106461593,319.888212923185,3.77920978640691,0.00675941825276783
-2.48413902426309e-16,0.38238408353098,NA,-0.407715076060022,0.449221807611878,0.37255607396822,NA,-0.227308392729064,NA,0.0871645788807856,NA,8,-151.946846857096,319.893693714193,3.78469057741449,0.00674092013104088
-1.65365341106436e-17,0.38059054127796,NA,0.54710237902501,0.429402549705609,NA,0.233155423239023,NA,NA,0.0919491033998721,-0.679137515299775,8,-151.957846844934,319.915693689868,3.80669055308937,0.00666717642509974
6.880707583633e-17,0.368295501981992,NA,0.687398768821471,0.388409617432471,1.13029243501294,NA,NA,-0.17105435946084,0.157193443437449,-1.74721349580375,9,-150.963240155417,319.926480310834,3.81747717405568,0.00663131506524451
-1.75443257846844e-16,0.386534053090624,-0.0357066219211118,NA,0.441058765515443,NA,0.0382496171430013,-0.139649565003742,NA,0.0965628133189957,NA,8,-151.975745025136,319.951490050271,3.84248691349313,0.00654890765510022
-1.1519686359311e-16,0.349905966462058,-0.0188843154468835,-0.00422501421015754,0.514516765480307,NA,NA,-0.162860171699275,NA,NA,NA,7,-152.984126207655,319.96825241531,3.85924927853216,0.00649424943495065
-1.16229693465672e-16,0.349839578873982,-0.0215129959556984,NA,0.51324877770152,0.00331333281182821,NA,-0.159671352977137,NA,NA,NA,7,-152.984562222809,319.969124445618,3.86012130883944,0.00649141846100412
-1.14831161639976e-16,0.349877814673385,-0.0196126662619296,NA,0.514121219868047,NA,NA,-0.161359653327195,NA,NA,-0.00166326773538803,7,-152.985482517198,319.970965034395,3.86196189761716,0.00648544719310231
-1.8821372509223e-16,0.381201665460352,NA,-0.103850986357438,0.439689478107331,NA,0.118764380970168,-0.148286297373643,NA,0.0850809383934387,NA,8,-151.985769175942,319.971538351883,3.86253521510486,0.00648358834939629
-1.54808273241364e-16,0.350340771867112,NA,-0.147288407104499,0.510583285283392,NA,NA,-0.189074473221072,NA,NA,0.121834100340381,7,-153.017063388333,320.034126776666,3.92512363988749,0.00628383147754055
-1.73347728893253e-16,0.386779890200303,-0.0321977154797528,NA,0.446078130240565,0.0225791793225485,NA,-0.150577681181777,NA,0.0962411253278664,NA,8,-152.043129668201,320.086259336402,3.97725619962398,0.00612215171689891
7.47156457347345e-17,0.386163116914224,NA,0.715223906296652,0.444132072714295,1.07051069709049,NA,NA,NA,0.112217911802093,-1.70146162387394,8,-152.046271054446,320.092542108892,3.98353897211359,0.00610294984973834
-1.71001270371594e-16,0.382325185439982,NA,NA,0.438425452413867,-0.0764107116361071,0.101632801681315,-0.13181273970149,NA,0.0873745153506439,NA,8,-152.06444289987,320.128885799741,4.01988266296263,0.00599304955820946
-1.72614047010855e-16,0.386478416532188,-0.0303083068987994,NA,0.447757795299282,NA,NA,-0.152461081253459,NA,0.0949947000015176,0.0171759103743378,8,-152.066883275807,320.133766551615,4.02476341483668,0.00597844209537807
-1.67624532905042e-16,0.38636019145313,-0.0292356010440075,0.0172546450759192,0.448053348244433,NA,NA,-0.149851520096886,NA,0.0949097194831198,NA,8,-152.071410281939,320.142820563879,4.03381742710059,0.00595143881946719
-1.33878771631896e-16,0.358653283472887,NA,NA,0.481780475279839,NA,0.390455577470174,NA,NA,NA,-0.296501427395664,6,-154.12655098786,320.25310197572,4.14409883894126,0.0056321559181418
-2.83725457974885e-17,0.340715115882319,NA,NA,0.505147715421392,0.939520203710943,0.171846030081595,-0.12732127911855,NA,NA,-1.09136676477215,8,-152.128914581659,320.257829163319,4.14882602654046,0.0056188595091803
-1.69700052311396e-16,0.384388183024328,NA,0.00813702515191164,0.44654271175906,NA,NA,-0.153354554481494,NA,0.0906198140093478,-0.00549686726694334,8,-152.1908684355,320.381736871,4.27273373422167,0.00528131360267815
-2.39428607231793e-17,0.367190476828264,NA,0.548863018657962,0.383537019872568,NA,0.197899689070589,NA,-0.145374630012172,0.131780307109831,-0.660039281080748,9,-151.192983617462,320.385967234924,4.27696409814553,0.00527015446936972
-7.87260578092e-17,0.3759247818174,NA,NA,0.442226876977926,1.04940200525361,0.141953539912235,-0.125639688537383,NA,0.0927043659841278,-1.16357030687104,9,-151.247083981605,320.494167963211,4.38516482643257,0.0049926124460867
-1.82399977189224e-16,0.373955582544201,-0.0418078484481329,NA,0.39543509555736,NA,0.0321574627015594,-0.130005112108155,-0.141975906680951,0.135529040911451,NA,9,-151.253107046026,320.506214092052,4.39721095527392,0.00496263199741741
6.24745273523763e-17,0.376312766968038,NA,0.552166961388887,0.433309439137639,1.03454007743689,0.226219191051035,NA,NA,0.0994221309310519,-1.71171727191864,9,-151.294714500486,320.589429000972,4.48042586419405,0.00476038615605883
-1.8116427272392e-16,0.374050155000316,-0.039391782578155,NA,0.398595768898531,0.0200501005881788,NA,-0.138631972021997,-0.144138798317267,0.136090011015703,NA,9,-151.296309639161,320.592619278322,4.48361614154396,0.0047527987330983
1.10156891237073e-16,0.339170800441347,NA,0.534091417897856,0.500208919990698,0.915656110145378,0.265471861190295,NA,NA,NA,-1.62133022670392,8,-152.306287187185,320.612574374369,4.50357123759085,0.00470561324467947
-1.6639850680154e-16,0.368898536578354,NA,NA,0.396028545533312,NA,0.129621765006471,-0.117840373427407,-0.130749562154069,0.121122588865093,-0.110355518534307,9,-151.314378323404,320.628756646809,4.51975351003057,0.00466769310231211
-1.76191880109292e-16,0.373651922050987,-0.0369512707024495,0.015780433754678,0.399993835224374,NA,NA,-0.137702320464205,-0.144796133609156,0.135183264182752,NA,9,-151.317496916468,320.634993832937,4.52599069615854,0.00465315914151241
-1.80170260062565e-16,0.373698958470473,-0.037408212763604,NA,0.400256781353262,NA,NA,-0.140559593517071,-0.144390669594837,0.134888269184267,0.0144453197588013,9,-151.31776451966,320.635529039319,4.52652590254121,0.00465191410787128
-3.23488631459526e-17,0.331872705326178,NA,NA,0.511544588709902,0.962266307554804,NA,-0.160157485287222,-0.056157663481613,NA,-0.978477562999997,8,-152.332605432626,320.665210865252,4.5562077284734,0.00458338522883658
1.32216292355883e-16,0.345256576263613,NA,0.727019792865414,0.523534405312016,0.940466838508536,NA,NA,NA,NA,-1.59505687195033,7,-153.349429850148,320.698859700296,4.58985656351808,0.00450691750825403
-1.89260107230577e-16,0.392452937351634,NA,NA,0.421677021935421,NA,0.359864710659756,NA,NA,0.0875128748794299,-0.259430631686137,7,-153.354160300969,320.708320601937,4.59931746515878,0.0044856481032295
-2.40615028003041e-16,0.3710682875403,NA,-0.326265507842289,0.40567768316347,0.294092044055264,NA,-0.202253491403318,-0.128453419094288,0.122577045129431,NA,9,-151.357485793051,320.714971586103,4.60596844932468,0.00447075589166542
-1.92938499066256e-16,0.370075493790131,NA,-0.0850111285955209,0.397870924673212,NA,0.0921488822140273,-0.139872512202832,-0.129573403979695,0.121308376355704,NA,9,-151.385628481703,320.771256963406,4.66225382662788,0.00434669075216972
-1.78962262551542e-16,0.370751192812807,NA,NA,0.395990849185304,-0.0627889930489869,0.0782127425206919,-0.126185835658372,-0.132178348792322,0.123871970394865,NA,9,-151.43752151834,320.875043036679,4.76603989990099,0.00412688040767537
-8.0732913060523e-17,0.343589061251056,NA,-0.159854657544192,0.518573266087252,0.963403822775376,NA,-0.191958911269065,NA,NA,-0.830629621557666,8,-152.445084027056,320.890168054112,4.78116491733419,0.00409578855301333
-9.43284021231605e-17,0.38095157614442,-0.0161689411502927,NA,0.450759592860746,1.02338841784622,NA,-0.15362786387107,NA,0.0998981151620979,-1.01279678932764,9,-151.445477890225,320.890955780451,4.7819526436723,0.00409417569039852
5.92263374660284e-17,0.36199652304395,NA,0.55430606715571,0.385371258801714,1.09384089966569,0.188800526249912,NA,-0.152653886537368,0.141676139631824,-1.75085119806255,10,-150.445927786212,320.891855572425,4.78285243564665,0.00409233415146617
-4.01223305296093e-17,0.343060309766036,-0.00610701219858929,NA,0.52002977820789,0.940787265134212,NA,-0.162854511821421,NA,NA,-0.949397322818762,8,-152.464718784031,320.929437568062,4.82043443128362,0.00401615310987078
-1.62566753850467e-16,0.361828507676944,NA,NA,0.481115990234963,-0.259850877017789,0.354841122564427,NA,NA,NA,NA,6,-154.47647748157,320.95295496314,4.843951826362,0.00396920494575874
-1.33458274872789e-16,0.371459813471606,NA,0.180054433734426,0.398058530719792,NA,NA,-0.111014700142225,-0.143121674751546,0.131846256418,-0.166622007554746,9,-151.477268825679,320.954537651358,4.8455345145793,0.0039660651812898
-8.84522908718139e-17,0.379622171943234,NA,0.00669931379380059,0.450265302394989,1.07232394949057,NA,-0.153681028016115,NA,0.0979365743031776,-1.07592472033598,9,-151.479551431349,320.959102862699,4.85009972592047,0.00395702254273233
-9.77253266263207e-17,0.337169964749614,NA,NA,0.489918951543429,NA,0.173863596033251,-0.123403591421908,-0.0520611182697482,NA,-0.157388983853767,8,-152.557674939271,321.115349878543,5.00634674176473,0.00365965306299904
-8.39510765689633e-17,0.363639074403076,NA,NA,0.398092609429469,1.1011712214822,0.118870667311347,-0.119564632873751,-0.137867642170059,0.130950587709025,-1.20239122075435,10,-150.558542192473,321.117084384946,5.00808124816734,0.00365648059303069
-2.56121123450279e-16,0.409638341610232,NA,NA,0.418571356579955,NA,0.108090298660009,NA,NA,0.107510591082761,NA,6,-154.585738277774,321.171476555548,5.06247341876934,0.00355837867547503
-2.14203666402518e-16,0.349114927071696,-0.0304020788668927,-0.523333959070281,0.516652040145991,0.477767253140599,NA,-0.254199359862767,NA,NA,NA,8,-152.603231121167,321.206462242335,5.09745910555671,0.00349667378502662
-1.97174701038034e-16,0.379170890734856,NA,NA,0.376060846002267,NA,0.325224973996277,NA,-0.144505951766365,0.127091878387555,-0.239103922780521,8,-152.611826688989,321.223653377977,5.11465024119894,0.00346674669279493
-1.38432899682321e-16,0.338662259686126,NA,-0.141881864219226,0.491726507818835,NA,0.140392860970519,-0.155290435536219,-0.0500765261642273,NA,NA,8,-152.613633876911,321.227267753822,5.11826461704334,0.00346048728770659
-1.95039199631245e-16,0.34827054288303,NA,-0.406936806177047,0.502723020737192,0.278535111230733,0.0989220831888196,-0.213980675838633,NA,NA,NA,8,-152.618696982798,321.237393965597,5.12839082881851,0.0034430107542503
-1.02273721019249e-16,0.347521498918447,-0.0188808968829682,NA,0.499608818234938,NA,0.176980772081575,-0.124403153322753,NA,NA,-0.146485378204875,8,-152.62626683728,321.252533674559,5.14353053778103,0.00341704606232011
-1.99016586313856e-16,0.339585012019266,NA,-0.453020407411124,0.505011449258216,0.396411319285689,NA,-0.240530920311959,-0.0481027868671946,NA,NA,8,-152.62803072773,321.256061455461,5.14705831868235,0.0034110240800212
-6.23597103558712e-17,0.352523154628916,NA,NA,0.489566504804066,0.901041382744427,0.387698674866056,NA,NA,NA,-1.19519350220947,7,-153.633448051806,321.266896103613,5.15789296683448,0.00339259541923178
-1.04561378296671e-16,0.399085985840867,NA,0.550903115666588,0.43540403189645,-0.465243765278953,NA,NA,NA,0.103603757673691,NA,7,-153.642865911258,321.285731822517,5.17672868573834,0.00336079441613666
-1.40129447914197e-16,0.348543171283084,-0.0237497576026604,-0.137466647472951,0.50135477268641,NA,0.153424599876372,-0.153391285898019,NA,NA,NA,8,-152.643182187076,321.286364374152,5.1773612373733,0.00335973164620837
-9.97159441854236e-17,0.367684409757779,-0.0230213040740252,NA,0.402155137704119,1.05422102688585,NA,-0.141462399738926,-0.148019750559919,0.140942089798111,-1.04662699000634,10,-150.652319882705,321.304639765411,5.19563662863243,0.00332917127933623
-2.59118410176145e-16,0.39325316067146,NA,NA,0.367750014574452,NA,0.0913866134182441,NA,-0.161858633335841,0.150087355889248,NA,7,-153.658368348732,321.316736697464,5.20773356068548,0.00330909567446737
-7.02792935634734e-17,0.346505429643769,NA,0.122090085499126,0.496226620635039,NA,0.192155154320324,-0.100548252720853,NA,NA,-0.278279172771503,8,-152.662966592727,321.325933185455,5.21693004867637,0.00329391457510029
6.37451786636008e-17,0.337350059483179,NA,0.716501237420187,0.505519148996492,NA,NA,NA,-0.0723809658799489,NA,-0.65178915593486,7,-153.663193149132,321.326386298264,5.21738316148543,0.00329316840218566
4.28642699628102e-17,0.333605979905003,NA,0.528578871041107,0.48448960005445,NA,0.260845863362969,NA,-0.060350666269936,NA,-0.702326522397461,8,-152.666310716838,321.332621433675,5.22361829689697,0.00328291771363553
-1.14846868452454e-16,0.382290545346352,NA,0.519993123569563,0.38176142766554,-0.447522696061852,NA,NA,-0.163979067771173,0.146496922774067,NA,8,-152.66722368126,321.33444736252,5.22544422574219,0.00327992189430694
-2.1622508918841e-16,0.396040565772952,NA,NA,0.420373581347028,-0.219887605264495,0.32150783366324,NA,NA,0.0890771109336888,NA,7,-153.683767552581,321.367535105162,5.25853196838352,0.0032261056802569
-4.65283070752948e-17,0.365839140886593,NA,0.186844133962124,0.399621403825179,1.12423404264706,NA,-0.10931358868577,-0.150028956185491,0.141506867701725,-1.29664432325245,10,-150.689571623956,321.379143247913,5.27014011113448,0.00320743536695195
-2.45350796231118e-17,0.375468800705482,-0.0196869762764713,0.666212878964055,0.386239829818337,NA,NA,NA,-0.168057749617631,0.151533778161079,-0.58732737664788,9,-151.706900048017,321.413800096035,5.30479695925635,0.00315233435241629
-1.12404400269046e-16,0.33861640635794,NA,NA,0.491327338725252,-0.115122966578678,0.128120350524017,-0.131040941663746,-0.0516957318337568,NA,NA,8,-152.727632463489,321.455264926978,5.3462617902,0.00308765167783684
-1.13390697632505e-16,0.388368037006445,NA,NA,0.425435960926995,1.01392292055903,0.354216294396841,NA,NA,0.09479672562463,-1.2676244577995,8,-152.728459862498,321.456919724995,5.34791658821689,0.00308509801449512
-1.08976823766983e-17,0.391933079513724,-0.0108821558396934,0.703215695045575,0.440849159050352,NA,NA,NA,NA,0.10646706575434,-0.614691373948481,8,-152.734948667881,321.469897335762,5.36089419898366,0.0030651442220405
-2.58868505525482e-16,0.384672698362239,-0.0397397589986963,-0.468856234106313,0.451778238760343,0.446883269697197,NA,-0.235624477162122,NA,0.0924426435321776,NA,9,-151.734987297792,321.469974595583,5.3609714588049,0.00306502581808015
-4.08177662264453e-17,0.36038764643904,NA,0.571379158843176,0.509571194405552,-0.496787083873856,NA,NA,NA,NA,NA,6,-154.737976052264,321.475952104529,5.36694896775066,0.00305587888423545
-6.51637173804492e-17,0.354683167206629,NA,0.380310450640037,0.486548693416163,-0.544174828095888,0.259465111442697,NA,NA,NA,NA,7,-153.759016494732,321.518032989463,5.40902985268491,0.00299225354030819
-1.97921279736275e-16,0.36983211247153,NA,NA,0.494337950497505,NA,0.101250301477973,NA,NA,NA,NA,5,-155.768945577034,321.537891154067,5.4288880172889,0.0029626902198378
-1.15488147999013e-16,0.348834395100809,-0.0227141808527535,NA,0.501433899820868,-0.105569572794736,0.13465493996173,-0.131210758594942,NA,NA,NA,8,-152.771750850899,321.543501701799,5.43449856502048,0.00295439070903482
-1.58827058441354e-16,0.382435055060228,-0.0290905472357891,NA,0.439352121466323,NA,0.148265874674726,-0.122003839515595,NA,0.0896238117376099,-0.105214148125907,9,-151.814940985235,321.62988197047,5.52087883369137,0.00282950647341163
-2.5123998960853e-16,0.398167249573486,NA,NA,0.397292464561873,NA,NA,NA,-0.198898640111762,0.152039890303886,NA,6,-154.817720444586,321.635440889172,5.52643775239352,0.00282165289459272
3.570145190726e-17,0.345569768838782,-0.0023559771154143,0.528017683713918,0.492542511241033,NA,0.269327982888297,NA,NA,NA,-0.701999897542574,8,-152.823344357997,321.646688715994,5.53768557921546,0.00280582870169086
-1.14095556513681e-16,0.339305966493544,-0.0282437932256575,NA,0.501958562276047,NA,0.0175361918893436,-0.147976775524758,-0.0527384153011989,NA,NA,8,-152.824353620499,321.648707240998,5.53970410421931,0.00280299831253849
-1.85369843644569e-16,0.38318379213084,-0.0326917372705622,-0.094505290726242,0.440862074653778,NA,0.127301008879673,-0.142724887533262,NA,0.0895838129185462,NA,9,-151.836997795169,321.673995590338,5.56499245356002,0.002767779835772
-1.09807156141722e-16,0.338804279154261,-0.0201936675334839,-0.0083969656124567,0.506693269518181,NA,NA,-0.160248298635783,-0.0570492459557261,NA,NA,8,-152.843510199669,321.687020399339,5.57801726256071,0.00274981349943646
-1.08255421147224e-16,0.338800182344935,-0.0206390499479304,NA,0.50639589952449,NA,NA,-0.158146764129158,-0.0568206604675451,NA,-0.00585119407196885,8,-152.846305086314,321.692610172629,5.58360703585026,0.00274213881234731
-1.10090951791594e-16,0.338974014027986,-0.0225869653728787,NA,0.505622447845948,-0.000760009359856849,NA,-0.156499708823346,-0.0558840802491318,NA,NA,8,-152.849933288559,321.699866577119,5.59086344034034,0.0027322078048981
-9.01052754526071e-17,0.379907748697872,NA,0.256508208810197,0.434757511192528,NA,0.180057002362865,-0.0713320912858476,NA,0.088260148765072,-0.377103283186293,9,-151.877311878525,321.754623757049,5.64562062027079,0.00265841853995541
-2.37668532395945e-16,0.380976550949208,NA,-0.360405713876026,0.444266298331547,0.270332972736528,0.0730193053502605,-0.203534467905386,NA,0.0847369365623113,NA,9,-151.887544598671,321.775089197341,5.66608606056292,0.00263135439307901
5.71985672964457e-17,0.351764843016134,0.00151329024829685,0.727914572601897,0.515442619260608,NA,NA,NA,NA,NA,-0.656012501973515,7,-153.888266032773,321.776532065545,5.66752892876696,0.00262945672888748
-1.38595934008161e-16,0.339630498103171,NA,-0.109144434003839,0.503290680257365,NA,NA,-0.17924172440112,-0.0539404789024996,NA,0.0829405075685406,8,-152.892958011904,321.785916023808,5.67691288702935,0.00261714827088375
-1.1729400153469e-16,0.374193606544567,NA,NA,0.37778700535275,1.07274914473311,0.317539595320593,NA,-0.151636399042015,0.136751298223238,-1.30478858648569,9,-151.906225645988,321.812451291975,5.70344815519718,0.00258265423838053
-2.48715731259949e-16,0.395862937933082,NA,0.0782067778010107,0.371445904463956,NA,NA,NA,-0.172247357983736,0.156835403892923,NA,7,-153.907474007005,321.81494801401,5.7059448772319,0.00257943216508181
-1.70362998874293e-16,0.384446053746971,-0.0326680234904123,NA,0.439848397016474,-0.0618250279061766,0.103374688678967,-0.129113022759558,NA,0.092171217300501,NA,9,-151.917958898855,321.835917797709,5.72691466093102,0.00255252838587254
-1.8728794447568e-16,0.351313275900975,-0.0285146035213769,-0.277651103803058,0.514083450447734,NA,NA,-0.21061326330091,NA,NA,0.25338292905915,8,-152.922779638008,321.845559276015,5.73655613923717,0.00254025292451501
-1.17708912941691e-16,0.389441306811477,NA,0.389000685134115,0.424670986492973,-0.509879862566883,0.223261310682068,NA,NA,0.0909240419211033,NA,8,-152.925673299072,321.851346598144,5.74234346136575,0.0025329129184005
-2.22898207751494e-16,0.382585238678166,NA,NA,0.374269429517992,-0.198036653788975,0.285205433019707,NA,-0.146264678740265,0.129383695602071,NA,8,-152.927564434831,321.855128869663,5.74612573288471,0.00252812736269888
-2.1450440691825e-17,0.381753760923299,-0.0127649775100434,0.532441636040027,0.42985277249411,NA,0.234062585213637,NA,NA,0.0937566723833093,-0.659590303743406,9,-151.936769515665,321.87353903133,5.76453589455184,0.00250496252663152
-1.26477152354459e-16,0.34631104096331,NA,NA,0.473816771378245,NA,0.381467516050985,NA,-0.0624299830173161,NA,-0.294963039538901,7,-153.960483384577,321.920966769154,5.81196363237547,0.00244625896884088
6.65163314796575e-17,0.368630180078738,-0.00370649564545573,0.683230591170529,0.388312986039773,1.11928904115347,NA,NA,-0.171671399051885,0.157818280205592,-1.73043576797729,10,-150.961532551024,321.923065102049,5.81406196527047,0.00244369378189821
-2.43469390591824e-16,0.414106218610874,NA,0.0923275201441416,0.427476121808631,NA,NA,NA,NA,0.112120189965127,NA,6,-154.968651926305,321.93730385261,5.82830071583214,0.00242635799201313
-2.24302882578039e-17,0.330468535023064,NA,NA,0.498201626751661,0.941979921195864,0.16773759421583,-0.125264729685856,-0.0526883459256268,NA,-1.0948186942943,9,-152.008018882815,322.016037765631,5.90703462885273,0.00233269536463482
7.7650044282128e-17,0.385647035586339,0.00479253947390056,0.720483622482694,0.443997115139831,1.08501704239289,NA,NA,NA,0.111619767785568,-1.72336880756085,9,-152.04343184638,322.086863692759,5.97786055598112,0.00225153328534643
-2.09802982675727e-16,0.386597870404827,-0.0348146692278386,-0.146361385320631,0.448893310153136,NA,NA,-0.178579626223677,NA,0.0933407886582712,0.15129331315248,9,-152.049539645968,322.099079291937,5.99007615515825,0.0022378232828675
-1.32157016405214e-16,0.358840081473093,-0.0235386470614587,NA,0.485432188887689,NA,0.387108952499187,NA,NA,NA,-0.282700463522044,7,-154.0521952234,322.1043904468,5.99538731002212,0.002231888453548
-2.52098765564683e-16,0.373063270202737,-0.0452526804979901,-0.391489738436457,0.406237109926788,0.374492790359622,NA,-0.210370112930043,-0.135390682760753,0.130499800356245,NA,10,-151.082314952026,322.164629904052,6.05562676727368,0.00216566687328253
1.39527620265411e-16,0.330638823752603,NA,0.71716546203702,0.51333812105488,0.943735670051553,NA,NA,-0.072978750072207,NA,-1.59638209552727,8,-153.118744756209,322.237489512417,6.12848637563894,0.00208819182174564
-2.22303302564533e-18,0.340122627498151,NA,0.0973670916165575,0.50465766849147,0.936182982398788,0.18323013938466,-0.107462961589742,NA,NA,-1.18524713642838,9,-152.121283985792,322.242567971583,6.13356483480499,0.00208289614960592
-2.94698307367473e-17,0.340914056005606,-0.00567356952949862,NA,0.505830809623924,0.921531881772657,0.171683625918333,-0.126973547447242,NA,NA,-1.07048725069973,9,-152.124695372408,322.249390744816,6.14038760803771,0.00207580269170077
-1.6819302954875e-16,0.37088859681318,-0.0360490669328997,NA,0.395394718263256,NA,0.12499822566772,-0.115439416935501,-0.137628794682234,0.128492012368073,-0.0886099566666765,10,-151.138712528607,322.277425057215,6.16842192043663,0.00204690881918315
-3.19399283957014e-17,0.368700273611985,-0.0202875592557758,0.525607023966375,0.383092499366504,NA,0.198449739515453,NA,-0.149051555993266,0.135660543227525,-0.628489574252099,10,-151.139703539352,322.279407078703,6.17040394192486,0.00204488131535609
1.16968087497791e-16,0.327122185373717,NA,0.531872765717643,0.492401241101716,0.919168699124894,0.257171746142735,NA,-0.0611023407008526,NA,-1.62161833613818,9,-152.143510306448,322.287020612897,6.17801747611827,0.00203711172633877
-2.50559063604871e-16,0.393827938674726,-0.0599645088747171,NA,0.368781369336618,NA,0.116709139290363,NA,-0.169893614475356,0.158245019314207,NA,8,-153.15418460787,322.308369215741,6.19936607896244,0.00201548262488478
-1.24740530247962e-16,0.376064405938677,NA,0.387481990286158,0.378730501824365,-0.486982275649173,0.18748455566836,NA,-0.145692221060182,0.131065662164472,NA,9,-152.16810211012,322.336204220241,6.22720108346232,0.0019876264348486
-1.89790931857407e-16,0.371823764122067,-0.0392719035981894,-0.0727127946447547,0.396901049492666,NA,0.100889960480309,-0.132713160045843,-0.136943079658915,0.12877807399698,NA,10,-151.171154112864,322.342308225729,6.2333050889506,0.00198156944119733
-2.48251401240905e-16,0.410892859803607,-0.0541911530319864,NA,0.421783383494334,NA,0.131724151617285,NA,NA,0.112972739864015,NA,7,-154.177189200065,322.354378400129,6.24537526335121,0.00196964651097637
-5.63910370947348e-17,0.367246913614802,NA,0.41986183005882,0.387143595775988,NA,0.175282424768976,-0.0316543027209499,-0.141475217635413,0.129074897717241,-0.526520956488456,10,-151.177528870045,322.35505774009,6.2460546033119,0.0019689775947965
-1.90020323160424e-16,0.394704503886026,-0.0339994835841703,NA,0.423427590453168,NA,0.353237193662909,NA,NA,0.0926439611383072,-0.237322817803029,8,-153.200087672943,322.400175345886,6.29117220910803,0.00192505707705489
-1.58061581985025e-17,0.375537871562104,NA,0.239997079502124,0.439100603351079,1.04452634293207,0.16910249049628,-0.0766402772478816,NA,0.0955307983554162,-1.39717446970407,10,-151.201013081984,322.402026163968,6.29302302718969,0.00192327643586947
-8.27663777352509e-17,0.377218376108442,-0.0152895941547559,NA,0.442714102756366,1.00328953474433,0.1408727954146,-0.124666416619458,NA,0.0946987382042076,-1.10885583608133,10,-151.216501621485,322.43300324297,6.32400010619176,0.00189371719845266
-1.92866412511899e-16,0.383261393820684,NA,NA,0.535831929311785,NA,NA,NA,NA,NA,NA,4,-157.220315100547,322.440630201094,6.33162706431534,0.00188650929988768
-1.78638637963749e-16,0.372665046284591,-0.0395260229093273,NA,0.395321123570298,-0.0443736884091547,0.0790004736810817,-0.122602264586511,-0.139627219043741,0.131732447038114,NA,10,-151.223268061536,322.446536123072,6.33753298629421,0.00188094672858906
-1.84348503476406e-16,0.373100340113774,NA,0.0807753722140375,0.507604855636072,NA,NA,NA,NA,NA,NA,5,-156.235401777407,322.470803554813,6.36180041803516,0.00185826176021665
-2.4554920776596e-16,0.42033292953682,NA,NA,0.469395225826766,NA,NA,NA,NA,0.0978935180315954,NA,5,-156.253138551836,322.506277103673,6.39727396689426,0.00182559276826416
1.16893329029064e-16,0.338460777632204,0.0120324105247741,0.548351658046495,0.498954129153934,0.95397277803098,0.26380307950944,NA,NA,NA,-1.67759037745591,9,-152.288254944252,322.576509888504,6.4675067517253,0.00176259710004288
6.39241075170523e-17,0.376069221835921,0.00234851125953755,0.554899224529448,0.433253581080845,1.04168284519103,0.226004400851796,NA,NA,0.0991411688459433,-1.72244281740659,10,-151.294026841153,322.588053682305,6.47905054552695,0.00175245287517648
-1.55028328485796e-16,0.349439443268545,NA,NA,0.473144284866261,-0.258237619672564,0.345755947291836,NA,-0.0626238669418223,NA,NA,7,-154.310125187343,322.620250374686,6.51124723790804,0.00172446714845607
-2.66723867088114e-16,0.398239154125565,NA,NA,0.377056078056768,0.0579334383761413,NA,NA,-0.180479520736299,0.156885094811435,NA,7,-154.31175188695,322.6235037739,6.51450063712196,0.00172166423878756
1.41208887854986e-16,0.344236691313078,0.0163998739360389,0.744803172611352,0.521624308955786,0.992478923223878,NA,NA,NA,NA,-1.67196315181576,8,-153.316294275256,322.632588550512,6.52358541373411,0.00171386150621922
-1.75474246478951e-16,0.373641408474822,-0.036859685554564,0.0185803410544377,0.399955083371118,NA,NA,-0.137204412929692,-0.144869568899866,0.135230545214671,-0.00258972404922839,10,-151.317490642287,322.634981284573,6.52597814779494,0.00171181232484941
-6.43283929919798e-17,0.332806516809123,NA,-0.121500761660232,0.511247770452028,0.964652802594175,NA,-0.182071588493219,-0.054260374523665,NA,-0.870988670752741,9,-152.318582924376,322.637165848752,6.52816271197349,0.00170994356369975
-2.32493689113981e-16,0.370192502696902,NA,-0.291369674153436,0.402661965830072,0.216909958091003,0.0561559084699794,-0.184427654916604,-0.126107183218474,0.120063234999311,NA,10,-151.322350200883,322.644700401766,6.53569726498768,0.00170351385233845
-3.36718430707243e-17,0.332043590026238,-0.00714557733198618,NA,0.512333492572168,0.939601061327653,NA,-0.1596549114149,-0.0565523119180877,NA,-0.952370507959879,9,-152.325936390021,322.651872780042,6.5428696432636,0.00169741567061695
-1.58519004163212e-16,0.361838615582696,-0.029829301526804,NA,0.485717855367811,-0.245800063335887,0.353946679538684,NA,NA,NA,NA,7,-154.35562408464,322.71124816928,6.60224503250191,0.00164776398133452
-1.98515364814459e-16,0.381215833737956,-0.0413969859151166,NA,0.375800179075311,NA,0.315338949686569,NA,-0.1520838643249,0.135414899046502,-0.211120023736426,9,-152.383189374299,322.766378748597,6.65737561181919,0.00160296319992712
-2.69660733851221e-16,0.398505629975447,NA,NA,0.378467726348045,NA,NA,NA,-0.181527520426854,0.156078260613131,0.0536457799492061,7,-154.385675118944,322.771350237889,6.6623471011103,0.0015989835909309
-9.92524136808287e-17,0.344338790665161,-0.0134584258832017,-0.220842622433959,0.519881244330065,0.921920399362774,NA,-0.202000665778366,NA,NA,-0.727528377624521,9,-152.425001485975,322.85000297195,6.74099983517198,0.00153732178946017
2.32555917089367e-17,0.362045614494679,NA,0.410432843932133,0.389398922494881,1.09675939219516,0.163548983576512,-0.0353071651198196,-0.14832390929754,0.138684932979551,-1.60483545583244,11,-150.426521319212,322.853042638424,6.74403950164543,0.00153498709133431
-1.14133461614918e-16,0.381052358236262,-0.0186015981392515,-0.0757744442349601,0.451326324814954,1.01617833972722,NA,-0.167141777296059,NA,0.0990073035775994,-0.936104852435597,10,-151.440823580869,322.881647161739,6.77264402496036,0.00151318955292658
5.62172433934693e-17,0.362425893618582,-0.0048481515692412,0.548676683108309,0.385240814897659,1.07939972489793,0.189052102250646,NA,-0.153436464960803,0.142472758691314,-1.72891052712924,11,-150.442987822739,322.885975645478,6.77697250869971,0.00150991818603088
-5.45755781618881e-17,0.340006981757312,NA,NA,0.481538722938879,0.904736337570808,0.37859095228036,NA,-0.0631826090322133,NA,-1.19732188916196,8,-153.462283190889,322.924566381779,6.8155632450007,0.00148106303934583
-2.37851704215308e-16,0.396997282798668,-0.0564356380925507,0.101561493204485,0.3724023095721,NA,NA,NA,-0.181510173260123,0.166454260706694,NA,8,-153.464949336452,322.929898672904,6.8208955361257,0.00147711956896468
-2.14311299904961e-16,0.398291280337572,-0.0399609245355747,NA,0.422566455958106,-0.198451132024666,0.318129880493156,NA,NA,0.0949019855790661,NA,8,-153.467953125609,322.935906251219,6.82690311444065,0.00147268927039166
-2.65331553453843e-16,0.417885587372295,NA,NA,0.436142065024821,0.0715800522380012,NA,NA,NA,0.110075439978507,NA,6,-155.474692809015,322.94938561803,6.84038248125205,0.00146279718316659
-1.88773026514616e-16,0.369183283234153,-0.0457903835106395,NA,0.500304685103446,NA,0.120926770462669,NA,NA,NA,NA,6,-155.479659372764,322.959318745528,6.85031560874984,0.0014555501191043
-1.20001550963747e-16,0.384248888791763,-0.0362404430710281,0.49495619969761,0.381440804906213,-0.406968595485871,NA,NA,-0.170676498478621,0.153610586256377,NA,9,-152.492429410345,322.984858820689,6.8758556839108,0.00143708086689249
-8.99072683094106e-17,0.365163550164302,-0.0219978792560901,NA,0.397584136916485,1.03624567602484,0.116683178381059,-0.117997856924313,-0.141645805641467,0.134868097736301,-1.12473472218077,11,-150.495185333998,322.990370667997,6.8813675312187,0.0014331258341262
-2.0124158128128e-16,0.348475393409385,-0.030149031138857,-0.456978392050396,0.507623511925722,0.338381475322007,0.0979807476112443,-0.22150462563235,NA,NA,NA,9,-152.49623226286,322.99246452572,6.88346138894201,0.00143162623845004
-2.05043435538284e-16,0.339557645788115,-0.0310096946210684,-0.503329900177056,0.509794440405879,0.456038328319127,NA,-0.24778825246314,-0.0492977430040207,NA,NA,9,-152.498534905304,322.997069810608,6.88806667383022,0.00142833350755513
-2.64818972752323e-16,0.407490664808358,NA,-0.0737131696523453,0.418207416092233,NA,0.18004216904587,NA,NA,0.102553932913487,NA,7,-154.502904212546,323.005808425093,6.8968052883144,0.00142210629382836
-9.64121268455846e-17,0.3372028031676,-0.0198594092714328,NA,0.492716813743872,NA,0.17279939746745,-0.122267374980721,-0.0532133884496826,NA,-0.146985843936681,9,-152.503854249381,323.007708498763,6.89870536198447,0.00142075588203793
-3.36864472126928e-17,0.34585632443368,NA,0.561446004644506,0.499414930861433,-0.494722860179482,NA,NA,-0.0726096928649578,NA,NA,7,-154.513630132806,323.027260265612,6.91825712883349,0.00140693440679972
-1.86505069662641e-16,0.33918887435149,NA,-0.38847610379387,0.496313485554023,0.259938261486229,0.0966665624129934,-0.208494309894189,-0.0469005551272063,NA,NA,9,-152.523971630988,323.047943261976,6.93894012519752,0.00139245957193144
-1.34333108795055e-16,0.338544989661236,-0.0247557348483026,-0.136336863905269,0.494758189030675,NA,0.14777557144007,-0.151375867707135,-0.0516364132116757,NA,NA,9,-152.527964462978,323.055928925956,6.94692578917727,0.00138691079983725
-5.38534959017891e-17,0.335739154895958,NA,0.160851525566102,0.488876684841125,NA,0.192469269478182,-0.0905251337635508,-0.0541909425069785,NA,-0.318007424795201,9,-152.537139284716,323.074278569433,6.96527543265466,0.00137424433560928
-1.0817477277287e-16,0.401104108235663,-0.0276583639353614,0.53275867174357,0.436831437216589,-0.434845644749588,NA,NA,NA,0.107695809250469,NA,8,-153.541417034463,323.082834068925,6.97383093214717,0.00136837821808811
-2.16295751074661e-16,0.369327663396198,NA,-0.119007985386158,0.488110801481237,NA,0.217923840519799,NA,NA,NA,NA,6,-155.549566059831,323.099132119663,6.99012898288441,0.00135727258079232
-2.69410065331754e-16,0.418318020311257,NA,NA,0.437709063643175,NA,NA,NA,NA,0.108951697006961,0.0676631105599252,6,-155.559808558966,323.119617117932,7.0106139811536,0.00134344167001909
-1.89788109960502e-16,0.356791697771641,NA,NA,0.485894597168239,NA,0.0933762231556403,NA,-0.065652974364722,NA,NA,6,-155.58902694392,323.17805388784,7.06905075106147,0.0013047563870281
-5.83945413053366e-17,0.34265661358488,NA,0.378068071117652,0.478751103728325,-0.540926863822193,0.251177232622009,NA,-0.0610044170016609,NA,NA,8,-153.599739543202,323.199479086405,7.0904759496263,0.00129085365484804
-1.83265847440632e-16,0.392751679759483,NA,NA,0.380235235602767,1.13587370174259,NA,NA,-0.188151214802439,0.165580794093342,-1.08207277554133,8,-153.610821779085,323.221643558169,7.11264042139101,0.00127662708685041
-2.65282577289723e-16,0.392022762070059,NA,-0.0527140788789468,0.368437178003893,NA,0.143152539309564,NA,-0.158841218008148,0.145749000853573,NA,8,-153.615838660881,323.231677321763,7.12267418498431,0.00127023843860354
-6.43465414257251e-17,0.352852870039958,-0.0112223569521376,NA,0.491001842394752,0.865668236897212,0.386211358444011,NA,NA,NA,-1.1533327961539,8,-153.617208996055,323.234417992111,7.12541485533234,0.00126849897828576
-9.65756963375925e-17,0.34737881387103,-0.0181923132459942,0.0211541766489136,0.499406495035276,NA,0.179483225130588,-0.120127978180074,NA,NA,-0.167965031531132,9,-152.62597331332,323.25194662664,7.14294348986164,0.00125743002754166
-2.21023724449818e-16,0.384467366407155,-0.0471505440298421,NA,0.374206378070029,-0.171487231738495,0.279132759621793,NA,-0.154673219825028,0.138573726044818,NA,9,-152.626550254101,323.253100508202,7.14409737142375,0.0012567047741137
-2.33841846973781e-16,0.415933405109362,-0.0487465446157725,0.113156165185335,0.430904795469093,NA,NA,NA,NA,0.118351523918433,NA,7,-154.640888607989,323.281777215978,7.17277407919971,0.00123881426307473
-7.39257871243982e-17,0.367320830881334,-0.0199616861925987,0.0990337503197765,0.400565017732724,1.06418311147227,NA,-0.123587722309419,-0.150606591348865,0.142823637707978,-1.14745108894882,11,-150.644532309529,323.289064619057,7.18006148227909,0.00123430860725447
-1.09678193663889e-16,0.338541280007056,-0.0236974993671178,NA,0.494552867399662,-0.106073258590998,0.130491352881573,-0.129077152843499,-0.0530996956514061,NA,NA,9,-152.65008728729,323.300174574581,7.19117143780238,0.00122747105918651
6.3739682836601e-17,0.337350582379202,-1.90999545081011e-05,0.716480410689807,0.505521711439548,NA,NA,NA,-0.0723821749682209,NA,-0.651760186949019,8,-153.663193102203,323.326386204407,7.21738306762859,0.00121148900833278
4.1817417176359e-17,0.333696414542211,-0.00352210048488139,0.52443773392553,0.484928483549223,NA,0.261263129501779,NA,-0.0605543820514924,NA,-0.697065379831382,9,-152.664697088904,323.329394177808,7.22039104103015,0.00120966831446897
-1.18576285968679e-16,0.390013992690505,-0.0210206714980237,NA,0.426284642752825,0.950903734701506,0.350469807012656,NA,NA,0.0975163745990167,-1.19129288201203,9,-152.671558558004,323.343117116009,7.23411397923047,0.00120139662313745
-2.48431800807689e-16,0.383295825002181,-0.0393172399847862,-0.422745180660939,0.4469891602252,0.34786375390865,0.0701664506255708,-0.212690978633188,NA,0.0900537317155821,NA,10,-151.680105930316,323.360211860632,7.25120872385389,0.00119117159969779
-2.03812113304813e-16,0.377418368457112,NA,NA,0.515154723236557,0.059236804172077,NA,NA,NA,NA,NA,5,-156.684302356985,323.368604713969,7.25960157719112,0.00118618340903825
-6.62469935553943e-17,0.354968158109941,-0.0199665335379021,0.365501932377591,0.489417458215935,-0.523698780609194,0.262580155887852,NA,NA,NA,NA,8,-153.705488457145,323.41097691429,7.30197377751188,0.00116131714816903
-4.14323006118275e-17,0.360662269827884,-0.0155124092248704,0.561656296856204,0.512014737286512,-0.480436817091585,NA,NA,NA,NA,NA,7,-154.705986382392,323.411972764784,7.3029696280056,0.00116073904297987
-2.07657865712933e-16,0.378138770914374,NA,NA,0.515860794851817,NA,NA,NA,NA,NA,0.0558822016052156,5,-156.745448078143,323.490896156286,7.3818930195074,0.00111582630651058
-2.47994353636934e-16,0.398752310878485,-0.0181172770171933,NA,0.400077330184078,NA,NA,NA,-0.204427221310758,0.154668056227744,NA,7,-154.764432220807,323.528864441614,7.41986130483576,0.00109484310495293
-1.80814047332089e-16,0.361329392397196,NA,NA,0.517659665741731,NA,NA,NA,-0.102230933442135,NA,NA,5,-156.770174543439,323.540349086878,7.43134595010008,0.00108857417893666
-1.70870922862247e-16,0.340675438630056,-0.0282255444922035,-0.23847870283502,0.506811397951033,NA,NA,-0.200637723173143,-0.0535260141413922,NA,0.213454644214218,9,-152.800438333486,323.600876666973,7.49187353019454,0.00105612331831679
-1.24339644832243e-16,0.375963126860546,-0.0280814907131605,NA,0.377477584245743,0.990343594526835,0.311423816687067,NA,-0.156229106951566,0.141655178921064,-1.20394293634533,10,-151.804338205892,323.608676411784,7.4996732750061,0.00105201259299272
-1.21815701367923e-16,0.391507550400137,-0.0300875982576928,0.367094938093456,0.426080058420747,-0.477409497880203,0.226250507861543,NA,NA,0.0952057324608884,NA,9,-152.804633614272,323.609267228544,7.50026409176542,0.00105170186555525
-1.27167525974441e-16,0.381959323286263,-0.0252965673921803,0.119524739623614,0.43763861971094,NA,0.162133373335283,-0.097825654063495,NA,0.0904721177946226,-0.226187247132018,10,-151.805545563882,323.611091127763,7.50208799098516,0.00105074320364137
-1.24521375054087e-16,0.346247423946492,-0.0246149412206225,NA,0.477468369117782,NA,0.37777928694463,NA,-0.0637398451171527,NA,-0.280498755360757,8,-153.879069755349,323.758139510697,7.64913637391913,0.000976259873003821
-1.88009391477046e-16,0.413578326649887,NA,NA,0.441410686131831,1.07009917894985,NA,NA,NA,0.11628396206624,-1.00180805029712,7,-154.881336881296,323.762673762592,7.65367062581339,0.000974049075939221
-2.63644856834156e-16,0.399937679527735,-0.0517080009401487,NA,0.376921863024134,0.0810720748399375,NA,NA,-0.1889018828291,0.166321244280598,NA,8,-153.955186726271,323.910373452543,7.80137031576453,0.00090470764143652
-1.30162934325796e-16,0.378014456650464,-0.0373563546316368,0.360214247762987,0.378366614560594,-0.445614166857074,0.189550086334261,NA,-0.152394410795694,0.138228361461539,NA,10,-151.981239461313,323.962478922625,7.85347578584691,0.000881441916787323
1.43813567660271e-17,0.329288660905405,NA,0.136310633217297,0.497278036745212,0.937392041199756,0.183534462554084,-0.0973934277326149,-0.0544901709667742,NA,-1.22636608592716,10,-151.993181408966,323.986362817932,7.87735968115334,0.000870978385380023
-2.36760795654935e-17,0.330629610619146,-0.00665852804700155,NA,0.498954228864899,0.920886121604601,0.16751796606088,-0.124842098746546,-0.0530606373230526,NA,-1.07033878881973,10,-152.00220458808,324.004409176161,7.89540603938252,0.000863154741555471
-1.7640503117479e-16,0.358108997722402,NA,0.072660327026821,0.49717342223896,NA,NA,NA,-0.0746369949936061,NA,NA,6,-156.002792875342,324.005585750683,7.8965826139048,0.000862647107948456
-1.74357750720125e-16,0.37275078600656,-0.0377141304417411,0.0963933074165798,0.513702993463712,NA,NA,NA,NA,NA,NA,6,-156.040187126151,324.080374252302,7.97137111552394,0.000830984750157311
-2.68599631023949e-16,0.40029791187356,-0.0509156502879699,NA,0.3780571366844,NA,NA,NA,-0.189463744608028,0.165231331533824,0.0771191629220647,8,-154.044834944327,324.089669888653,7.98066675187494,0.000827131445797642
-2.4448194188357e-16,0.372235139745588,-0.0448488859168484,-0.358620003474836,0.40344179435839,0.302361840177094,0.0519588367777838,-0.193804147330685,-0.133157901723923,0.128103175854299,NA,11,-151.052152416871,324.104304833741,7.99530169696283,0.000821101024781312
-9.6614557974685e-17,0.369359162199446,-0.0276979662506077,0.271604501908971,0.389793963330843,NA,0.15560674461872,-0.0602426965262925,-0.142973478053499,0.131929087706903,-0.36286085983926,11,-151.090790479025,324.18158095805,8.07257782127158,0.00078998036491852
1.4757850058518e-16,0.329897709122872,0.0148487542944821,0.733389768878068,0.511735849001738,0.990787621822783,NA,NA,-0.0720685801886934,NA,-1.66599795989001,9,-153.091537794109,324.183075588217,8.07407245143924,0.000789390221215
-7.11739802928195e-18,0.340323860238644,-0.00294428997759296,0.081263314521711,0.505093209191253,0.927399922087723,0.181263014824891,-0.110566921609062,NA,NA,-1.15888464535538,10,-152.120356378226,324.240712756452,8.13170961967415,0.000766965784931618
-2.55634379640591e-16,0.409091072700471,-0.0525212834701982,-0.0605146401861523,0.421385630688776,NA,0.190064593887265,NA,NA,0.108735270868307,NA,8,-154.121470253651,324.242940507302,8.13393737052365,0.000766111956209854
1.22983272427172e-16,0.326599460861893,0.0108636123635965,0.544769591128202,0.491345016073799,0.953728885204502,0.255746580477601,NA,-0.0605022596082233,NA,-1.67241068754048,10,-152.128796647769,324.257593295538,8.1485901587601,0.000760519628891446
-2.55012787253294e-16,0.39295957451675,-0.0588737980165043,-0.0367554886791194,0.369241742228501,NA,0.152342919206209,NA,-0.167643536984481,0.155071670145786,NA,9,-153.133544846786,324.267089693572,8.15808655679342,0.000756917089891846
-1.50643613325353e-16,0.349130202748027,-0.0308789465893287,NA,0.477702369595091,-0.243650749828822,0.344595584155771,NA,-0.0642398975644199,NA,NA,8,-154.180445828943,324.360891657887,8.25188852110864,0.000722236567252694
-3.08489445663327e-17,0.376376999190002,-0.00899752566646107,0.191688001265637,0.440016611438795,1.01837178531296,0.163001680927477,-0.0859306372125371,NA,0.0961355008160965,-1.31795419054862,11,-151.192284966767,324.384569933534,8.27556679675553,0.000713736326041731
-1.92746329591549e-16,0.383284637923757,-0.000542776160554001,NA,0.535998239365461,NA,NA,NA,NA,NA,NA,5,-157.220267641597,324.440535283193,8.33153214641504,0.000694040924679454
-2.62689699365238e-16,0.420083241871344,-0.0434496359481518,NA,0.43834624745254,0.0915583111736295,NA,NA,NA,0.116168962200798,NA,7,-155.225020745609,324.450041491217,8.34103835443898,0.000690749903454877
-1.32882364517666e-16,0.37163306249961,NA,NA,0.523692706454258,0.935255760042694,NA,NA,NA,NA,-0.879517606959913,6,-156.231410101351,324.462820202701,8.35381706592318,0.000686350526152817
-2.44735368967574e-16,0.420620126314608,-0.00433176750426465,NA,0.470540263971571,NA,NA,NA,NA,0.0981620502355427,NA,6,-156.250085560486,324.500171120972,8.39116798419366,0.000673651563513671
-1.80176835487241e-16,0.355694724126841,-0.0467514735647847,NA,0.491705221799342,NA,0.113203303589057,NA,-0.0678406300161846,NA,NA,7,-155.286953527321,324.573907054642,8.46490391786335,0.000649267654503144
-2.06308049902208e-16,0.368750445920419,-0.0433194015213996,-0.110373655849259,0.494207349139991,NA,0.228073550566119,NA,NA,NA,NA,7,-155.291143646218,324.582287292436,8.47328415565789,0.000646552837509642
-8.24578187939952e-17,0.33357891016021,-0.0131296443119093,-0.181144590959125,0.512551636314476,0.924178048470001,NA,-0.191905605815496,-0.054054156292515,NA,-0.77025274484744,10,-152.299440725861,324.598881451723,8.48987831494446,0.000641210530544099
-2.68507031368145e-16,0.420557333028377,-0.0428879752757449,NA,0.439544837348299,NA,NA,NA,NA,0.114926150958415,0.0879517389876898,7,-155.320134223015,324.64026844603,8.53126530925141,0.000628077989983133
-2.08106685005502e-16,0.356395954796779,NA,-0.118220322126779,0.479776885826921,NA,0.209341172691357,NA,-0.0651224942249991,NA,NA,7,-155.372060141508,324.744120283017,8.63511714623871,0.000596296739444118
-1.92353804873892e-16,0.360368837001705,NA,NA,0.503364755737802,0.0504955300233832,NA,NA,-0.083491497367812,NA,NA,6,-156.394046589415,324.78809317883,8.67909004205211,0.000583329367834535
-1.92612745477088e-16,0.33916590937447,-0.0307478827083918,-0.439040306332863,0.50114765919491,0.320498518712687,0.0956489382819099,-0.216027623522667,-0.0480980784455467,NA,NA,10,-152.396497525461,324.792995050922,8.6839919141442,0.000581901415484955
5.40464178728084e-18,0.36301188719464,-0.0107380963216449,0.353222827888535,0.390362523933692,1.06568144685365,0.156253490839122,-0.0462869590992189,-0.148710697347551,0.13951914922526,-1.51083154256766,12,-150.413971394556,324.827942789113,8.71893965233437,0.000571821668885395
-1.90875519674677e-16,0.394612374201514,-0.0370025513001815,NA,0.379765383807141,1.02568716270621,NA,NA,-0.193276265811294,0.171310914366944,-0.954842188822181,9,-153.436548320326,324.873096640653,8.76409350387434,0.000559056336713317
-5.66756315913605e-17,0.34024497987736,-0.0122947498749535,NA,0.483032184150464,0.866019360419248,0.376871842449481,NA,-0.0638046555394992,NA,-1.15148198631238,9,-153.442765943403,324.885531886805,8.77652875002713,0.000555591119005389
-1.95300284637899e-16,0.360769134941369,NA,NA,0.503980894441018,NA,NA,NA,-0.0847786821726126,NA,0.0469558182668716,6,-156.446477051047,324.892954102094,8.78395096531608,0.000553533081717396
-3.42551446544801e-17,0.345944958514106,-0.0169815901825433,0.55065737419827,0.501941731057059,-0.476793943748823,NA,NA,-0.0736690028938887,NA,NA,8,-154.475230572568,324.950461145136,8.84145800835756,0.000537843699768313
-7.97688817209376e-17,0.336652431525875,-0.0178702957996952,0.0615029755308665,0.492038060853746,NA,0.180020027899934,-0.109809814763503,-0.053912334120938,NA,-0.209441673435634,10,-152.50139038275,325.002780765499,8.89377762872084,0.000523956249174816
-5.94076936919071e-17,0.342726723187009,-0.0210660978077871,0.362401050947802,0.481628355265747,-0.519260922228408,0.254304926578437,NA,-0.062174007724681,NA,NA,9,-153.540088828262,325.080177656525,8.97117451974663,0.000504067275037739
-1.99466861458635e-16,0.377387818540581,-0.0312198181775132,NA,0.519881307342811,0.0731007938871559,NA,NA,NA,NA,NA,6,-156.555568794636,325.111137589271,9.00213445249318,0.00049632441479581
-2.0458882295994e-16,0.378164566202763,-0.0306870790629195,NA,0.520240680108946,NA,NA,NA,NA,NA,0.0699368266689726,6,-156.622859773086,325.245719546171,9.13671640939299,0.000464025170052573
-1.79231652222654e-16,0.361311055081497,-0.0064236066970433,NA,0.519384775591595,NA,NA,NA,-0.103598665442019,NA,NA,6,-156.763569710586,325.527139421171,9.41813628439303,0.000403117812953193
-1.9416364915738e-16,0.415509159288373,-0.0294258584594038,NA,0.442362194189801,0.981049810648259,NA,NA,NA,0.119772931502936,-0.898890717147854,8,-154.772348271722,325.544696543444,9.43569340666528,0.000399594505996278
-1.65813130709383e-16,0.357291259605774,-0.0390721141809028,0.0885939998254102,0.503174118852565,NA,NA,NA,-0.0769052661302148,NA,NA,7,-155.792840762984,325.585681525969,9.47667838919062,0.000391489152166166
-1.20124018171726e-16,0.354112022789249,NA,NA,0.511760561625834,0.939162927763484,NA,NA,-0.085385007361613,NA,-0.892415600038663,7,-155.926151828908,325.852303657815,9.74330052103716,0.000342628490034718
1.00771949211048e-17,0.329473582932804,-0.00258141489420601,0.122161079066941,0.49766568178634,0.929690519704352,0.181809541813369,-0.100122725346353,-0.0544474667636861,NA,-1.20322046925796,11,-151.992467276159,325.984934552318,9.87593141554004,0.000320643942302012
-1.97628539812708e-16,0.355386271757194,-0.0442944671015674,-0.109366094747624,0.485740327234021,NA,0.219440939190559,NA,-0.0672349092721145,NA,NA,8,-155.101427880856,326.202855761712,10.093852624934,0.000287542503849702
-1.3566307536135e-16,0.372048486695065,-0.0181823471934747,NA,0.525806114794503,0.877731894426277,NA,NA,NA,NA,-0.813657400336742,7,-156.190064677089,326.380129354179,10.2711262174003,0.000263152547502882
-1.87598011271615e-16,0.360004063113359,-0.0325619830977057,NA,0.508064327558389,0.0647848608649762,NA,NA,-0.0851217594720308,NA,NA,7,-156.253588097304,326.507176194608,10.3981730578298,0.000246956071427545
-1.91902296515499e-16,0.36050545013969,-0.0319095899398675,NA,0.508336573709742,NA,NA,NA,-0.086196608366666,NA,0.0614210569863747,7,-156.313496121291,326.626992242581,10.5179891058031,0.000232595861680037
-1.22968625730164e-16,0.354386554561362,-0.0194038710152243,NA,0.513900995860133,0.877812144597403,NA,NA,-0.086207624529521,NA,-0.822255044516528,8,-155.878907630478,327.757815260956,11.6488121241782,0.000132143828490019
-4.5021512116494e-16,0.471378962639981,NA,NA,NA,NA,0.149721290585902,NA,-0.3843868966292,0.379029054984572,NA,6,-162.430119624828,336.860239249656,20.7512361128776,1.3946994510924e-06
-3.95500655145869e-16,0.465649473224618,NA,NA,NA,NA,NA,-0.139545468252715,-0.420016407041033,0.392161496354073,NA,6,-162.562618224736,337.125236449473,21.0162333126945,1.22162305179107e-06
-2.53102640819571e-16,0.461324130442268,NA,0.631387527227403,NA,NA,NA,NA,-0.403393426973064,0.3935609456558,-0.501514635394714,7,-161.565169939407,337.130339878815,21.0213367420365,1.21850979209191e-06
-4.11529659983344e-16,0.461854167547624,NA,NA,NA,NA,0.100216285069252,-0.0886405608589097,-0.378136304169081,0.376671099097295,NA,7,-161.610101180333,337.220202360667,21.1111992238887,1.16497239249784e-06
-4.35097148688268e-16,0.476399252641058,NA,0.134382649154886,NA,NA,NA,NA,-0.402089654017899,0.393099305084556,NA,6,-162.831446298697,337.662892597393,21.5538894606152,9.33655521868821e-07
-4.04424402532401e-16,0.461591727546804,NA,NA,NA,NA,0.336584221861936,NA,-0.374594066353268,0.364867452959834,-0.189999540256006,7,-161.838177156389,337.676354312779,21.5673511760004,9.27392321418572e-07
-3.99125191389171e-16,0.464572108226819,NA,0.0829478437893419,NA,NA,NA,-0.096369583869212,-0.390725142442543,0.385967901809351,NA,7,-161.858279886165,337.71655977233,21.6075566355522,9.08935343568871e-07
-4.15197293889441e-16,0.464678777264969,NA,NA,NA,0.0750845414098041,NA,-0.111446076405337,-0.389560447284875,0.385567028645565,NA,7,-161.86175497784,337.72350995568,21.614506818902,9.05782191842247e-07
-2.59121502941515e-16,0.452705861867888,NA,0.471590092956405,NA,NA,0.227378747326363,NA,-0.37927065943939,0.372957336412731,-0.550833790113241,8,-160.907199851914,337.814399703829,21.7053965670504,8.65540352363986e-07
-4.19376885914799e-16,0.465062891880672,NA,NA,NA,NA,NA,-0.113086414128234,-0.390809989955633,0.385277413448707,0.0707590211301226,7,-161.942490229169,337.884980458338,21.7759773215601,8.35527798734774e-07
-1.73644503027111e-16,0.456346766157851,NA,0.630200480349277,NA,1.06242981021408,NA,NA,-0.410627031354564,0.403504473576433,-1.56238243398048,8,-160.946980750288,337.893961500576,21.7849583637982,8.31784255030662e-07
-4.42608334426755e-16,0.472131620793202,-0.0568507522386517,NA,NA,NA,0.173884006676848,NA,-0.392596322048612,0.387371844708467,NA,7,-162.025046972393,338.050093944786,21.9410908080077,7.69319898792544e-07
-4.24910122169574e-16,0.464224329372972,NA,NA,NA,-0.152632968785116,0.299900494094593,NA,-0.375408646013223,0.366200225613911,NA,7,-162.041190226781,338.082380453562,21.9733773167841,7.57000278884231e-07
-3.3445066005779e-16,0.467533892297323,NA,0.481109547451745,NA,-0.349993028072921,NA,NA,-0.400615238626498,0.390145331236566,NA,7,-162.152803039702,338.305606079404,22.1966029426258,6.77053848021146e-07
-3.30566262745784e-16,0.457288249967145,NA,NA,NA,1.00382436697385,0.329441423510037,NA,-0.382254650142529,0.374927540398022,-1.18700241073172,8,-161.289231834669,338.578463669337,22.4694605325591,5.90708116063387e-07
-1.82558537897462e-16,0.448240570895606,NA,0.476324621616532,NA,1.02075983547099,0.219019074852799,NA,-0.387107435193402,0.383268365444552,-1.56827963936643,9,-160.332805704083,338.665611408165,22.5566082713872,5.65521404007111e-07
-3.40323154705488e-16,0.460162993952752,NA,NA,NA,1.05533235376901,NA,-0.112536432725163,-0.398089568007407,0.395203450632406,-0.983962825922756,8,-161.335532242018,338.671064484035,22.562061347257,5.6398158858257e-07
-4.08827595538209e-16,0.463286091210399,-0.0454107639937869,NA,NA,NA,0.123834441492439,-0.0809096186271047,-0.38523891611146,0.38354073551611,NA,8,-161.355466799785,338.71093359957,22.6019304627912,5.5285018346472e-07
-4.7259375965996e-16,0.481330535616375,NA,NA,NA,0.116984756359263,NA,NA,-0.413194899082894,0.396984513110554,NA,6,-163.404634898293,338.809269796587,22.7002666598087,5.26325030356132e-07
-4.540736792825e-16,0.47073732404476,NA,-0.0311904243129916,NA,NA,0.180415197109135,NA,-0.382847549877834,0.376715211400499,NA,7,-162.416796606487,338.833593212974,22.7245900761955,5.19962785224702e-07
-3.92887558335928e-16,0.458151389579515,NA,NA,NA,NA,0.222802030848396,-0.0687596475100415,-0.373695827477061,0.368751145966593,-0.113353724271856,8,-161.439279627777,338.878559255553,22.7695561187751,5.08402888499952e-07
-4.25287050393388e-16,0.477666794464453,-0.0533158971389688,0.156582971414065,NA,NA,NA,NA,-0.411399511527684,0.40276114272627,NA,7,-162.479087275058,338.958174550116,22.8491714133381,4.88562093314385e-07
-2.62299902591842e-16,0.463030075723081,-0.0241984029469606,0.604187729068109,NA,NA,NA,NA,-0.407521093284828,0.397911525344842,-0.463900575697935,8,-161.498722771265,338.997445542531,22.8884424057524,4.79062503973467e-07
-4.80832038649167e-16,0.482152312187049,NA,NA,NA,NA,NA,NA,-0.414441662401324,0.396448286873693,0.11336820781636,6,-163.528698635792,339.057397271583,22.948394134805,4.64915288086923e-07
-8.5932186332322e-17,0.448405681655551,NA,1.11982110215999,NA,NA,0.339008765202173,0.158171935200246,-0.387765211047213,0.375143511549633,-1.22313670798691,9,-160.545259866017,339.090519732034,22.9815165952558,4.57279125620757e-07
-4.05369229044913e-16,0.459919647534849,NA,NA,NA,-0.0689881168974104,0.174848329937995,-0.0765490658504266,-0.374930897516149,0.371194284783763,NA,8,-161.545322136593,339.090644273186,22.9816411364073,4.57250651472878e-07
-3.43900010698831e-16,0.459530604869403,NA,0.327833109691898,NA,-0.396640498552859,0.217370937109568,NA,-0.377235124391756,0.370011457016034,NA,8,-161.557111599163,339.114223198325,23.0052200615469,4.51891564482173e-07
-3.94902678588891e-16,0.465864163065469,-0.00419074707428147,NA,NA,NA,NA,-0.139939149234026,-0.421582726432198,0.393132364437071,NA,7,-162.560031355429,339.120062710858,23.0110595740794,4.50574075564354e-07
-2.40671596222725e-16,0.46131925376553,NA,0.682671759945872,NA,NA,NA,0.0111626836852089,-0.404828704338141,0.394429091751029,-0.547252356796692,8,-161.562599840872,339.125199681743,23.016196544965,4.49418267583757e-07
-4.17184731103255e-16,0.460649628501573,NA,-0.0508889312674656,NA,NA,0.149475633855983,-0.0901078807558709,-0.375521303605997,0.372856900524836,NA,8,-161.574484052861,339.148968105721,23.0399649689429,4.4410889695185e-07
-4.05656966094482e-16,0.463638585088082,-0.0426266133123191,NA,NA,NA,0.326396442385985,NA,-0.38223284493061,0.373267984966294,-0.161219474609599,8,-161.622650974879,339.245301949759,23.1362988129803,4.23224543434901e-07
-4.14472753101527e-16,0.466599567514554,-0.0426514393264529,NA,NA,0.0955223873386654,NA,-0.107804182771288,-0.397211659553379,0.393653064760867,NA,8,-161.643259981076,339.286519962153,23.1775168253745,4.14591570250965e-07
-3.942432430016e-16,0.466380318423596,-0.0405042796141218,0.103489415531389,NA,NA,NA,-0.0894823097641528,-0.398610065791616,0.39381769690874,NA,8,-161.657585771326,339.315171542651,23.206168405873,4.08694558902709e-07
-4.20385660610009e-16,0.467045383158928,-0.0420601075478956,NA,NA,NA,NA,-0.109268897840874,-0.397954912475574,0.393000214257905,0.0915346361600358,8,-161.73324583932,339.466491678639,23.357488541861,3.78913523667921e-07
-4.22991266780521e-16,0.466102826332118,-0.0474059991070755,NA,NA,-0.125947396056323,0.29379243077662,NA,-0.383823931427745,0.375399934822616,NA,8,-161.770310259588,339.540620519175,23.4316173823972,3.65126397821704e-07
-2.68581705665739e-16,0.454433529328789,-0.0248462099516142,0.443218118571148,NA,NA,0.228010551541336,NA,-0.383441797522942,0.377367133892063,-0.512349817836041,9,-160.836560981005,339.67312196201,23.5641188252321,3.41720403003326e-07
-4.04006371384125e-16,0.464601621151795,NA,0.0580222411461637,NA,0.0227592381024522,NA,-0.100826477894664,-0.390295435103349,0.385830179246302,NA,8,-161.857481329976,339.714962659951,23.6059595231731,3.34645753018398e-07
-3.17735052160193e-16,0.45371782433218,NA,NA,NA,1.01831969691946,0.21330894696494,-0.0701176170067573,-0.381449291126192,0.379033203172943,-1.12323970408571,9,-160.87157706163,339.743154123261,23.6341509864826,3.29961765951566e-07
-4.00461706603073e-16,0.477105393405367,NA,NA,NA,1.06886731413425,NA,NA,-0.42169819962578,0.406446603623595,-0.955090651746482,7,-162.918475880179,339.836951760359,23.7279486235803,3.14844217364262e-07
-1.79332417900175e-16,0.457144381168151,-0.00945211213931534,0.619607299946026,NA,1.03441258338295,NA,NA,-0.412048578017234,0.404941629079706,-1.51971401140867,9,-160.937197712693,339.874395425387,23.7653922886086,3.09004591475796e-07
-1.58843726187881e-16,0.456336444017616,NA,0.690960669879491,NA,1.06339979736194,NA,0.0132254854583878,-0.412334144186841,0.404542126570345,-1.61754079260386,9,-160.943344975142,339.886689950284,23.7776868135053,3.07110885670934e-07
-1.26538954420826e-17,0.444045836038808,NA,1.11488698559541,NA,1.01125037841354,0.32906955759417,0.155823494917923,-0.395402857035915,0.385326023451656,-2.22112203038646,10,-159.979022446866,339.958044893732,23.849041756954,2.96347099792552e-07
-3.39661743929521e-16,0.469512067519715,-0.03799649182979,0.454893685733654,NA,-0.307559737719954,NA,NA,-0.407428827526094,0.3973891470765,NA,8,-161.982526724326,339.965053448652,23.8560503118741,2.95310434772171e-07
-4.44633983635398e-16,0.471799032990236,-0.0563783360709006,-0.0158632555584684,NA,NA,0.189293949982132,NA,-0.391745201513823,0.386125711682454,NA,8,-162.021611171974,340.043222343949,23.9342192071704,2.83991036672667e-07
-4.69411073447998e-16,0.483015576820467,-0.052206588081484,NA,NA,0.140325281581124,NA,NA,-0.421614837658395,0.406425360634396,NA,7,-163.080982406166,340.161964812333,24.0529616755545,2.67620904177783e-07
-3.37987596617196e-16,0.459126000916648,-0.0303308338749268,NA,NA,0.914879059651973,0.322825238730233,NA,-0.38701122214955,0.380013524198725,-1.07818316592566,9,-161.1837502082,340.3675004164,24.2584972796222,2.41484101934201e-07
-4.79501978846463e-16,0.483906419794283,-0.0524887743306899,NA,NA,NA,NA,NA,-0.422362600021246,0.405615329139177,0.137500047032413,7,-163.206323458163,340.412646916325,24.3036437795467,2.36094084912469e-07
-3.4742135439485e-16,0.461919694516105,-0.0288454465665652,NA,NA,0.969810187001593,NA,-0.10996289281314,-0.402399738574761,0.399695474600071,-0.88424190806871,9,-161.24042784501,340.480855690021,24.3718525532423,2.28177994865022e-07
-3.94460501674159e-16,0.460180363219073,-0.0395961578341603,NA,NA,NA,0.217559747756184,-0.0662087268949793,-0.380824865920251,0.376410377133097,-0.089463211271124,9,-161.252947346922,340.505894693843,24.3968915570651,2.25339127703345e-07
-1.89034258227693e-16,0.449125851624466,-0.0107251673493694,0.463929591231743,NA,0.988867535070046,0.219552987778621,NA,-0.38866310768326,0.384849753358151,-1.51987880753683,10,-160.320114445776,340.640228891552,24.5312257547742,2.10700860087447e-07
-4.0460255459067e-16,0.461832751516943,-0.0428901990766916,NA,NA,-0.0489940547497,0.17552576023752,-0.0727515805880265,-0.38256826017706,0.379269900370474,NA,9,-161.323481657609,340.646963315218,24.5379601784396,2.09992578793995e-07
-4.63120007585189e-16,0.49070304712557,NA,NA,NA,NA,NA,NA,-0.479220913361711,0.414160893260824,NA,5,-165.330880280566,340.661760561131,24.5527574243532,2.08444656188686e-07
-4.13034347512716e-16,0.462365731005855,-0.0441214041443216,-0.0371653842843727,NA,NA,0.159139106764651,-0.0822007435747524,-0.383127453308552,0.380560085117013,NA,9,-161.336615555917,340.673231111834,24.5642279750556,2.07252590370395e-07
-3.49379165623774e-16,0.461496367667117,-0.0392724054181348,0.299227023676844,NA,-0.353241824670515,0.21951222333947,NA,-0.384047198308536,0.377300182985954,NA,9,-161.373864939899,340.747729879797,24.638726743019,1.9967457347941e-07
-2.69492977568324e-16,0.463087928289833,-0.0249806545010158,0.574860022179709,NA,NA,NA,-0.00619217280174063,-0.406858348405427,0.397570586002645,-0.437312976557966,9,-161.49800072009,340.99600144018,24.8869983034022,1.76364544511101e-07
-3.73021955992051e-16,0.459387442648273,NA,0.164354553173867,NA,-0.226700589883438,0.186371747124104,-0.0441679582428302,-0.376048669890949,0.370992449782097,NA,9,-161.512264357369,341.024528714738,24.9155255779599,1.73866800424486e-07
-9.45482771847589e-17,0.448974292030197,-0.00590336963265958,1.08924378446085,NA,NA,0.335054108662564,0.152355761603754,-0.388443903422552,0.376110875176339,-1.18927166292505,10,-160.541745969199,341.083491938398,24.9744888016198,1.68815749312975e-07
-4.15054175352486e-16,0.466605638310771,-0.0426971112360496,-0.0030185571073325,NA,0.0982664513670802,NA,-0.108352758431026,-0.397181615497688,0.393648033246928,NA,9,-161.643248633363,341.286497266727,25.1774941299486,1.52521445938084e-07
-4.08317271113895e-16,0.47898489814561,-0.0395946874694789,NA,NA,0.951050487308591,NA,NA,-0.426873467693423,0.412259650494476,-0.819115095158839,8,-162.741222780718,341.482445561435,25.3734424246572,1.38286976796726e-07
-3.24648218658194e-16,0.455440035877929,-0.0268798390396957,NA,NA,0.939114621690468,0.210488598411802,-0.0682803022726952,-0.385685770894778,0.383432929674588,-1.02847253769021,10,-160.78859066056,341.577181321121,25.4681781843425,1.31889333459637e-07
-1.70600271420145e-16,0.457056973964077,-0.00848364680785833,0.654147460735336,NA,1.03781731259206,NA,0.00728200040131368,-0.412842868592272,0.405365713347588,-1.55445621955758,10,-160.936198066657,341.872396133315,25.7633929965363,1.13790129447523e-07
5.25300485110919e-18,0.442878791562083,0.0107183971711471,1.17025201431303,NA,1.04248252223433,0.335942823050048,0.16631104460629,-0.394406481899973,0.383884122459838,-2.31343123558287,11,-159.967896388886,341.935792777773,25.8267896409943,1.10239741209047e-07
-3.84322820212659e-16,0.461429437848668,-0.0413388385883481,0.103181012945514,NA,-0.148728396573034,0.182735604170385,-0.0525602310168897,-0.382993745076792,0.378851090153074,NA,10,-161.310708182496,342.621416364992,26.5124132282134,7.82450576286185e-08
-4.63956861331274e-16,0.490116587024176,0.00861234446896549,NA,NA,NA,NA,NA,-0.475658740489742,0.412038129372318,NA,6,-165.320241540005,342.64048308001,26.5314799432313,7.75026638960608e-08
2.13625728957001e-16,NA,NA,NA,0.54341088152005,NA,NA,-0.195534387467178,-0.267832875512063,NA,NA,5,-167.908606943842,345.817213887684,29.7082107509058,1.58306337016844e-08
-5.18854341454683e-16,0.551072555628554,NA,NA,NA,NA,0.222329903892185,NA,NA,0.346959975460813,NA,5,-168.033840061537,346.067680123074,29.9586769862952,1.39672288199578e-08
-4.74527619282963e-16,0.53902162463259,NA,NA,NA,NA,0.165881661804901,-0.0987182375807444,NA,0.344914709843297,NA,6,-167.084272325623,346.168544651246,30.0595415144674,1.32802971958426e-08
-4.59763267406477e-16,0.536383444074212,NA,NA,NA,NA,0.452299627217854,NA,NA,0.330372758878658,-0.23616780301871,6,-167.175385355124,346.350770710248,30.2417675734694,1.21237761239973e-08
-4.82830511736758e-16,0.539002154430044,NA,NA,NA,-0.204339881835644,0.421114295732615,NA,NA,0.330787970688794,NA,6,-167.378377848534,346.756755697068,30.6477525602899,9.89644894223742e-09
-3.26049396155605e-16,0.529030593640759,NA,0.436050437544722,NA,NA,0.352659792940998,NA,NA,0.33745478550776,-0.570342052133773,7,-166.431953025777,346.863906051555,30.7549029147765,9.38019754328753e-09
3.37011662039964e-16,NA,NA,NA,0.56181544004672,1.50928400920365,NA,-0.205915287740458,-0.268529718933505,NA,-1.5399671834928,7,-166.625880541575,347.251761083149,31.142757946371,7.72663388872967e-09
-4.83804279317036e-16,0.547796460521492,NA,NA,NA,0.126144156798391,NA,-0.138018517448604,NA,0.358357574124373,NA,6,-167.758198704247,347.516397408495,31.4073942717166,6.76901204105868e-09
-4.4770628064253e-16,0.532643584486843,NA,NA,NA,NA,0.334453017524276,-0.0710425666170917,NA,0.334470857129875,-0.1568628533268,7,-166.777520561881,347.555041123762,31.4460379869838,6.63947760697251e-09
2.21306717771386e-16,NA,-0.0281346690051268,NA,0.550550422901212,NA,NA,-0.198469187869784,-0.272515069212725,NA,NA,6,-167.799795862262,347.599591724523,31.4905885877452,6.49321630385783e-09
2.26438226835469e-16,NA,NA,NA,0.550825734633668,NA,NA,-0.20647388386608,-0.274729511719526,NA,-0.0304476481015702,6,-167.807382691742,347.614765383483,31.5057622467048,6.44413978198982e-09
-4.57114211931346e-16,0.548251077969024,NA,0.137322557288815,NA,NA,NA,-0.114078573202885,NA,0.359018024069705,NA,6,-167.813248058502,347.626496117003,31.517492980225,6.40645316965934e-09
2.17432233566592e-16,NA,NA,-0.0308507621615041,0.550155858752222,NA,NA,-0.211151855478342,-0.273823972760515,NA,NA,6,-167.822941776852,347.645883553704,31.5368804169262,6.34465084810912e-09
2.21698755804758e-16,NA,NA,NA,0.54889848027204,-0.0232245354983804,NA,-0.203888598711346,-0.273189640836458,NA,NA,6,-167.849432910034,347.698865820068,31.5898626832901,6.17878060313111e-09
-5.1462673037853e-16,0.552762465103648,-0.0391383996610446,NA,NA,NA,0.240032089894187,NA,NA,0.352231978376881,NA,6,-167.854168213082,347.708336426165,31.5993332893863,6.14959136898496e-09
-4.02295102733211e-16,0.534191471116789,NA,NA,NA,0.793218312282163,0.448525352070348,NA,NA,0.337764775522075,-1.02474186380395,7,-166.85426214752,347.70852429504,31.5995211582621,6.14901373770674e-09
-4.92261140618223e-16,0.548503690618217,NA,NA,NA,NA,NA,-0.139306032165792,NA,0.357449492319387,0.122943231362258,6,-167.857791238446,347.715582476892,31.6065793401137,6.12735155551006e-09
2.17156967090539e-16,NA,NA,NA,0.553907531415487,NA,NA,-0.196340679189381,-0.256228884843576,-0.0140251354135189,NA,6,-167.893066869821,347.786133739642,31.6771306028633,5.91497327239125e-09
-4.62937374500619e-16,0.534539830338984,NA,NA,NA,-0.119440507254033,0.294129899649959,-0.0776360888352432,NA,0.335898653124944,NA,7,-166.901902532437,347.803805064874,31.694801928096,5.86294077348409e-09
2.16021761213828e-16,NA,NA,NA,0.545766124097703,NA,-0.00846871598417166,-0.199783584839764,-0.269619887574714,NA,NA,6,-167.902740625786,347.805481251571,31.6964781147932,5.85802914030953e-09
-4.8541105446788e-16,0.535397175448052,NA,-0.106112855869996,NA,NA,0.267649635208407,-0.101632550545557,NA,0.337419328825299,NA,7,-166.938638757482,347.877277514964,31.7682743781857,5.65146662513773e-09
-5.28627186422902e-16,0.548452452119302,NA,-0.0850575900883959,NA,NA,0.305240515546773,NA,NA,0.341000251560618,NA,6,-167.940894079073,347.881788158147,31.7727850213686,5.63873511265866e-09
-3.23217251441922e-16,0.55068543101702,NA,0.689260604454265,NA,NA,NA,NA,NA,0.366941679868326,-0.493065401216454,6,-167.952340989051,347.904681978102,31.7956788413235,5.57455704052322e-09
5.46631165492277e-16,NA,NA,0.770050711556722,0.538654445949041,1.44431573812111,0.299768919853876,NA,-0.26993155283312,NA,-2.41378955814313,8,-165.97085369779,347.94170739558,31.8327042588019,5.47230627923156e-09
-4.06617730382178e-16,0.534914439933429,NA,0.309495798998331,NA,-0.43493637442579,0.343757776083932,NA,NA,0.334223366870147,NA,7,-166.975395723261,347.950791446523,31.8417883097445,5.44750728618718e-09
-4.73651950782491e-16,0.540682933017266,-0.0261823817072623,NA,NA,NA,0.180210271219631,-0.0943699647934705,NA,0.34853160556782,NA,7,-167.004793444533,348.009586889065,31.900583752287,5.28969402584808e-09
4.42391105346388e-16,NA,NA,0.772318618900723,0.527537317939475,NA,0.306950167752529,NA,-0.275315345614488,NA,-0.977689832320257,7,-167.061649232449,348.123298464899,32.0142953281203,4.99733422959764e-09
-5.01932556757274e-16,0.565223416619699,NA,0.200418469414211,NA,NA,NA,NA,NA,0.366572381021141,NA,5,-169.081713407032,348.163426814064,32.0544236772862,4.89806604049035e-09
5.78367954938915e-16,NA,NA,0.989409921355781,0.5636834094502,1.47959527689841,NA,NA,-0.286421308807359,NA,-2.39426508555871,7,-167.082922880229,348.165845760458,32.0568426236795,4.89214554196273e-09
-2.66659469941214e-16,0.526748995100951,NA,0.43921045786661,NA,0.806368855367475,0.348100863769553,NA,NA,0.345020675156861,-1.37441139254154,8,-166.09694584643,348.19389169286,32.0848885560814,4.82402191437725e-09
-4.60876977880062e-16,0.538068377123349,-0.0201070989993002,NA,NA,NA,0.448607092459702,NA,NA,0.334003508805222,-0.2230362555675,7,-167.13015310378,348.260306207559,32.151303070781,4.6664599561068e-09
4.72298466153143e-16,NA,NA,0.997121055256329,0.552902659176704,NA,NA,NA,-0.292344751640979,NA,-0.921745698698315,6,-168.211940543171,348.423881086342,32.3148779495642,4.29999261585271e-09
3.47069827933531e-16,NA,NA,NA,0.545498005781756,1.48207856091818,0.201911752640954,-0.1636805799438,-0.263271951850576,NA,-1.67715146747288,8,-166.233343604644,348.466687209288,32.3576840725101,4.20893751446264e-09
-2.1618440757876e-16,0.527372780373594,NA,0.850345421473368,NA,NA,0.425887586744931,0.101214541717559,NA,0.338344903309395,-1.00082964211271,8,-166.292918859212,348.585837718424,32.4768345816453,3.96551205066797e-09
-4.82497511770744e-16,0.540909878718984,-0.0254413922217893,NA,NA,-0.190640570760029,0.419294503431283,NA,NA,0.335299165654843,NA,7,-167.304832850353,348.609665700706,32.5006625639281,3.91854729956538e-09
2.39137414064961e-16,NA,NA,NA,0.533839800776722,NA,0.212766750034048,-0.161957981596501,-0.269071319558354,NA,-0.203679626463481,7,-167.377489730779,348.754979461557,32.645976324779,3.64393491309086e-09
-3.97492551387587e-16,0.555709091124379,NA,0.559089375205656,NA,-0.362302570063584,NA,NA,NA,0.363615205698998,NA,6,-168.410093844907,348.820187689815,32.7111845530366,3.52704356741093e-09
-3.27144518971996e-16,0.529306308189004,-0.00266859098411198,0.432961184326793,NA,NA,0.352875634708319,NA,NA,0.337886480956717,-0.56623174953456,8,-166.431186429857,348.862372859713,32.7533697229348,3.45342819979554e-09
-3.8893490411005e-16,0.530350383705552,NA,NA,NA,0.808592178166433,0.328754516246464,-0.0721584670657189,NA,0.342070513963732,-0.959475085066934,8,-166.442201702303,348.884403404605,32.7754002678268,3.41559649310925e-09
-4.29492560771234e-16,0.545800827461447,NA,NA,NA,0.852574234770645,NA,-0.139256274284914,NA,0.365049708017579,-0.728352515149959,7,-167.48967317035,348.979346340699,32.8703432039209,3.25724152196014e-09
1.92025025861005e-16,NA,NA,-0.159263615996428,0.537681972020683,NA,0.145801892263082,-0.20300139404964,-0.267995101748523,NA,NA,7,-167.566862351777,349.133724703554,33.024721566776,3.01527638767595e-09
4.02829393010914e-16,NA,NA,0.258462938637126,0.562145947073214,1.50093310533846,NA,-0.159024544287564,-0.271294561781017,NA,-1.76526247523371,8,-166.572507199568,349.145014399136,33.0360112623581,2.99830356100009e-09
-2.60388519305122e-16,0.547973904395585,NA,0.689140673955927,NA,0.853585573233772,NA,NA,NA,0.374547082903795,-1.34527428309782,7,-167.583791996435,349.16758399287,33.0585808560919,2.96465851019883e-09
3.3732816057333e-16,NA,NA,NA,0.563229301923321,1.50632474195817,NA,-0.206077302953598,-0.267028774578735,-0.00186952695142193,-1.53715620011282,8,-166.625606927483,349.251213854966,33.1422107181879,2.84324760331247e-09
3.37249939401696e-16,NA,0.00150303743122994,NA,0.56164405317675,1.51399228660781,NA,-0.206016045732733,-0.268423704772455,NA,-1.54539786120015,8,-166.625634445343,349.251268890686,33.1422657539079,2.84316936429949e-09
1.43717853770598e-16,NA,NA,-0.41177044245182,0.551382565942453,0.347270662827282,NA,-0.279064997617048,-0.267698713269453,NA,NA,7,-167.649898098149,349.299796196298,33.1907930595194,2.77501388413254e-09
2.21548401492416e-16,NA,NA,NA,0.536637465305309,-0.138144709783799,0.141723571033535,-0.174116974758542,-0.26979054436634,NA,NA,7,-167.654517358218,349.309034716437,33.2000315796584,2.76222493378952e-09
-4.58372485962075e-16,0.561048926920878,NA,NA,NA,NA,NA,-0.19156314413295,NA,0.366284046388964,NA,5,-169.681203805017,349.362407610034,33.253404473256,2.68948585562704e-09
-4.84080852672176e-16,0.549374036593274,-0.0189363086350308,NA,NA,0.135663354948216,NA,-0.136633308096701,NA,0.361710331026113,NA,7,-167.717859529509,349.435719059017,33.326715922239,2.59268578000973e-09
3.01017577020483e-16,NA,NA,0.290172099032736,0.551265055680551,NA,NA,-0.153826945906683,-0.277795043317165,NA,-0.292759860102517,7,-167.741064154978,349.482128309956,33.3731251731778,2.53321613143743e-09
-4.48830081443033e-16,0.534124148169263,-0.0169923033275284,NA,NA,NA,0.333117402603346,-0.0699665537235536,NA,0.337477096766799,-0.146966672335392,8,-166.745146780374,349.490293560749,33.3812904239706,2.52289504183179e-09
-5.02551546600598e-16,0.547661445899947,NA,-0.0983375069882833,NA,0.214663084408165,NA,-0.155931902383716,NA,0.357998586201854,NA,7,-167.746752645866,349.493505291732,33.3845021549539,2.51884686303032e-09
2.27873534771616e-16,NA,-0.0202259071578826,NA,0.553593368294406,NA,NA,-0.205094565751739,-0.275895851885401,NA,-0.0207364190307165,7,-167.761404819596,349.522809639191,33.4138065024128,2.48220934628724e-09
2.22044829869408e-16,NA,-0.0216612833144025,-0.0203056202105346,0.553347183529814,NA,NA,-0.208073171728681,-0.27538103524452,NA,NA,7,-167.768411575536,349.536823151071,33.4278200142932,2.46487790071665e-09
-5.23560416489153e-16,0.550337851522139,-0.0370644045756782,-0.0758041948429604,NA,NA,0.312984813549465,NA,NA,0.346641241096827,NA,7,-167.78069069807,349.561381396141,33.4523782593624,2.43479642795075e-09
2.31437318543961e-16,NA,NA,NA,0.56428107233059,NA,NA,-0.207982326248923,-0.26054591031078,-0.0175246970008926,-0.0318419701722,7,-167.783299761704,349.566599523407,33.457596386629,2.42845216902265e-09
2.24340964922136e-16,NA,-0.0235866454829756,NA,0.552302819234243,-0.0123009187840514,NA,-0.202419595376574,-0.274595404368728,NA,NA,7,-167.786023086257,349.572046172514,33.4630430357353,2.421847702739e-09
-4.55731817214273e-16,0.549553455446208,-0.0150854464923564,0.145381753947326,NA,NA,NA,-0.111646571015751,NA,0.361739054376567,NA,7,-167.787147732457,349.574295464913,33.465292328135,2.41912551196117e-09
2.23781190131393e-16,NA,-0.027379254004984,NA,0.558327160837772,NA,NA,-0.199002477450902,-0.263580290575252,-0.0106470514554107,NA,7,-167.790906661511,349.581813323022,33.4728101862435,2.410049259969e-09
2.1988013335979e-16,NA,-0.0303326969623484,NA,0.549116039379403,NA,0.00716319157094767,-0.195104322325711,-0.271369337757654,NA,NA,7,-167.796257667952,349.592515335904,33.4835121991259,2.3971875131897e-09
2.22231390722457e-16,NA,NA,-0.0328212960608328,0.564129519876932,NA,NA,-0.213189673867009,-0.259235106748728,-0.0180953109570537,NA,7,-167.797393134272,349.594786268545,33.4857831317665,2.39446713224776e-09
-4.200793247613e-16,0.548196035105749,NA,0.279835569294021,NA,NA,NA,-0.0887603269280968,NA,0.36079169818089,-0.129619937191821,7,-167.797480165085,349.594960330169,33.4859571933911,2.39425874889631e-09
-4.93333380419393e-16,0.550110255112237,-0.0192624205927706,NA,NA,NA,NA,-0.137777242775166,NA,0.360753333030721,0.132894845018055,7,-167.816733894021,349.633467788043,33.5244646512643,2.34860128857286e-09
2.26489106808598e-16,NA,NA,NA,0.561964958639937,-0.0246962098509169,NA,-0.205394962020009,-0.259468579780886,-0.0169941948343094,NA,7,-167.826836376534,349.653672753068,33.5446696162899,2.32499403185429e-09
2.48069255736866e-16,NA,NA,NA,0.600856326543654,NA,NA,-0.229593976126565,NA,NA,NA,4,-170.837266783291,349.674533566582,33.565530429804,2.30086943180602e-09
-4.04926743689427e-16,0.535076090764747,-0.00960078533128095,NA,NA,0.764234431233976,0.44690014232395,NA,NA,0.339228293267852,-0.989657599425174,8,-166.844339379811,349.688678759622,33.579675622844,2.28465372185123e-09
-4.6313436792844e-16,0.536205633272149,-0.0208109811674731,NA,NA,-0.110237746692674,0.295637561784488,-0.0758042348381859,NA,0.339468208276354,NA,8,-166.85266640199,349.705332803981,33.5963296672025,2.26570834838144e-09
2.62037400259307e-16,NA,NA,NA,0.655714846131824,NA,NA,-0.225008456340621,NA,-0.0960811178144714,NA,5,-169.875617493019,349.751234986039,33.6422318492606,2.21430006453425e-09
-4.8396716900168e-16,0.537081828790181,-0.023011394183361,-0.0995387580549559,NA,NA,0.273937969536947,-0.0976303507487675,NA,0.341062544443116,NA,8,-166.877698670483,349.755397340965,33.646394204187,2.20969650521675e-09
5.60673680938296e-16,NA,0.0286289629823575,0.803034828777547,0.535676191563835,1.53318102800953,0.295833789175345,NA,-0.267470756417766,NA,-2.54430713870096,9,-165.884908819279,349.769817638558,33.6608145017793,2.19382156373804e-09
2.19862135945493e-16,NA,NA,NA,0.556793144104912,NA,-0.00915897381299693,-0.200962209053164,-0.257787449063338,-0.0144772922364382,NA,7,-167.886220042882,349.772440085765,33.6634369489866,2.19094685822423e-09
-4.4687494861147e-16,0.534385204054649,NA,0.0820475457004826,NA,-0.198247343207233,0.300060037326703,-0.0614727123894034,NA,0.335745364993742,NA,8,-166.894197341781,349.788394683563,33.6793915467847,2.17353854822838e-09
-4.09541008643824e-16,0.536385445249715,-0.0173637761573504,0.296701589077924,NA,-0.41605397973157,0.345713597920197,NA,NA,0.337160246605697,NA,8,-166.941660890946,349.883321781892,33.7743186451136,2.07278467670448e-09
-3.22970664943989e-16,0.550620261511808,0.000601833606736386,0.689922357214761,NA,NA,NA,NA,NA,0.366840251732394,-0.494003043140359,7,-167.952302718247,349.904605436493,33.7956022997149,2.05084341477114e-09
5.1353908023855e-16,NA,NA,0.639334585681214,0.540374100822388,1.45151578960763,0.275431164846418,-0.0323131606870724,-0.268196634137358,NA,-2.28439354617855,9,-165.956929193341,349.913858386682,33.8048552499037,2.04137715338632e-09
-1.60421472091516e-16,0.525161225542176,NA,0.842268854526558,NA,0.797455549521206,0.4193991260925,0.098477915206025,NA,0.345803095489478,-1.78437162338814,9,-165.964812387612,349.929624775225,33.8206216384464,2.02534784479327e-09
5.94290286759645e-16,NA,0.0334539262757329,1.02458811237069,0.559819282648836,1.58289624548226,NA,NA,-0.283292837439332,NA,-2.54707885761359,8,-166.966936146871,349.933872293742,33.8248691569642,2.02105105784095e-09
5.4619640025745e-16,NA,NA,0.77179279683248,0.534935390523633,1.45271767962325,0.297443850474389,NA,-0.274077367021224,0.00516069374798913,-2.42157327700741,9,-165.968794090141,349.937588180283,33.8285850435044,2.017299545757e-09
-5.61159759243574e-16,0.575057966173797,NA,NA,NA,0.182689103697073,NA,NA,NA,0.370630514499536,NA,5,-169.975933923969,349.951867847938,33.8428647111593,2.00294765823432e-09
-4.97256544675251e-16,0.567104632700766,-0.0301727554729098,0.213847451214355,NA,NA,NA,NA,NA,0.371692660179055,NA,6,-168.976631892959,349.953263785919,33.8442606491406,2.00155015064427e-09
5.74927610665752e-16,NA,NA,0.989615507357962,0.543912131069212,1.5206633569489,NA,NA,-0.306721738349398,0.0260742865940378,-2.4343572723094,8,-167.029372422725,350.058744845449,33.9497417086711,1.89872275498086e-09
4.44541263383319e-16,NA,NA,0.768693679173757,0.53535133859544,NA,0.311665547864792,NA,-0.266688875436376,-0.0106576856134047,-0.978867860560627,8,-167.052829687056,350.105659374112,33.9966562373336,1.85470223242343e-09
4.2203793302258e-16,NA,NA,0.693171916867622,0.528545075006911,NA,0.292234416239544,-0.0195668384523226,-0.274281038717698,NA,-0.895000561473855,8,-167.056604321569,350.113208643137,34.0042055063591,1.84771460553142e-09
4.43942644966432e-16,NA,0.00582248047078096,0.779055217814926,0.526792496533674,NA,0.306239712829689,NA,-0.274882244650764,NA,-0.986263771249666,8,-167.057975621945,350.11595124389,34.0069481071119,1.84518257028459e-09
-2.60613627171898e-16,0.525683531449379,0.00951651797083644,0.45034100009885,NA,0.835431604247926,0.347166835262596,NA,NA,0.343753883077898,-1.41804909927025,9,-166.087590776677,350.175181553354,34.0661784165762,1.79133843939886e-09
-5.74547635132372e-16,0.576158456962321,NA,NA,NA,NA,NA,NA,NA,0.3693037248477,0.18012029023008,5,-170.112182604963,350.224365209925,34.1153620731471,1.74782340224044e-09
4.74858689349012e-16,NA,0.0100564504696369,1.00785766684271,0.551514819384322,NA,NA,NA,-0.291528632213312,NA,-0.93677804845511,7,-168.20112232804,350.40224465608,34.2932415193015,1.59908488794091e-09
4.69720623265969e-16,NA,NA,0.997290484452375,0.544798796342126,NA,NA,NA,-0.300607833072311,0.0105280045471162,-0.921430963184811,7,-168.203196539544,350.406393079088,34.2973899423095,1.59577148520744e-09
3.49051596757784e-16,NA,NA,NA,0.553232987328075,1.46476898016348,0.205597218373587,-0.16383016141783,-0.254648404358617,-0.0106216711460797,-1.66368493960802,9,-166.224597932393,350.449195864785,34.3401927280068,1.56198260693897e-09
3.47397266109118e-16,NA,0.00204586138872882,NA,0.545259682409979,1.48847883608968,0.201974116393581,-0.16380468193692,-0.263126026587459,NA,-1.68458581323506,9,-166.232885405298,350.465770810596,34.3567676738176,1.54909121073769e-09
-1.98848361707846e-16,0.525987271833128,0.0115717223338965,0.911207285782973,NA,NA,0.433341393915226,0.112810755773275,NA,0.336574938050637,-1.06797424601276,9,-166.280304539514,350.560609079028,34.4516059422502,1.47734906455674e-09
3.1875139331678e-16,NA,NA,NA,0.525330237650903,1.45353041796135,0.481190036723316,NA,-0.285120155458042,NA,-1.83444516156871,7,-168.314952642538,350.629905285076,34.5209021482981,1.42703834057002e-09
2.47224991793956e-16,NA,NA,NA,0.553473297469139,NA,0.221643414728752,-0.162381275677608,-0.247392096831386,-0.026494322978138,-0.213014868594728,8,-167.322882772803,350.645765545606,34.5367624088278,1.4157664933159e-09
2.40443675380519e-16,NA,-0.0192729706993901,NA,0.536559194806648,NA,0.21173765378573,-0.160858961160629,-0.270210075192424,NA,-0.193588061453659,8,-167.335524168973,350.671048337946,34.5620452011675,1.39798187622351e-09
2.13168881919226e-16,NA,NA,NA,0.514102479793938,NA,0.488954966129235,NA,-0.290583417244981,NA,-0.387438848359748,6,-169.387355453218,350.774710906435,34.6657077696568,1.32736847950709e-09
-3.99659583094641e-16,0.556908557752529,-0.0131045394405142,0.55050524890462,NA,-0.347740036651043,NA,NA,NA,0.365957891658218,NA,7,-168.39120269402,350.78240538804,34.6734022512622,1.3222715841112e-09
-3.57116737849249e-16,0.5454914031506,NA,0.280493583053596,NA,0.852903979099443,NA,-0.0885916951137938,NA,0.368402712325944,-0.981838818178276,8,-167.428793141781,350.857586283562,34.7485831467834,1.27348941905143e-09
-3.90668593235104e-16,0.530929480999555,-0.00604902638324553,NA,NA,0.790243722598561,0.328408365254371,-0.0717500994181433,NA,0.342968243643728,-0.93773942118428,9,-166.438255315557,350.876510631113,34.767507494335,1.26149627097381e-09
-4.61777420434109e-16,0.555705686576073,0.0392533679683972,NA,NA,NA,NA,-0.186058680700319,NA,0.358094141419356,NA,6,-169.465324942066,350.930649884132,34.821646747354,1.22780608566512e-09
-4.31658664373355e-16,0.546521795587957,-0.00774862902999817,NA,NA,0.82901106923106,NA,-0.138642668519677,NA,0.366168680633653,-0.700821481952405,8,-167.483281435076,350.966562870152,34.8575597333735,1.20595575899676e-09
1.96275783324137e-16,NA,-0.0264042838823276,-0.153342939966127,0.540898567906012,NA,0.15367423896616,-0.198808523667049,-0.269578381102216,NA,NA,8,-167.486307563053,350.972615126105,34.863611989327,1.20231189871027e-09
1.97452213251099e-16,NA,NA,-0.171836178057698,0.558066403816985,NA,0.156664345873165,-0.205502417688598,-0.245308727714115,-0.027600427174801,NA,8,-167.508641506013,351.017283012026,34.9082798752478,1.17575717300184e-09
1.58075765169583e-16,NA,NA,-0.335312958400757,0.54100737422653,0.185555610769728,0.114594099735449,-0.241033670182254,-0.265969844462832,NA,NA,8,-167.529093012268,351.058186024536,34.949182887758,1.15195538860846e-09
1.37600960803588e-16,NA,-0.0313294154796469,-0.462602002279746,0.556211095960202,0.407516448238258,NA,-0.286394018041684,-0.268888110728225,NA,NA,8,-167.540753497235,351.081506994469,34.9725038576912,1.13860104051712e-09
3.67684277800437e-16,NA,NA,NA,0.613335490843175,1.59670273319148,NA,-0.231171147410332,NA,NA,-1.60468766802509,6,-169.556925405978,351.113850811956,35.0048476751778,1.1203357785451e-09
4.18022416453249e-16,NA,0.0117029262175587,0.310839623956217,0.56087847353205,1.53590033633977,NA,-0.150306805842806,-0.271029402533959,NA,-1.85320209998305,9,-166.559769100973,351.119538201945,35.0105350651672,1.1171544108628e-09
-2.51773687533673e-16,0.546370091751579,0.0135981053746527,0.704086810976409,NA,0.894932160852698,NA,NA,NA,0.372623764884064,-1.40773969853392,8,-167.565026964894,351.130053929789,35.0210507930106,1.11129597990378e-09
4.05040823254415e-16,NA,NA,0.270389238203555,0.55847304008361,1.50826722382092,NA,-0.156438228676057,-0.275337458766455,0.00487679186200426,-1.78299096122759,9,-166.570757753093,351.141515506186,35.0325123694073,1.1049455917619e-09
2.24325297745848e-16,NA,-0.0248124605611576,NA,0.540004228665986,-0.128663867403819,0.144202968390969,-0.172050783566221,-0.27120990061206,NA,NA,8,-167.584227579192,351.168455158384,35.0594520216056,1.09016195681102e-09
1.45640661809544e-16,NA,NA,-0.4373302713288,0.569984831539984,0.368190611410784,NA,-0.285858200509141,-0.247985623202915,-0.0239934665599739,NA,8,-167.605504275851,351.211008551701,35.102005414923,1.06721192772975e-09
2.28402125905461e-16,NA,NA,NA,0.554532997023795,-0.148002802001649,0.151280402792016,-0.174267783176535,-0.249901085871787,-0.0243501633044692,NA,8,-167.608890741489,351.217781482978,35.1087783461996,1.06360396377877e-09
3.37645338737442e-16,NA,0.00172835776328159,NA,0.563225118973366,1.51133509735949,NA,-0.206215269695145,-0.266702090442064,-0.00212459094148377,-1.54301748156131,9,-166.625286607887,351.250573215774,35.1415700789959,1.04630743852239e-09
-5.08833063279673e-16,0.549365871920933,-0.0209754741043807,-0.129679801717782,NA,0.253420262657346,NA,-0.160106910111597,NA,0.361597969105955,NA,8,-167.698411238075,351.39682247615,35.2878193393717,9.72527049530347e-10
3.10496162436417e-16,NA,NA,0.552910071940906,0.521200703789292,-0.742659391905419,0.293716687731027,NA,-0.284894293441103,NA,NA,7,-168.71773639937,351.43547279874,35.3264696619619,9.53913244122178e-10
2.86936598711086e-16,NA,-0.0128529119410818,0.231837309994235,0.552935478678029,NA,NA,-0.163534318343796,-0.277919935312208,NA,-0.233854714403693,8,-167.72516694766,351.450333895321,35.3413307585424,9.46851414820881e-10
2.9715751840461e-16,NA,NA,0.262963264506541,0.559656755591744,NA,NA,-0.159708929334113,-0.268618274301141,-0.0109832928642659,-0.269037255884187,8,-167.732180842413,351.464361684827,35.3553585480487,9.40233534339418e-10
2.3181153022477e-16,NA,-0.0184595583132668,NA,0.564288383479348,NA,NA,-0.206441109281345,-0.264265334316938,-0.014244356272705,-0.0227178379067346,8,-167.745836287673,351.491672575345,35.3826694385671,9.27481492342855e-10
3.43469049217311e-16,NA,NA,0.769596810335971,0.54586669735412,-0.690750975842387,NA,NA,-0.300935160578682,NA,NA,6,-169.749340291246,351.498680582492,35.3896774457135,9.24237281062948e-10
2.25479423139822e-16,NA,-0.0198606593704693,-0.0227498793046894,0.564198798374858,NA,NA,-0.209950300131297,-0.263645271243138,-0.0143959214593004,NA,8,-167.752608142519,351.505216285037,35.3962131482592,9.21221940613063e-10
-5.11610029225753e-16,0.573439684041968,NA,NA,NA,0.854469979119448,NA,NA,NA,0.376916596474828,-0.673088825983616,6,-169.752913390515,351.505826781029,35.396823644251,9.20940782375592e-10
2.27829590304531e-16,NA,-0.0219691202652981,NA,0.562079408009689,-0.0141774684125785,NA,-0.203674341169088,-0.263987481430264,-0.0130190217943984,NA,8,-167.773049897735,351.546099795471,35.4370966586923,9.02581715747373e-10
-4.34788564154772e-16,0.549286941612337,-0.0123632511361787,0.225478583401144,NA,NA,NA,-0.0975974092784319,NA,0.362263000468772,-0.0741732396097384,8,-167.782833190861,351.565666381722,35.4566632449442,8.93794548057651e-10
2.2243018442733e-16,NA,-0.0293053899795296,NA,0.556699860131596,NA,0.0061519445553902,-0.196085523591038,-0.263050599356348,-0.0101056956582971,NA,8,-167.788319647752,351.576639295503,35.4676361587249,8.88904210381391e-10
3.74391621990209e-16,NA,NA,NA,0.665396974799648,1.43727127776483,NA,-0.232135155908773,NA,-0.0864473953878608,-1.45797947024997,7,-168.797487649816,351.594975299632,35.4859721628538,8.80791978047804e-10
2.41922231652403e-16,NA,NA,NA,0.594445517623625,NA,0.0198250206951499,-0.219114742591926,NA,NA,NA,5,-170.805589237646,351.611178475293,35.5021753385143,8.73684992284788e-10
2.52342766733837e-16,NA,-0.01451551799733,NA,0.60505795142038,NA,NA,-0.231415323556839,NA,NA,NA,5,-170.809144149459,351.618288298918,35.50928516214,8.70584633201591e-10
2.66246315045849e-16,NA,NA,-0.0246638776117199,0.664293846450032,NA,NA,-0.237922545771965,NA,-0.0998631407623154,NA,6,-169.822800861589,351.645601723177,35.5365985863992,8.58776125704297e-10
2.7238296576303e-16,NA,NA,NA,0.664032314630391,NA,NA,-0.233350575588039,NA,-0.0994401245027023,-0.0219082194952933,6,-169.824707131419,351.649414262839,35.5404111260603,8.57140626031797e-10
2.51299903751933e-16,NA,NA,NA,0.602953758225741,NA,NA,-0.232380594266036,NA,NA,-0.00718028201205972,5,-170.831740857885,351.66348171577,35.5544785789918,8.51132886492424e-10
2.49060739016903e-16,NA,NA,-0.00668303503248043,0.602595814181824,NA,NA,-0.233142144597009,NA,NA,NA,5,-170.833328566947,351.666657133893,35.5576539971148,8.49782607304916e-10
2.47992447806865e-16,NA,NA,NA,0.600798149945318,0.000203588971206705,NA,-0.229514770615817,NA,NA,NA,5,-170.837262315881,351.674524631761,35.5655214949829,8.46446342196125e-10
-4.53008892035764e-16,0.536045046491886,-0.0200216073300774,0.0516831881677036,NA,-0.16022862154689,0.299315872933051,-0.0656921239007079,NA,0.339236253881936,NA,9,-166.849678047245,351.699356094491,35.5903529577125,8.36002062646783e-10
2.68111438459031e-16,NA,NA,NA,0.661448391164107,-0.015152710161716,NA,-0.230786237694813,NA,-0.0985393965521109,NA,6,-169.851194739871,351.702389479742,35.5933863429641,8.34735065548659e-10
2.65430164585508e-16,NA,-0.0117407474928868,NA,0.658862618734757,NA,NA,-0.226502590380749,NA,-0.0956420781869617,NA,6,-169.857013554088,351.714027108175,35.605023971397,8.29892001392504e-10
2.5972817161166e-16,NA,NA,NA,0.652997211022337,NA,0.00710174804809027,-0.221289772676753,NA,-0.0953435085689974,NA,6,-169.871560193345,351.743120386691,35.6341172499123,8.17907242145315e-10
-5.60384538055664e-16,0.577080514128606,-0.029371559429036,NA,NA,0.1965738110762,NA,NA,NA,0.375639823565309,NA,6,-169.88102544571,351.76205089142,35.6530477546419,8.10202066927496e-10
5.60485343460109e-16,NA,0.0284907437226097,0.803358585104174,0.534659443275051,1.53508147195242,0.295208150407766,NA,-0.268632085234806,0.00143082876411759,-2.54583508199124,10,-165.884752329299,351.769504658597,35.660501521819,8.07188157873471e-10
5.57576995921193e-16,NA,0.0282516200322853,0.791099059866042,0.535866749701097,1.53264323704449,0.293744305215866,-0.00284306471256504,-0.267350544497967,NA,-2.53120198357735,10,-165.884815855683,351.769631711366,35.6606285745877,8.07136881757031e-10
-1.16545691807197e-16,0.521869335704158,0.0257274117887325,0.976810692387312,NA,0.873715332724303,0.435350692313113,0.123998078907439,NA,0.342581150081749,-2.00858347429821,10,-165.905187007268,351.810374014536,35.7013708777581,7.90860916913554e-10
5.90334193118572e-16,NA,0.0311906024250624,1.02238016717271,0.543536167880457,1.61027306033828,NA,NA,-0.300491828104563,0.0218188790686641,-2.57028926164633,9,-166.929918491713,351.859836983425,35.7508338466469,7.71541634420419e-10
5.14599246749155e-16,NA,NA,0.645206260826262,0.538497697573076,1.45532886484854,0.275234747044815,-0.0310713004592645,-0.270281356086227,0.00251205538095467,-2.29315535449034,10,-165.95646167261,351.912923345221,35.8039202084426,7.51331867532882e-10
5.92187994849453e-16,NA,NA,0.825599264022019,0.586723375392267,1.52431725198151,0.349646011106687,NA,NA,NA,-2.55979255541578,7,-168.963538007578,351.927076015156,35.8180728783777,7.46033958563163e-10
1.78645022712328e-16,NA,NA,NA,0.514165423740822,-0.331311570162814,0.434555202672196,NA,-0.293825868447897,NA,NA,6,-169.978093571589,351.956187143178,35.8471840063993,7.35253660513722e-10
-5.74818481657468e-16,0.578244331626969,-0.0308340523630051,NA,NA,NA,NA,NA,NA,0.374384058756876,0.195045768524281,6,-170.009230808837,352.018461617674,35.9094584808961,7.12712646448322e-10
4.17825415828609e-16,NA,NA,0.662273638461943,0.538346631399378,NA,0.293016886701556,-0.0261201835642601,-0.263486583021329,-0.012908173595447,-0.868732970056901,9,-167.044231669471,352.088463338941,35.9794602021628,6.88198599358865e-10
4.46695351087144e-16,NA,0.0071986150218013,0.776624855024995,0.535287574905252,NA,0.311304393071579,NA,-0.265207201555612,-0.0118266933438251,-0.989597451313766,9,-167.047319784506,352.094639569012,35.9856364322339,6.86076641028761e-10
4.27286110300121e-16,NA,0.00380922730460515,0.714040367528562,0.5278481957936,NA,0.294830245660619,-0.0154972653948099,-0.274212810548083,NA,-0.917807845331689,9,-167.055250124624,352.110500249248,36.0014971124695,6.80657336783266e-10
3.78522564033342e-16,NA,NA,NA,0.593479907612644,1.56356412679283,0.23138820548725,-0.182204032513238,NA,NA,-1.7604468349751,7,-169.058517841426,352.117035682851,36.008032546073,6.78436771432899e-10
4.83012363677539e-16,NA,NA,0.829166018277019,0.575990446805026,NA,0.358284478749874,NA,NA,NA,-1.0455468500911,6,-170.133772283143,352.267544566287,36.1585414295083,6.29255166446336e-10
2.89032958535475e-16,NA,NA,NA,0.644805713431046,NA,0.268966805479276,-0.176459000282008,NA,-0.105306332492768,-0.242372182591576,7,-169.155623922656,352.311247845311,36.2022447085332,6.15654053892074e-10
3.86803692454918e-16,NA,NA,NA,0.647119299326902,1.38968978079542,0.255059988913448,-0.178225372792592,NA,-0.0924404235433507,-1.61950266648062,8,-168.189253456478,352.378506912956,36.2695037761774,5.95294160713498e-10
4.7236267881481e-16,NA,0.00895056244999104,1.00682252915131,0.544705902333048,NA,NA,NA,-0.298716689312676,0.00904396757627411,-0.934854600493864,8,-168.194799755308,352.389599510616,36.2805963738373,5.92001620552541e-10
4.90903679625003e-16,NA,NA,0.780541634118499,0.632616991870047,NA,0.386228997633655,NA,NA,-0.0958582614072854,-1.03701901540687,7,-169.202940139954,352.405880279908,36.2968771431293,5.87202061283362e-10
3.49660488209963e-16,NA,0.00323462078949562,NA,0.553212119227746,1.4740916505894,0.205865410051017,-0.164033256750531,-0.254020865544164,-0.0111104400415835,-1.67481937589806,10,-166.223470942037,352.446941884074,36.3379387472957,5.75269246262993e-10
5.87918095463587e-16,NA,NA,0.783771716121172,0.634764579368893,1.36909970588481,0.374772738790685,NA,NA,-0.0831749591025232,-2.39820108003519,8,-168.265538711644,352.531077423288,36.4220742865097,5.51570914923523e-10
2.65249710324525e-16,NA,NA,NA,0.582282225186233,NA,0.243539742204198,-0.180815512597111,NA,NA,-0.206015750146948,6,-170.287741110093,352.575482220186,36.4664790834075,5.39459664612551e-10
2.47422748293283e-16,NA,-0.0163204239291515,NA,0.553570871352341,NA,0.219774952038549,-0.161403076983005,-0.250791392933784,-0.0235185010787293,-0.203420766277811,9,-167.293460984542,352.586921969084,36.4779188323062,5.36382831000198e-10
2.29477579167467e-16,NA,NA,-0.213566405021832,0.64879179293951,NA,0.212216791225257,-0.225709606757421,NA,-0.106788459970544,NA,7,-169.295048014102,352.590096028204,36.4810928914259,5.35532250718538e-10
3.20275828223924e-16,NA,NA,NA,0.53134457465755,1.44001886847568,0.484261437804677,NA,-0.278414460495822,-0.00827860917995525,-1.82406128570281,8,-168.309777962099,352.619555924199,36.5105527874207,5.27701701886307e-10
3.17991366751291e-16,NA,-0.00508194594084312,NA,0.525960219315333,1.4376858190006,0.480509140276534,NA,-0.285441487452915,NA,-1.81568190922241,8,-168.312192064396,352.624384128792,36.5153809920135,5.26429312453027e-10
2.15135118554973e-16,NA,-0.0255620533806645,NA,0.517886895319462,NA,0.485104319483137,NA,-0.291900154861045,NA,-0.37240037875834,7,-169.315224687876,352.630449375752,36.5214462389735,5.24835268848254e-10
2.20405044986559e-16,NA,NA,NA,0.531771194532603,NA,0.497615681560746,NA,-0.271073033835383,-0.0239057685141089,-0.396295366573567,7,-169.344013566976,352.688027133952,36.5790239971734,5.09941269187914e-10
1.51890874691153e-16,NA,-0.0310181218911116,-0.386325194282599,0.545880982176528,0.246653204682364,0.113566307374819,-0.248630970675641,-0.267162930089338,NA,NA,9,-167.421952918436,352.843905836872,36.7349027000936,4.71706141046471e-10
-3.55113249097031e-16,0.545352754116649,0.00141626972941443,0.286723764899773,NA,0.857218103546491,NA,-0.087578511968698,NA,0.368272665314644,-0.992501162499102,9,-167.428609500417,352.857219000833,36.7482158640549,4.68576617967066e-10
1.53548781698032e-16,NA,NA,-0.605894708239887,0.666459757356628,0.528583133148564,NA,-0.340706370911557,NA,-0.103236638266035,NA,7,-169.429113373919,352.858226747837,36.749223611059,4.68340574098722e-10
6.3286481962259e-16,NA,NA,1.08808252432901,0.619676783440495,1.57164820477497,NA,NA,NA,NA,-2.54729561604504,6,-170.431479470306,352.862958940612,36.7539558038334,4.67233745106772e-10
2.00467778286884e-16,NA,-0.0237242634171975,-0.16465450565174,0.557937671251282,NA,0.162128971514713,-0.201364730644927,-0.250091058427005,-0.023512923918024,NA,9,-167.444845971893,352.889691943786,36.7806888070079,4.61030017940326e-10
2.16493347094391e-16,NA,NA,-0.167678002312663,0.585625404042464,NA,0.18206670709059,-0.222379910237943,NA,NA,NA,6,-170.446630836876,352.893261673752,36.7842585369734,4.60207875530174e-10
1.61549271006791e-16,NA,NA,-0.359752338348709,0.562474803656304,0.197498313548896,0.123911017896969,-0.24608913776909,-0.242186022961474,-0.0287770066587548,NA,9,-167.465926674021,352.931853348042,36.8228502112642,4.51412905350797e-10
2.68614672268765e-16,NA,NA,NA,0.646680761209981,-0.179666292014184,0.201261394978169,-0.188129469543749,NA,-0.104325404122986,NA,7,-169.470055450762,352.940110901524,36.8311077647455,4.49552964529136e-10
1.45997965654182e-16,NA,NA,-0.534946385061308,0.602670125501706,0.48091601021809,NA,-0.326510097476287,NA,NA,NA,6,-170.510807725156,353.021615450313,36.9126123135344,4.31600936170572e-10
1.39568782668377e-16,NA,-0.029208654404968,-0.479815115527566,0.57091609346702,0.420342962727056,NA,-0.291387253534311,-0.252878126596847,-0.0193882962855727,NA,9,-167.51222882691,353.024457653819,36.9154545170412,4.30988022932608e-10
3.95539047930211e-16,NA,NA,0.108861938998016,0.613698122217648,1.59356452385556,NA,-0.211530773376558,NA,NA,-1.69986040537707,7,-169.547752406394,353.095504812789,36.9865016760107,4.15946531192564e-10
3.68991535520488e-16,NA,0.00868760190809037,NA,0.612227304574367,1.62371723619374,NA,-0.231695899645751,NA,NA,-1.63592946238764,7,-169.548989593763,353.097979187525,36.9889760507471,4.15432245597749e-10
2.29774263907961e-16,NA,-0.0223513824275283,NA,0.554617075781893,-0.137837965823327,0.151939144167771,-0.172381682144334,-0.254456955226471,-0.0203378534699944,NA,9,-167.553064837757,353.106129675515,36.9971265387367,4.13742702821427e-10
4.19859088095002e-16,NA,0.0115687935540045,0.321083638008482,0.557553305353643,1.54216831678956,NA,-0.148055042760217,-0.27470856086796,0.00443436188578413,-1.86831431394596,10,-166.558324122325,353.11664824465,37.0076451078713,4.11572424268398e-10
2.47423375280272e-16,NA,NA,NA,0.585416425882167,-0.137100707097922,0.168900030998249,-0.193654246343978,NA,NA,NA,6,-170.569997120542,353.139994241084,37.0309911043057,4.0679607150722e-10
5.21249775333506e-16,NA,NA,1.0984543445727,0.609442177283119,NA,NA,NA,NA,NA,-0.984514463718348,5,-171.653005030551,353.306010061102,37.1970069243235,3.74392269638417e-10
3.09612139635571e-16,NA,-0.0198607280413523,0.538173221412564,0.523921511887713,-0.722272056174341,0.296673625650758,NA,-0.286040150060203,NA,NA,8,-168.674008378824,353.348016757648,37.2390136208699,3.66610783103031e-10
3.14479515973331e-16,NA,NA,0.549440701946794,0.533772320277958,-0.7471535617186,0.301523997411579,NA,-0.270928348018723,-0.0171847546919355,NA,8,-168.69536973838,353.39073947676,37.2817363399818,3.58862529592719e-10
1.42843195903034e-16,NA,NA,NA,0.53173564384281,NA,0.111231190395546,NA,-0.304013829061859,NA,NA,5,-171.707641252979,353.415282505957,37.306279369179,3.54485653199247e-10
-5.16238166746303e-16,0.574976650452816,-0.0198760399194103,NA,NA,0.794006580212653,NA,NA,NA,0.379652750602179,-0.603093485704728,7,-169.711758400798,353.423516801596,37.3145136648176,3.53029183672745e-10
2.83962137106993e-16,NA,-0.0123174259970298,0.209166074417506,0.560607679696611,NA,NA,-0.168556330368665,-0.26944866823392,-0.0101326793146959,-0.214423476632969,9,-167.717632442003,353.435264884006,37.3262617472279,3.50961554316422e-10
3.43050004342247e-16,NA,-0.0150750261486429,0.760066800089215,0.548120375463519,-0.674879578784533,NA,NA,-0.301927483762323,NA,NA,7,-169.724418993952,353.448837987903,37.3398348511252,3.48587799412284e-10
2.45218759682891e-16,NA,-0.0248340590136497,NA,0.59744677013756,NA,0.0327735199668842,-0.215386419265303,NA,NA,NA,6,-170.736740265169,353.473480530337,37.3644773935592,3.44319106458307e-10
3.42366800051442e-16,NA,NA,0.769077326702642,0.542866632345504,-0.690044604212227,NA,NA,-0.304006057229203,0.00389765982296282,NA,7,-169.748167620921,353.496335241843,37.3873321050646,3.40406845508486e-10
3.76923787574426e-16,NA,0.0160998215826336,NA,0.664193694110354,1.48473017056348,NA,-0.233123370913396,NA,-0.0878594809982477,-1.51348018844441,8,-168.770168741869,353.540337483737,37.4313343469591,3.32999299288399e-10
3.57837970312205e-16,NA,NA,-0.0649948524840312,0.665776114336572,1.43732082830395,NA,-0.243872259858153,NA,-0.0874364554307384,-1.39947909409759,8,-168.794286114492,353.588572228983,37.4795690922051,3.25064301365788e-10
2.50080597124616e-16,NA,-0.0177325889978384,NA,0.603558332620273,0.0085066670690022,NA,-0.228509502084892,NA,NA,NA,6,-170.802723226158,353.605446452315,37.4964433155369,3.22333234913731e-10
2.52313066217702e-16,NA,-0.0147001258683682,0.000566540076556759,0.604963926180916,NA,NA,-0.231137698959103,NA,NA,NA,6,-170.809120387827,353.618240775654,37.5092376388757,3.20277798587466e-10
2.52400609006114e-16,NA,-0.0144483079868247,NA,0.605088896374239,NA,NA,-0.23147385024304,NA,NA,-0.000172535703273111,6,-170.809141560799,353.618283121598,37.50927998482,3.20271017426358e-10
2.87098001189973e-16,NA,NA,0.138766469057383,0.603442014705,NA,NA,-0.207341951372546,NA,NA,-0.132499402035859,6,-170.817067627722,353.634135255445,37.5251321186666,3.17742561501054e-10
6.10173875577071e-16,NA,0.0377859737175181,0.868465019320692,0.582214144875725,1.64064362082908,0.343852089915949,NA,NA,NA,-2.73029960713579,8,-168.818942325634,353.637884651267,37.5288815144892,3.17147448187825e-10
2.6711562990634e-16,NA,-0.0043197214804149,-0.0224431463033602,0.664679540834069,NA,NA,-0.237309493527684,NA,-0.0993610741498231,NA,7,-169.820709373738,353.641418747476,37.5324156106973,3.16587528239234e-10
2.56010158234209e-16,NA,NA,-0.0642711470879175,0.664407185996865,NA,NA,-0.244957030539203,NA,-0.100418614491222,0.0359897239196976,7,-169.821617196515,353.64323439303,37.5342312562516,3.16300253287229e-10
2.7258369759878e-16,NA,-0.00386492088843919,NA,0.664331991422893,NA,NA,-0.233103710434212,NA,-0.0989981485473783,-0.0199681876449221,7,-169.823089373989,353.646178747978,37.5371756111994,3.15834945771025e-10
2.61674486709036e-16,NA,-0.016865134811227,NA,0.654073894187659,NA,0.0161041787772678,-0.218722102202975,NA,-0.0937778249781998,NA,7,-169.839688350914,353.679376701828,37.57037356505,3.10635679422263e-10
1.83218308817468e-16,NA,-0.0345325289903581,NA,0.519222221517553,-0.31492646966462,0.433169663963175,NA,-0.295404293380681,NA,NA,7,-169.84523937325,353.6904787465,37.581475609722,3.08916110924536e-10
2.68796985366914e-16,NA,-0.00729206274129765,NA,0.66206147062275,-0.0116061260696546,NA,-0.230361904733022,NA,-0.0976913382502718,NA,7,-169.845354756724,353.690709513448,37.5817063766693,3.08880469166873e-10
5.58043770715156e-16,NA,0.0282057458151149,0.793833876749714,0.534921355263305,1.53444753167068,0.293614840876544,-0.00226038304508916,-0.26841040215321,0.001275455425235,-2.53524988893815,11,-165.884695411547,353.769390823094,37.6603876863159,2.96964830528122e-10
5.12513173183296e-16,NA,NA,0.512786200544784,0.590090094873279,1.54027341680502,0.290797596982191,-0.0771170811373728,NA,NA,-2.24874253483073,8,-168.886473779348,353.772947558697,37.6639444219185,2.96437187146451e-10
1.85156082772175e-16,NA,NA,NA,0.531240323259893,-0.340887652800139,0.44392598083093,NA,-0.274847699157056,-0.0232588393003087,NA,7,-169.937678995362,353.875357990724,37.7663548539458,2.81640133101665e-10
6.31736878770086e-16,NA,NA,1.06884868092758,0.661896737803162,1.44449574211629,NA,NA,NA,-0.0696625383263532,-2.41120376310948,7,-169.946285389227,353.892570778455,37.7835676416766,2.79226627873524e-10
5.30622924943507e-16,NA,NA,1.07464476490762,0.660503602988774,NA,NA,NA,NA,-0.0826303355343899,-0.973060070698172,6,-170.968836628666,353.937673257331,37.8286701205529,2.73000192125819e-10
4.24031593056994e-16,NA,0.00458444514550327,0.686581767070086,0.537764012671904,NA,0.29616143812987,-0.0213936271251209,-0.263122445737902,-0.013245422121835,-0.895495489585894,10,-167.042278329487,354.084556658974,37.975553522196,2.53669134583189e-10
3.79908654785675e-16,NA,0.00914744091989996,NA,0.592295405550505,1.59197904816178,0.231593995132291,-0.182713010275401,NA,NA,-1.79348080024526,8,-169.04966400852,354.099328017041,37.9903248802625,2.51802517377351e-10
3.84492220575421e-16,NA,NA,0.364759061446323,0.639746970551944,NA,0.309972671060833,-0.101915184748674,NA,-0.100647437052089,-0.604572568996242,8,-169.070821891895,354.141643783789,38.0326406470112,2.46530874143125e-10
6.08572051070169e-16,NA,0.0437180721183475,0.831843146301592,0.631297727377155,1.49803332989029,0.368984663515618,NA,NA,-0.0862052841492721,-2.58958910244802,9,-168.071119570955,354.142239141911,38.0332360051324,2.46457497985917e-10
1.58610925484627e-16,NA,NA,NA,0.570363107677582,NA,NA,NA,-0.351312231510868,NA,NA,4,-173.074277214397,354.148554428794,38.0395512920157,2.45680500469905e-10
4.15257278781095e-16,NA,NA,0.566944245518994,0.578718812767366,NA,0.309023546270351,-0.0646526438634011,NA,NA,-0.771483075372586,7,-170.080326618537,354.160653237074,38.0516501002961,2.44198766156749e-10
4.75590739926359e-16,NA,NA,0.341261542561154,0.642374065918945,1.38225887076764,0.293498647984271,-0.108474171653833,NA,-0.0881504470536889,-1.95100660871417,9,-168.114138303693,354.228276607387,38.1192734706084,2.36080022021509e-10
4.8648855897125e-16,NA,0.0136055140302048,0.844698606031279,0.574071897115827,NA,0.356435642967678,NA,NA,NA,-1.06533231892258,7,-170.114440601524,354.228881203049,38.1198780662707,2.36008666328752e-10
4.96895661921989e-16,NA,0.022743907613008,0.805392082669577,0.63070817834513,NA,0.383779084987338,NA,NA,-0.0980561536304517,-1.0698982270597,8,-169.148754147692,354.297508295384,38.188505158606,2.28047737015895e-10
2.89135099712852e-16,NA,-0.00215869563092022,NA,0.644984611846946,NA,0.268805672733758,-0.176355199951414,NA,-0.105055958888672,-0.241156530234217,8,-169.15511516873,354.310230337461,38.2012272006825,2.26601724496818e-10
3.89534389285805e-16,NA,0.0171224919835647,NA,0.645784089326491,1.44001882027091,0.255834423206529,-0.179112674456997,NA,-0.0939604022146097,-1.67901925397585,9,-168.158118218901,354.316236437802,38.2072333010233,2.25922248909736e-10
1.6028429083817e-16,NA,NA,0.0878617616466141,0.545022891210644,NA,NA,NA,-0.315260887594137,NA,NA,5,-172.160082435752,354.320164871505,38.2111617347267,2.25478924156765e-10
1.73989521492956e-16,NA,NA,-0.499918665206859,0.653763618220204,0.301806998247764,0.161084146423377,-0.287339104893499,NA,-0.107046014559275,NA,8,-169.196839649151,354.393679298303,38.2846761615244,2.17341419413454e-10
6.53062204355994e-16,NA,0.0440841750354065,1.13301863155572,0.61377886655496,1.70644891852171,NA,NA,NA,NA,-2.74646454364692,7,-170.23770537412,354.47541074824,38.3664076114621,2.08638638576152e-10
2.66241495064249e-16,NA,-0.0134916731491887,NA,0.584329402698172,NA,0.242910512722466,-0.180102032694708,NA,NA,-0.198958264908332,7,-170.267902337763,354.535804675526,38.4268015387477,2.02432559150693e-10
2.31089486600746e-16,NA,-0.0105061321737324,-0.210746318671534,0.649518043893403,NA,0.215116365135896,-0.224051714269188,NA,-0.10566199023431,NA,8,-169.28269090251,354.56538180502,38.4563786682414,1.99460899591427e-10
2.20913737711292e-16,NA,-0.0231048401746974,NA,0.532094412101977,NA,0.492616921761686,NA,-0.275683462438619,-0.0197149705092993,-0.381149914737861,8,-169.286389494714,354.572778989429,38.4637758526506,1.98724537653761e-10
3.19518830610953e-16,NA,-0.00427166621199653,NA,0.531407967155947,1.42774779383946,0.483451055472104,NA,-0.279204285456309,-0.00763697291744725,-1.80909450462312,9,-168.307858481144,354.615716962289,38.5067138255102,1.94503595055518e-10
1.62560377026802e-16,NA,NA,-0.44574055863508,0.590307172171299,0.29318320492598,0.132324480936002,-0.282240614067026,NA,NA,NA,7,-170.35530201735,354.7106040347,38.601600897922,1.85491138544669e-10
1.52993209721695e-16,NA,-0.0552510344041987,NA,0.538436093818843,NA,0.134598018441876,NA,-0.305733120245832,NA,NA,6,-171.363777042837,354.727554085674,38.6185509488958,1.83925739187325e-10
1.55346102785468e-16,NA,-0.0283477456800336,-0.402497912942518,0.563525079904346,0.251442394286855,0.121494469244127,-0.252230812863769,-0.247047428046833,-0.0242142812101517,NA,10,-167.377968464367,354.755936928735,38.6469337919566,1.81334005184116e-10
1.49970419291781e-16,NA,-0.0176676173574107,-0.633604354346638,0.668174347539174,0.562042903113092,NA,-0.344705298525006,NA,-0.101396736189197,NA,8,-169.395525777922,354.791051555844,38.6820484190661,1.78178053286016e-10
2.19938260560937e-16,NA,-0.0206948793391434,-0.163076517495563,0.588368472258734,NA,0.188404735270417,-0.219183395632454,NA,NA,NA,7,-170.398878188454,354.797756376909,38.6887532401303,1.77581727426623e-10
1.40618865426915e-16,NA,-0.0275963033930478,-0.580203084786352,0.607124023794468,0.534506140110683,NA,-0.333151497854194,NA,NA,NA,7,-170.429126024181,354.858252048361,38.7492489115832,1.72290689141193e-10
2.69415639021016e-16,NA,-0.00850388080477611,NA,0.647351897004949,-0.176018566268257,0.20185869549531,-0.187508023477589,NA,-0.103353584434264,NA,8,-169.462077772858,354.924155545717,38.8151524089383,1.66705928789736e-10
1.22446020443292e-16,NA,NA,-0.129035883375044,0.525002747382618,NA,0.237783749050021,NA,-0.303146246769276,NA,NA,6,-171.497127028625,354.99425405725,38.8852509204715,1.60964219150343e-10
2.64029250730418e-16,NA,NA,NA,0.63060477389066,NA,0.576338027807045,NA,NA,-0.110736527725944,-0.446288286677957,6,-171.501937681076,355.003875362152,38.8948722253734,1.60191735799194e-10
2.49685847194201e-16,NA,-0.0192712135246893,NA,0.588230619617122,-0.12973290962892,0.170936760949017,-0.192129317969208,NA,NA,NA,7,-170.529102368954,355.058204737909,38.9492016011307,1.55898750090741e-10
4.14271838814811e-16,NA,0.0144227843276137,0.173591604858428,0.612073980676502,1.63654685430801,NA,-0.200723713749782,NA,NA,-1.80831671499814,8,-169.529120012092,355.058240024184,38.9492368874058,1.55895999571906e-10
3.49633633090622e-16,NA,NA,NA,0.575291477460192,1.53908285552941,0.547968101357025,NA,NA,NA,-1.94496885095603,6,-171.563541286907,355.127082573813,39.0180794370352,1.50621164602551e-10
3.59105299908893e-16,NA,NA,NA,0.632721778965007,1.35485656302099,0.565779487337077,NA,NA,-0.0982461030683581,-1.79089041414497,7,-170.610657236974,355.221314473947,39.1123113371689,1.43689093231763e-10
5.25861716327013e-16,NA,0.0191369648216831,1.11834730686804,0.606500823938571,NA,NA,NA,NA,NA,-1.01278688736252,6,-171.615408466297,355.230816932594,39.1218137958155,1.43008012664784e-10
2.54400104317044e-16,NA,NA,NA,0.566514271958457,1.52704948708352,NA,NA,-0.325495471915173,NA,-1.47647768087396,6,-171.628435881036,355.256871762072,39.1478686252933,1.41157070644904e-10
3.1294602892879e-16,NA,-0.0182155625305463,0.536554021288027,0.533986905133359,-0.727639644296491,0.302819531503784,NA,-0.274513102784433,-0.0140669568582986,NA,9,-168.659313916135,355.318627832269,39.209624695491,1.36865023668365e-10
1.44576304000218e-16,NA,NA,NA,0.554080464178357,0.0569587652887173,NA,NA,-0.329427309770027,NA,NA,5,-172.685291578847,355.370583157694,39.2615800209156,1.33355373864299e-10
6.54366215019657e-16,NA,0.0495219820480953,1.11831466474515,0.657494969216461,1.58922727422097,NA,NA,NA,-0.0733315562515942,-2.62777253949252,8,-169.701514905975,355.403029811949,39.2940266751708,1.31209360814102e-10
1.41516722022395e-16,NA,NA,NA,0.527476706644429,NA,0.111224998132202,NA,-0.308539443556462,0.00563381635582656,NA,6,-171.705238442556,355.410476885112,39.3014737483335,1.30721706422214e-10
2.38337758817209e-16,NA,NA,NA,0.564404260105319,NA,0.557555739119379,NA,NA,NA,-0.413309113451794,5,-172.71785568433,355.43571136866,39.3267082318822,1.29082720530869e-10
3.41132394715353e-16,NA,-0.0159057287602287,0.758648777614327,0.543088126562064,-0.672790898586885,NA,NA,-0.30726034577902,0.00669920038720788,NA,8,-169.721029244359,355.442058488718,39.3330553519402,1.28673718108697e-10
1.42294809675584e-16,NA,NA,NA,0.555407751075966,NA,NA,NA,-0.331924799181948,NA,0.0510331382513684,5,-172.763616348782,355.527232697563,39.4182295607851,1.23308923378156e-10
3.78928596635078e-16,NA,0.0163467627544504,0.00771901915584036,0.664130210077711,1.48545221647858,NA,-0.231744588199193,NA,-0.0877636754743156,-1.52127917784527,9,-168.770129998229,355.540259996457,39.431256859679,1.22508342459877e-10
5.62287345021173e-16,NA,0.031929250747898,0.684757682433257,0.584818745664008,1.63164510445326,0.311439847394658,-0.0436509964147031,NA,NA,-2.52780616174664,9,-168.797691981147,355.595383962295,39.4863808255165,1.19177877559161e-10
2.74261197792849e-16,NA,-0.0117120420181206,0.0855476548667674,0.604985540730391,NA,NA,-0.216209586946039,NA,NA,-0.0787572304431512,7,-170.804374350807,355.608748701613,39.4997455648352,1.1838414189727e-10
2.48692680594823e-16,NA,-0.00676539181109573,-0.0943750762840086,0.665107344225191,NA,NA,-0.249961244214308,NA,-0.100103267404248,0.0665044609121093,8,-169.817337855424,355.634675710849,39.5256725740704,1.1685937305447e-10
1.87826585584533e-16,NA,-0.0324365556983713,NA,0.531728184561532,-0.32310680082823,0.440285528324078,NA,-0.28106740067537,-0.0174532748992642,NA,8,-169.822936327068,355.645872654136,39.5368695173576,1.16206967110251e-10
3.57937424193291e-16,NA,NA,0.563404946748309,0.63247656126072,-0.808829189484238,0.377933959068895,NA,NA,-0.104301940784548,NA,7,-170.865031727867,355.730063455735,39.6210603189566,1.11416719302867e-10
5.37554212359313e-16,NA,0.0274640333973221,1.10239981086888,0.657985046727802,NA,NA,NA,NA,-0.0853856846733428,-1.01325272326413,7,-170.89146964028,355.78293928056,39.6739361437822,1.08509691039433e-10
1.72021398142028e-16,NA,-0.0466853450317038,0.10685864654415,0.552062274192355,NA,NA,NA,-0.317314607842171,NA,NA,6,-171.915937894808,355.831875789616,39.722872652838,1.0588686711676e-10
3.43614478185609e-16,NA,NA,0.597826123666131,0.57098685324942,-0.798025260432833,0.346147968875121,NA,NA,NA,NA,6,-171.942781547404,355.885563094809,39.7765599580307,1.03082287826121e-10
5.28456297519696e-16,NA,0.034110209647247,0.523546612097089,0.637179486168082,1.47855157517846,0.315573454991281,-0.0729841425112676,NA,-0.0888869466967801,-2.24664435870042,10,-168.011857217735,356.02371443547,39.9147112986922,9.6202169546199e-11
3.99795171973152e-16,NA,0.0112208586601879,0.425261843725701,0.637977963592779,NA,0.317611901037814,-0.0900901139918753,NA,-0.101176100764417,-0.670969880201845,9,-169.059394644128,356.118789288255,40.0097861514768,9.17359630069445e-11
1.60394017833062e-16,NA,-0.00731798340993441,NA,0.572325362312613,NA,NA,NA,-0.352855995877786,NA,NA,5,-173.067312716529,356.134625433058,40.02562229628,9.10124591679701e-11
1.5724117928849e-16,NA,NA,NA,0.565965924440671,NA,NA,NA,-0.355979673205781,0.0058137558250497,NA,5,-173.071762619698,356.143525239396,40.0345221026176,9.06083623002999e-11
4.23478820282683e-16,NA,0.00596543462242543,0.599674424026557,0.577607920509713,NA,0.313082200629049,-0.0582619315939028,NA,NA,-0.807248504880288,8,-170.077130447466,356.154260894932,40.0452577581535,9.01232952600073e-11
2.25923305742069e-16,NA,NA,NA,0.631343979178286,-0.392999889330185,0.525142735886117,NA,NA,-0.11182546687213,NA,6,-172.135917026936,356.271834053872,40.1628309170934,8.49779746095732e-11
1.57422359580511e-16,NA,NA,0.0884175185339348,0.535641204497856,NA,NA,NA,-0.324821014039224,0.0121921170702684,NA,6,-172.148930152142,356.297860304284,40.1888571675055,8.38793096228199e-11
1.70443654813942e-16,NA,-0.0168838649105038,-0.527053602482384,0.655480560043377,0.335183050681325,0.16008927614572,-0.291490237311953,NA,-0.105264205249789,NA,9,-169.166084446978,356.332168893957,40.2231657571784,8.24526905212913e-11
1.33772757889474e-16,NA,-0.0525810920781237,-0.118488830728069,0.531929735056255,NA,0.249677329923989,NA,-0.304853369083057,NA,NA,7,-171.186334061503,356.372668123005,40.2636649862272,8.07998465268533e-11
1.57141803577816e-16,NA,-0.0272636088559966,-0.491013538898161,0.594785246391736,0.347309745692186,0.131491002917916,-0.289080789424384,NA,NA,NA,8,-170.275426926076,356.550853852152,40.4418507153734,7.3912517767463e-11
3.85087774444829e-16,NA,NA,0.858796976432809,0.60368823260536,-0.739940717431595,NA,NA,NA,NA,NA,5,-173.328712222476,356.657424444953,40.5484213081745,7.00771589095076e-11
1.50121269183886e-16,NA,-0.056421245937896,NA,0.528666780769736,NA,0.135078515199668,NA,-0.31630136330757,0.0131107915906744,NA,7,-171.350860809015,356.701721618029,40.5927184812508,6.85421112116628e-11
2.01813800573141e-16,NA,NA,NA,0.565052558181344,-0.354007234859819,0.500598230916791,NA,NA,NA,NA,5,-173.359119491449,356.718238982899,40.6092358461207,6.79783747461398e-11
2.64467177012196e-16,NA,-0.00809032640348709,NA,0.63130655400545,NA,0.575056506765783,NA,NA,-0.109786209967969,-0.441282730218471,7,-171.494990685487,356.989981370974,40.8809782341956,5.93420666854934e-11
1.23110004791481e-16,NA,NA,-0.130808483492923,0.527941772574553,NA,0.239526642738978,NA,-0.299912990557118,-0.00401015746218219,NA,7,-171.495946138931,356.991892277862,40.8828891410837,5.92853951813049e-11
4.00870345652419e-16,NA,NA,0.84969476469151,0.659826321209255,-0.744702257371917,NA,NA,NA,-0.0907904378757971,NA,6,-172.518938438694,357.037876877388,40.9288737406102,5.79378386797195e-11
1.49566917946289e-16,NA,-0.0368094394517259,NA,0.559335026457382,0.0731046321006565,NA,NA,-0.330988812218491,NA,NA,6,-172.539414453216,357.078828906431,40.9698257696531,5.67635658944215e-11
3.498900313926e-16,NA,0.00179669413235937,NA,0.575048844008065,1.5446505385644,0.548182221068761,NA,NA,NA,-1.95155845818666,7,-171.563209719937,357.126419439873,41.017416303095,5.54288051770746e-11
2.50956171240376e-16,NA,NA,NA,0.547102776596464,1.56738112157555,NA,NA,-0.345435053898771,0.0256005677615062,-1.51565423184416,7,-171.579719152004,357.159438304007,41.0504351672288,5.4521219559308e-11
3.60675290577208e-16,NA,0.0103680034573074,NA,0.631869880432705,1.38522677154262,0.56718511793237,NA,NA,-0.0991839816639224,-1.82744553656426,8,-170.599567879518,357.199135759035,41.090132622257,5.34497119383702e-11
2.52575076773014e-16,NA,-0.0138641816941714,NA,0.568073954925139,1.48353963639618,NA,NA,-0.326216242076202,NA,-1.42667107673052,7,-171.608688537538,357.217377075077,41.1083739382987,5.29644317956358e-11
1.45760194807545e-16,NA,-0.0350906241832352,NA,0.56015630876224,NA,NA,NA,-0.333285431182678,NA,0.0669371245793244,6,-172.632974855026,357.265949710053,41.1569465732746,5.16936149824784e-11
-5.69186388973312e-16,0.616832656247503,NA,NA,NA,NA,NA,NA,NA,0.392873856951023,NA,4,-174.639692702753,357.279385405505,41.1703822687268,5.13475089939084e-11
2.39971640532032e-16,NA,-0.0200767465923374,NA,0.567555609157449,NA,0.554775543607695,NA,NA,NA,-0.401589788983522,6,-172.675175216156,357.350350432312,41.2413472955337,4.95575148607919e-11
1.41944486766376e-16,NA,NA,NA,0.545908713323644,0.057507050469927,NA,NA,-0.33772427614652,0.0105970873600542,NA,6,-172.676931264694,357.353862529388,41.2448593926096,4.94705658249854e-11
1.39900801990312e-16,NA,NA,NA,0.548042411164061,NA,NA,NA,-0.339441355039698,0.00956906685695957,0.0514694436284224,6,-172.75679960431,357.513599208619,41.404596071841,4.56731009202163e-11
3.5775485762715e-16,NA,-0.00346961408693587,0.56098554622918,0.632766193710065,-0.805267708893943,0.37837329845707,NA,NA,-0.103927634487913,NA,8,-170.863745942721,357.727491885442,41.6184887486634,4.10406559896096e-11
1.67842324361363e-16,NA,-0.0488914523669738,0.108675577144954,0.53687736550391,NA,NA,NA,-0.333224353390659,0.0201660782147522,NA,7,-171.88587486303,357.771749726059,41.662746589281,4.01424454518597e-11
3.43091716567199e-16,NA,-0.0138281243537754,0.587691304222029,0.573020647943693,-0.783985527663506,0.348353577390867,NA,NA,NA,NA,7,-171.922414976975,357.844829953949,41.7358268171711,3.87021111657039e-11
1.58905546671449e-16,NA,-0.00784060379174484,NA,0.567278389512686,NA,NA,NA,-0.358472162840554,0.00685815974528614,NA,6,-173.063848700977,358.127697401953,42.018694265175,3.35977945570288e-11
-5.69550611691661e-16,0.605372320091862,0.0647634193583442,NA,NA,NA,NA,NA,NA,0.378100899327964,NA,5,-174.075956259381,358.151912518761,42.0429093819829,3.31934599887582e-11
2.27915624526152e-16,NA,-0.0179858226515435,NA,0.632870590891013,-0.383794444664647,0.524143237075244,NA,NA,-0.109717655917545,NA,7,-172.101288363833,358.202576727667,42.0935735908886,3.23631608068211e-11
1.3318797257827e-16,NA,-0.0529855404793565,-0.116613946652945,0.529008912423481,NA,0.248005117908707,NA,-0.308138347263364,0.00405802122714208,NA,8,-171.185138441806,358.370276883613,42.2612737468347,2.97601629613408e-11
1.64328797406138e-16,NA,NA,NA,0.585760869989374,NA,0.156755827866481,NA,NA,NA,NA,4,-175.25300967269,358.506019345379,42.3970162086009,2.7807324436074e-11
2.05851689682028e-16,NA,-0.0296819917607447,NA,0.569634030589556,-0.340028427393521,0.499712256738438,NA,NA,NA,NA,6,-173.265056637007,358.530113274014,42.4211101372354,2.74743403417232e-11
3.84942774861753e-16,NA,-0.00775658601874455,0.854044821146173,0.604945925525498,-0.73185783082327,NA,NA,NA,NA,NA,6,-173.322399231371,358.644798462742,42.5357953259638,2.59432094265476e-11
1.80523265684218e-16,NA,NA,NA,0.641339256816897,NA,0.145952961489806,NA,NA,-0.0906353267069717,NA,5,-174.455747106389,358.911494212779,42.8024910760007,2.2704474536738e-11
1.45566507191011e-16,NA,-0.0388400602590312,NA,0.54634884994097,0.0748860901616458,NA,NA,-0.344554430683809,0.0172163160323428,NA,7,-172.517749626412,359.035499252824,42.9264961160455,2.13394932945949e-11
4.00938037618849e-16,NA,0.00177045420112045,0.850759500228436,0.659662305894959,-0.74655762759319,NA,NA,NA,-0.0909894514602943,NA,7,-172.518610052444,359.037220104888,42.9282169681102,2.13211401359477e-11
2.48461365785027e-16,NA,-0.0166256685959181,NA,0.5472468695772,1.51879158075968,NA,NA,-0.348072600205724,0.0278772071501869,-1.45941102078663,8,-171.551688093693,359.103376187385,42.9943730506068,2.06274153638693e-11
1.42006676175765e-16,NA,-0.0369334954914939,NA,0.548297800455215,NA,NA,NA,-0.345713362828208,0.0157305998286074,0.0684896048360525,7,-172.614881863754,359.229763727508,43.1207605907297,1.93642244644596e-11
1.73983066714973e-16,NA,-0.0519308037738316,NA,0.592345835005309,NA,0.178960444653592,NA,NA,NA,NA,5,-174.9626470667,359.9252941334,43.8162909966218,1.36762679035767e-11
1.90320115273697e-16,NA,NA,0.130594311823151,0.605739844174443,NA,NA,NA,NA,NA,NA,4,-175.976688072543,359.953376145086,43.844373008308,1.3485581195433e-11
1.42866165467049e-16,NA,NA,-0.135369210798649,0.578535767926561,NA,0.289383534727372,NA,NA,NA,NA,5,-175.031507910614,360.063015821229,43.9540126844506,1.27662020894165e-11
1.54002897051461e-16,NA,NA,-0.177926637071008,0.637641647028226,NA,0.319149072968254,NA,NA,-0.100092010973767,NA,6,-174.077534088765,360.15506817753,44.0460650407514,1.21919395265952e-11
2.0453482772697e-16,NA,NA,0.117104576795623,0.660675593711333,NA,NA,NA,NA,-0.0888250418801305,NA,5,-175.227488592982,360.454977185963,44.3459740491851,1.04941770285745e-11
1.88161653323615e-16,NA,-0.0449587748385527,NA,0.644570058898945,NA,0.165656588099013,NA,NA,-0.0866071870528169,NA,6,-174.237581167705,360.475162335409,44.366159198631,1.03887964380046e-11
2.79962774581006e-16,NA,NA,NA,0.631349298882666,1.63855569351782,NA,NA,NA,NA,-1.54733247916302,5,-175.745575090195,361.49115018039,45.382147043612,6.25095365815233e-12
1.53552981701224e-16,NA,-0.0491118430798589,-0.125551354387314,0.585287292612384,NA,0.300763793229503,NA,NA,NA,NA,6,-174.772299751655,361.544599503309,45.4355963665308,6.08611152379819e-12
2.00998467465983e-16,NA,-0.0417776011248146,0.147843281771405,0.612393171778115,NA,NA,NA,NA,NA,NA,5,-175.790396394139,361.580792788278,45.4717896515,5.97696392070521e-12
2.10465006155727e-16,NA,NA,NA,0.718525075483248,NA,NA,NA,NA,-0.110790594985316,NA,4,-176.827106803584,361.654213607168,45.5452104703896,5.76152573409673e-12
1.65125665973993e-16,NA,NA,NA,0.619132483979134,0.0984354742005653,NA,NA,NA,NA,NA,4,-176.847314466791,361.694628933582,45.5856257968038,5.64626723706855e-12
1.62339909564384e-16,NA,-0.0404331166081321,-0.16808094103972,0.640751838662068,NA,0.32728535615143,NA,NA,-0.0959460612317714,NA,7,-173.901437182731,361.802874365462,45.6938712286835,5.34879843918442e-12
1.60040300379166e-16,NA,NA,NA,0.620790706533956,NA,NA,NA,NA,NA,0.0925817898881311,4,-176.986759370792,361.973518741584,45.8645156048054,4.91135443847586e-12
1.84087650735736e-16,NA,NA,NA,0.6777275652017,0.0841492001949905,NA,NA,NA,-0.0950411840966862,NA,5,-175.998197897578,361.996395795156,45.8873926583781,4.85549585815065e-12
1.93092301171884e-16,NA,NA,NA,0.656550663593271,NA,NA,NA,NA,NA,NA,3,-177.999466301507,361.998932603014,45.8899294662356,4.8493410323558e-12
2.86078096945211e-16,NA,NA,NA,0.681626098051324,1.48497974388115,NA,NA,NA,-0.0833636648214793,-1.40562697529332,6,-175.093237645206,362.186475290412,46.0774721536335,4.41528101639089e-12
1.80187241336956e-16,NA,NA,NA,0.680303703289508,NA,NA,NA,NA,-0.0967733204558001,0.0786540789529438,5,-176.105546277875,362.211092555749,46.1020894189709,4.36126803910257e-12
2.12509933693542e-16,NA,-0.0335012751134359,0.131494288140411,0.66373912217902,NA,NA,NA,NA,-0.0851518797998817,NA,6,-175.107887095214,362.215774190428,46.1067710536494,4.35107104656003e-12
2.79033663405266e-16,NA,-0.00728410147426592,NA,0.63224417046796,1.61582578370911,NA,NA,NA,NA,-1.52124702414367,6,-175.740397712936,363.480795425873,47.3717922890946,2.31153409539718e-12
1.69503479445026e-16,NA,-0.0316714344923197,NA,0.623918903231008,0.112496797326257,NA,NA,NA,NA,NA,5,-176.744856854039,363.489713708077,47.3807105712988,2.30124958578469e-12
2.05683090155948e-16,NA,0.0184057836799819,NA,0.712936509971825,NA,NA,NA,NA,-0.111325745299551,NA,5,-176.784532373391,363.569064746781,47.4600616100029,2.21173384728581e-12
1.63094635719996e-16,NA,-0.0302924430139327,NA,0.625121332332273,NA,NA,NA,NA,NA,0.106458143697131,5,-176.894472524437,363.788945048874,47.6799419120954,1.98146526366362e-12
1.86609485906128e-16,NA,-0.0218911691831446,NA,0.679478206954142,0.094248121955444,NA,NA,NA,-0.092514576004241,NA,6,-175.949336653809,363.898673307617,47.789670170839,1.87568227605998e-12
1.88881435324573e-16,NA,0.0159282728129614,NA,0.651455287458808,NA,NA,NA,NA,NA,NA,4,-177.968036481933,363.936072963866,47.8270698270879,1.84093325285333e-12
1.8175384657526e-16,NA,-0.0202999431275191,NA,0.681787299934731,NA,NA,NA,NA,-0.0944667233117865,0.0882850389305824,6,-176.064151660652,364.128303321304,48.0193001845262,1.6722289999148e-12
2.86031618042422e-16,NA,-0.000347045234288498,NA,0.68165054652126,1.48395234946358,NA,NA,NA,-0.0833335091026088,-1.40443541460806,7,-175.093225880749,364.186451761497,48.0774486247188,1.62431022194069e-12
-3.10396882122687e-16,0.397682350222527,NA,NA,NA,NA,0.667428676111121,NA,-0.250153061786443,NA,-0.430856334436107,6,-179.179945218103,370.359890436206,54.250887299428,7.41521592722399e-14
-3.4543392450917e-16,0.400771832415208,NA,NA,NA,-0.416816972574911,0.6530104411693,NA,-0.248784600679755,NA,NA,6,-179.268282761214,370.536565522429,54.4275623856506,6.7882729170912e-14
-2.32338852992523e-16,0.392225843818803,NA,0.249758942185153,NA,NA,0.613477305906275,NA,-0.251168574968554,NA,-0.624786128087153,7,-178.969386322428,371.938772644856,55.8297695080781,3.3672385637305e-14
-3.11354204282925e-16,0.397091454750318,0.0437715846865202,NA,NA,NA,0.670068299594924,NA,-0.245251128669535,NA,-0.454715124694747,7,-178.989052452999,371.978104905998,55.8691017692194,3.30166491386097e-14
-3.04401351363678e-16,0.395711877400146,NA,NA,NA,NA,0.61470194812961,-0.032880918660084,-0.249090115185927,NA,-0.395430211216205,7,-179.106555802416,372.213111604832,56.1041084680535,2.9356341984459e-14
-2.97800903838033e-16,0.397655497892891,NA,0.190813832052422,NA,-0.560440823995319,0.607113486749647,NA,-0.24908065106061,NA,NA,7,-179.136328666495,372.272657332989,56.1636541962108,2.84952025092286e-14
-3.48392687413187e-16,0.400556893183953,0.0358228735788401,NA,NA,-0.431967014106521,0.650922707284492,NA,-0.244829298668536,NA,NA,7,-179.138614807591,372.277229615183,56.1682264784046,2.84301328632439e-14
-3.08769757784082e-16,0.397553254493141,NA,NA,NA,0.0213647223935279,0.667470800295819,NA,-0.250243079817858,NA,-0.452217212676866,7,-179.179741182158,372.359482364315,56.2504792275371,2.7284621390349e-14
-3.3584009297312e-16,0.398366942167084,NA,NA,NA,-0.379584529682554,0.597081041669727,-0.0356076472405723,-0.247759113435264,NA,NA,7,-179.181732110873,372.363464221746,56.2544610849682,2.72303536936144e-14
-3.54679117499645e-16,0.453413244429715,NA,NA,NA,NA,0.725644024998424,NA,NA,NA,-0.446987817881395,5,-181.192689166284,372.385378332568,56.2763751957899,2.69336178436746e-14
-3.90377093336351e-16,0.456201653428235,NA,NA,NA,-0.434737699371202,0.712655772138511,NA,NA,NA,NA,5,-181.25612621835,372.512252436699,56.4032492999212,2.52780944391723e-14
-4.07514943307329e-16,0.400197242343499,NA,-0.344637404541791,NA,NA,0.521114718391302,-0.112241938186584,-0.246286111411629,NA,NA,7,-179.47227190098,372.94454380196,56.8355406651817,2.03644860857231e-14
-4.53457413148192e-16,0.412013689158803,NA,-0.323833655024954,NA,NA,0.564555048157787,NA,-0.253765163629351,NA,NA,6,-180.51409123631,373.028182472619,56.9191793358411,1.95304184423828e-14
-2.11234190186569e-16,0.389888700704389,0.0573488556875431,0.321299860573344,NA,NA,0.601481876564649,NA,-0.245037021204675,NA,-0.711594771854741,8,-178.657903903185,373.31580780637,57.2068046695916,1.69143183590656e-14
-4.10904482568389e-16,0.415109011557916,NA,NA,NA,NA,0.252383344535207,NA,-0.26198967159706,NA,NA,5,-181.715166980665,373.430333961331,57.3213308245526,1.59729621299267e-14
-1.16364037022799e-16,0.3891116862937,NA,0.682578473258542,NA,NA,0.6896759032057,0.105822622667956,-0.256349352086302,NA,-1.07487059351193,8,-178.840620374205,373.681240748411,57.5722376116324,1.40896999774143e-14
-3.66101512561659e-16,0.40441583331158,NA,NA,NA,NA,0.193940776917614,-0.103310785138692,-0.255592049384293,NA,NA,6,-180.842693744068,373.685387488137,57.5763843513587,1.40605170820222e-14
-3.04708212206514e-16,0.394864113873821,0.0458544539838437,NA,NA,NA,0.611346182345425,-0.0366980332058596,-0.243831527297385,NA,-0.416311736238814,8,-178.89783461769,373.79566923538,57.6866660986013,1.33061959666293e-14
-3.54787024111815e-16,0.451385932187497,0.0527270051083004,NA,NA,NA,0.727449532414177,NA,NA,NA,-0.475347200391491,6,-180.921459286756,373.842918573511,57.733915436733,1.29955256810054e-14
-2.92884324460816e-16,0.396852134444825,0.0422409018106571,0.224485287905748,NA,-0.603649349210417,0.596552630226886,NA,-0.244468958641804,NA,NA,8,-178.959795729722,373.919591459443,57.810588322665,1.25067522300497e-14
-2.30916258441582e-16,0.392112899547786,NA,0.249733208452015,NA,0.0187847762962031,0.613519902129011,NA,-0.251247618033269,NA,-0.643547543023144,8,-178.969228167453,373.938456334907,57.8294531981286,1.23893376916117e-14
-2.97852874454357e-16,0.395979176112007,0.046468428680388,NA,NA,0.178051730414625,0.67058199069689,NA,-0.245699314396536,NA,-0.634204800129949,8,-178.975571190483,373.951142380967,57.8421392441887,1.23110005471135e-14
-2.79878105951886e-16,0.448389647887784,NA,0.239890066095271,NA,NA,0.674051458813493,NA,NA,NA,-0.633317645564596,6,-181.003353949416,374.006707898832,57.8977047620535,1.19736746070316e-14
-3.37900254301644e-16,0.397848156037757,0.0387660298343492,NA,NA,-0.391548525651373,0.588166047776993,-0.0398450439909243,-0.243356813966169,NA,NA,8,-179.030921792092,374.061843584184,57.9528404474058,1.16480946175967e-14
-3.93164803197434e-16,0.454840003767335,0.0444979361092948,NA,NA,-0.453202648938796,0.70888455136826,NA,NA,NA,NA,6,-181.060205848212,374.120411696423,58.0114085596451,1.13119372097975e-14
-3.47768608022023e-16,0.450946522356442,NA,NA,NA,NA,0.666443491921462,-0.0367456562458942,NA,NA,-0.407321198024294,6,-181.103300108008,374.206600216016,58.0975970792378,1.08348121616654e-14
-3.02639255398711e-16,0.395571704049012,NA,NA,NA,0.0231175145052038,0.61473451227775,-0.0328890355465781,-0.249187256028389,NA,-0.418534821000721,8,-179.106316695331,374.212633390662,58.1036302538833,1.08021772524285e-14
-3.43663128286642e-16,0.453206772499331,NA,0.187342519252127,NA,-0.575769662409042,0.667663467672062,NA,NA,NA,NA,6,-181.132113641149,374.264227282298,58.15522414552,1.05270776913541e-14
-2.93027008978253e-16,0.397706070146919,NA,0.217785248614515,NA,-0.588344608227573,0.612046429559165,0.00727086854997738,-0.249331895958463,NA,NA,8,-179.135354448146,374.270708896291,58.161705759513,1.04930166867014e-14
-3.79664104935729e-16,0.453316795445223,NA,NA,NA,-0.393868639020564,0.651115784807669,-0.039008173391917,NA,NA,NA,6,-181.154802762959,374.309605525917,58.2006023891391,1.02909168158922e-14
-3.5885590657928e-16,0.453695918042928,NA,NA,NA,-0.0553851365540603,0.725480516610048,NA,NA,NA,-0.391597598244158,6,-181.191350944717,374.382701889434,58.273698752656,9.92159269035708e-15
1.79438720265518e-18,0.383462194430754,0.0802263183206006,1.11344433344111,NA,NA,0.73113071473592,0.186698464291599,-0.251731267254807,NA,-1.54028961532439,9,-178.304715248952,374.609430497904,58.5004273611261,8.85824937513823e-15
-4.10658049022096e-16,0.399859705087737,0.0318788791437446,-0.350168152080338,NA,NA,0.508585028657197,-0.117624651366088,-0.242719602523112,NA,NA,8,-179.369927421841,374.739854843682,58.6308517069038,8.29901625885788e-15
-4.5439750561518e-16,0.454773922418711,NA,-0.363151040811939,NA,NA,0.577290889220308,-0.11862963147068,NA,NA,NA,6,-181.413510015277,374.827020030555,58.7180168937767,7.94509209360152e-15
-4.56112098853215e-16,0.412127465152777,0.0158292262938099,-0.326084520913949,NA,NA,0.559367939022328,NA,-0.252172333501779,NA,NA,7,-180.488615652581,374.977231305163,58.8682281683843,7.37022882589317e-15
-5.04545951227334e-16,0.469039164923796,NA,-0.341720517826432,NA,NA,0.625089019405406,NA,NA,NA,NA,5,-182.550134665657,375.100269331314,58.9912661945356,6.93048461612139e-15
-2.54111875718592e-16,0.444098338458194,0.0663665307417693,0.322959057271301,NA,NA,0.658458574934096,NA,NA,NA,-0.733535272333322,7,-180.59502574843,375.190051496859,59.0810483600808,6.6262475141003e-15
-1.93008415528644e-16,0.388400654403108,0.0609068024718361,0.325432282464012,NA,0.223374539444115,0.601244197643367,NA,-0.245596538197695,NA,-0.940077159690397,9,-178.636650001713,375.273300003426,59.1642968666476,6.35609633355361e-15
-4.12480696046813e-16,0.415199412016551,0.010577004228497,NA,NA,NA,0.247467492354797,NA,-0.260963549030782,NA,NA,6,-181.703940550191,375.407881100381,59.2988779636028,5.94246396566445e-15
-3.68035656152299e-16,0.404205260996462,0.0248772543985808,NA,NA,NA,0.180065692384344,-0.107399433755717,-0.252925401886246,NA,NA,7,-180.781250017272,375.562500034544,59.4534968977655,5.50036464602555e-15
-3.47038421062069e-16,0.448530655051437,0.0550086864618134,NA,NA,NA,0.661107398453516,-0.0412269295983452,NA,NA,-0.432070293856643,7,-180.809041229422,375.618082458845,59.5090793220663,5.34960741139502e-15
-1.15742389586787e-16,0.389060469466188,NA,0.682434308930525,NA,0.00867662420285063,0.689672290493573,0.105790281231554,-0.256384278463224,NA,-1.0833988726805,9,-178.840586588754,375.681173177509,59.5721700407307,5.18348607742008e-15
-4.61312458265258e-16,0.474265087075497,NA,NA,NA,NA,0.297157816740341,NA,NA,NA,NA,4,-183.854788156714,375.709576313428,59.60057317665,5.11039269641219e-15
-3.36701054911584e-16,0.450994776108799,0.0510057152940499,0.228078270575373,NA,-0.627601078083263,0.65355758436364,NA,NA,NA,NA,7,-180.88007473098,375.76014946196,59.6511463251815,4.98278850758524e-15
-2.90428411985558e-16,0.393673795113198,0.0487130484298323,NA,NA,0.1875923507239,0.611401231089724,-0.0370018607686355,-0.244291975291961,NA,-0.605101135582356,9,-178.882858618513,375.765717237026,59.6567141002478,4.96893627525347e-15
-4.12541042419277e-16,0.461405555859846,NA,NA,NA,NA,0.234081439630752,-0.10945440562219,NA,NA,NA,5,-182.899873516162,375.799747032324,59.6907438955454,4.88510554123979e-15
-3.44929635230188e-16,0.450641919650548,0.054719647462209,NA,NA,0.13076520694127,0.727903811541791,NA,NA,NA,-0.607196157417709,7,-180.914361474783,375.828722949565,59.7197198127871,4.81484056141285e-15
-3.81240944881287e-16,0.45147701891067,0.0477011131548713,NA,NA,-0.408277879920333,0.638964587855439,-0.0441478882311234,NA,NA,NA,7,-180.931092586269,375.862185172539,59.7531820357605,4.73495309381944e-15
-2.03392764165501e-16,0.447088877003296,NA,0.52763300608472,NA,NA,0.725563952204033,0.0703850869136852,NA,NA,-0.932796335228154,7,-180.947494054095,375.89498810819,59.7859849714119,4.65792631583347e-15
-2.83097598547147e-16,0.396945924257167,0.0427290533760677,0.279846168151383,NA,-0.661020747426214,0.606484656525573,0.0148191120325443,-0.244927738697543,NA,NA,9,-178.955763190372,375.911526380745,59.8025232439663,4.61956810158243e-15
-2.84236343540245e-16,0.44868461585386,NA,0.239979357288255,NA,-0.0581603773592949,0.673860553702613,NA,NA,NA,-0.575221285573296,7,-181.001874717888,376.003749435777,59.8947462989987,4.41138936547362e-15
-3.51774688426644e-16,0.451218844730778,NA,NA,NA,-0.0530664097586715,0.666322421258449,-0.036723564134565,NA,NA,-0.354273766232458,7,-181.102070225012,376.204140450025,60.0951373132464,3.99080985537446e-15
-3.48819106113957e-16,0.453090507314625,NA,0.157931196783993,NA,-0.54532081413054,0.662216969491956,-0.00792964005021629,NA,NA,NA,7,-181.130981591527,376.261963183055,60.1529600462767,3.87708202412863e-15
-4.57534789666485e-16,0.453337974285713,0.0405865729636669,-0.369851178225315,NA,NA,0.560303021280554,-0.125364861177715,NA,NA,NA,7,-181.250956457648,376.501912915295,60.3929097785172,3.43874971006403e-15
2.98247968504608e-17,0.38141084728944,0.0852936033651499,1.13588916036323,NA,0.287066630560618,0.733629572415574,0.190736756415355,-0.25259511930381,NA,-1.85184521374692,10,-178.269617107175,376.539234214349,60.4302310775712,3.37517542049009e-15
-7.52091895834361e-17,0.439922083672237,0.0858934273723165,0.991923300091822,NA,NA,0.769254905611682,0.157657415738806,NA,NA,-1.43383234095639,8,-180.348454428651,376.696908857301,60.5879057205232,3.11930424307583e-15
-3.71861144980592e-16,0.408031055229655,NA,NA,NA,NA,NA,-0.160826459555022,-0.283622387106621,NA,0.118136366058566,6,-182.368650462144,376.737300924288,60.6282977875102,3.0569385596163e-15
-3.62721571890302e-16,0.407316760298418,NA,NA,NA,0.117845419687515,NA,-0.161095929727109,-0.284320297634653,NA,NA,6,-182.3740221069,376.7480442138,60.6390410770213,3.04056179609116e-15
-3.37223448885525e-16,0.407061348277608,NA,0.127195917927712,NA,NA,NA,-0.139136776145229,-0.287008239179361,NA,NA,6,-182.430440256004,376.860880512007,60.7518773752288,2.8737682584034e-15
-5.08055134673332e-16,0.468672069777723,0.0237991991584964,-0.344935887918404,NA,NA,0.616718947583036,NA,NA,NA,NA,6,-182.493831361798,376.987662723597,60.8786595868186,2.6972508343735e-15
-2.3981099041599e-16,0.443022084754701,0.0691896017158287,0.326222070462127,NA,0.176217837383882,0.658373707417092,NA,NA,NA,-0.913822160369146,8,-180.58211534115,377.164230682299,61.0552275455212,2.46933544897134e-15
-3.30081064136351e-16,0.407300302749056,NA,NA,NA,NA,NA,-0.206977702690766,-0.329738377184618,NA,NA,5,-183.711117704864,377.422235409728,61.3132322729496,2.17047644145265e-15
-3.460546908982e-16,0.405823966847642,0.0880883837322104,NA,NA,NA,NA,-0.195193579952554,-0.301512670419669,NA,NA,6,-182.782431721971,377.564863443942,61.4558603071638,2.02108133920186e-15
-4.1449671457664e-16,0.460319329578845,0.0335615007357575,NA,NA,NA,0.214797796688329,-0.114883861999863,NA,NA,NA,6,-182.790501015509,377.581002031019,61.4719988942404,2.00483826381956e-15
-3.3630788175952e-16,0.447707739044564,0.0571819294534126,NA,NA,0.141759599086965,0.661220007559773,-0.0414629885019032,NA,NA,-0.574756965115852,8,-180.800691380183,377.601382760366,61.4923796235873,1.98451197285453e-15
-4.63727527140502e-16,0.474017598399834,0.0185266244063456,NA,NA,NA,0.288240065923302,NA,NA,NA,NA,5,-183.821166509898,377.642333019797,61.5333298830183,1.94429199255711e-15
-3.35777699187492e-16,0.451013367491915,0.0510537265640882,0.233346344524826,NA,-0.633064082371401,0.654512767425433,0.00140999692335576,NA,NA,NA,8,-180.880039047068,377.760078094136,61.6510749573578,1.83313086375905e-15
-2.08028651957003e-16,0.447418196915662,NA,0.52888949716955,NA,-0.0659634364041145,0.725554244937971,0.0706676664720595,NA,NA,-0.868107841506168,8,-180.945590816529,377.891181633057,61.7821784962788,1.71681973845003e-15
-3.87923565158502e-16,0.42273149406788,NA,0.203260699311431,NA,NA,NA,NA,-0.300762121419172,NA,NA,5,-183.998286983026,377.996573966052,61.887570829274,1.62869230109871e-15
-2.10013489690753e-16,0.407937589370131,NA,0.689042690139305,NA,NA,NA,NA,-0.301919957297354,NA,-0.490110147547781,6,-183.076766319592,378.153532639183,62.0445295024049,1.50576050122255e-15
-3.64905424995335e-16,0.406457835810984,0.0510366345348195,NA,NA,0.0923164538696043,NA,-0.164207858762732,-0.277805853839522,NA,NA,7,-182.121673569798,378.243347139597,62.1343440028185,1.43963676723289e-15
-3.71794405326185e-16,0.407036691556391,0.0498308219065725,NA,NA,NA,NA,-0.164215536315754,-0.277702923969319,NA,0.0923972799207124,7,-182.132038764854,378.264077529708,62.1550743929294,1.42479172014487e-15
-3.45343523670542e-16,0.406216985506469,0.053558538544997,0.0988439831043634,NA,NA,NA,-0.147093646042851,-0.279371288638915,NA,NA,7,-182.14717836503,378.294356730061,62.1853535932825,1.40338340871536e-15
-2.60792272465623e-16,0.41200487673431,NA,0.642119604696849,NA,-0.44365519112653,NA,NA,-0.299858337049442,NA,NA,6,-183.163023334686,378.326046669373,62.2170435325943,1.38132208326819e-15
-4.52205876574996e-16,0.410308850692982,NA,-0.304998462031731,NA,NA,NA,-0.215830811723665,-0.278496737317119,NA,0.393743609049818,7,-182.308287685155,378.616575370309,62.5075722335309,1.19455857213292e-15
-5.30808105217755e-17,0.438441662634271,0.0899473240107928,1.00947847214147,NA,0.228779169831577,0.771350647122703,0.16079632924107,NA,NA,-1.68183696841598,9,-180.326721935274,378.653443870548,62.5444407337696,1.17273950755779e-15
-3.93446466523669e-16,0.407635061600127,NA,-0.158792994998118,NA,0.260967387756463,NA,-0.190066492291272,-0.282505384291928,NA,NA,7,-182.349307433895,378.698614867791,62.5896117310124,1.14654947183019e-15
-3.71400365688144e-16,0.407994497110313,NA,NA,NA,0.00605739960827934,NA,-0.16083036240361,-0.283648319915864,NA,0.112089476636941,7,-182.36863471319,378.73726942638,62.6282662896017,1.12460256018187e-15
-1.83998481913939e-16,0.404609132427813,0.0721850912500291,0.768279871263289,NA,NA,NA,NA,-0.29295308801881,NA,-0.602690911429378,7,-182.60552502355,379.2110500471,63.1020469103219,8.87398955599382e-16
-2.54820241716586e-16,0.410533153108107,0.0590393996150136,0.678209049827522,NA,-0.506886427314949,NA,NA,-0.292178095592689,NA,NA,7,-182.832760823909,379.665521647818,63.5565185110399,7.07019934687926e-16
-4.58359387188983e-16,0.430255215116484,NA,NA,NA,NA,NA,NA,-0.313172165458893,NA,0.181461946891398,5,-184.858011674712,379.716023349424,63.6070202126457,6.89390594426498e-16
-3.95278893905527e-16,0.42276605109186,0.0357494702318454,0.187239755108812,NA,NA,NA,NA,-0.296189587458695,NA,NA,6,-183.872439797604,379.744879595209,63.6358764584304,6.79515393823273e-16
-4.28365451686141e-16,0.472860292735704,NA,NA,NA,NA,NA,-0.177686361996962,NA,NA,0.154239769534859,5,-184.873199385014,379.746398770029,63.6373956332505,6.78999438466578e-16
-4.44521420137399e-16,0.429220576901148,NA,NA,NA,0.1810769531754,NA,NA,-0.314375773014885,NA,NA,5,-184.874350153657,379.748700307315,63.6396971705364,6.78218516620609e-16
-4.16522790922397e-16,0.472170988768328,NA,NA,NA,0.15359027059858,NA,-0.178259783344629,NA,NA,NA,5,-184.893772250474,379.787544500949,63.6785413641703,6.65173184851154e-16
-3.83858722893958e-16,0.472694146461715,NA,0.165578967864657,NA,NA,NA,-0.150155686161394,NA,NA,NA,5,-185.004821371905,380.00964274381,63.9006396070316,5.95260017129994e-16
-2.11225645442722e-16,0.408032792948152,NA,0.689038632278946,NA,-0.0159885963626682,NA,NA,-0.30184968073685,NA,-0.474149394281315,7,-183.076657571051,380.153315142102,64.0443120053235,5.53998574988617e-16
-3.80821787894093e-16,0.406644862585728,0.04975498720704,-0.0825426880259096,NA,0.167354226988862,NA,-0.179188990648213,-0.277026030678657,NA,NA,8,-182.115134198013,380.230268396025,64.1212652592471,5.33087452962504e-16
-3.5780406371126e-16,0.405871081920448,0.0526330074340912,NA,NA,0.183867542584189,NA,-0.164524585457987,-0.278157218766014,NA,-0.0925986456141755,8,-182.118232370142,380.236464740284,64.1274616035057,5.31438412098537e-16
-3.94705347327112e-16,0.407740899841815,0.0470855688951758,-0.0869587902211942,NA,NA,NA,-0.17971124035761,-0.276567650451615,NA,0.172394278255968,8,-182.127838119652,380.255676239304,64.1466731025262,5.26357987539017e-16
-4.51239787650979e-16,0.410229308263394,NA,-0.305213855604676,NA,0.0134461034361183,NA,-0.215878319928046,-0.278550682691293,NA,0.380515473072785,8,-182.308210053679,380.616420107358,64.5074169705802,4.39487656713724e-16
2.50695777807273e-16,NA,NA,0.728599579677902,NA,NA,0.397729494474833,NA,-0.669760579872976,0.309163157042806,-0.925125034887917,7,-183.367140738504,380.734281477007,64.625278340229,4.14336707771344e-16
3.53832779662666e-16,NA,NA,0.731770781661807,NA,1.47171401953805,0.3832540853764,NA,-0.676928419562209,0.324936645865002,-2.38673816893367,8,-182.464376234979,380.928752469959,64.8197493331805,3.75945223498648e-16
-4.1768920051569e-16,0.469295392178256,0.0625875742924367,NA,NA,0.12127906566295,NA,-0.18159375406123,NA,NA,NA,6,-184.524022173453,381.048044346906,64.9390412101276,3.54177256404332e-16
-4.26846407510644e-16,0.469998564357698,0.0607487681687438,NA,NA,NA,NA,-0.181389007112982,NA,NA,0.121942636592788,6,-184.530759406977,381.061518813955,64.9525156771764,3.51799101606445e-16
-3.92376291056589e-16,0.469486330656356,0.0663145150445772,0.129209908702013,NA,NA,NA,-0.159644603406029,NA,NA,NA,6,-184.581442240325,381.162884480651,65.0538813438727,3.34413230475406e-16
-1.64412795159122e-16,0.403002856492374,0.0760044687248843,0.772533338962121,NA,0.240183409306222,NA,NA,-0.293534349402648,NA,-0.848412805511997,8,-182.582156233394,381.164312466788,65.0553093300097,3.34174546966157e-16
5.32360568223827e-16,NA,NA,1.80908577683142,NA,NA,0.581793003778122,0.264641241809345,-0.679356337748294,0.313834762842117,-2.0440225893804,8,-182.599125982893,381.198251965786,65.0892488290075,3.28551534113723e-16
-3.98323429168929e-16,0.475678166495623,0.113933252936975,NA,NA,NA,NA,-0.225423218113993,NA,NA,NA,5,-185.657053656613,381.314107313225,65.2051041764472,3.10060062576684e-16
-5.662519309524e-16,0.474783168720193,NA,-0.530172286761236,NA,NA,NA,-0.27276960543552,NA,NA,0.632187766232455,6,-184.693964698276,381.387929396553,65.2789262597743,2.98824064539305e-16
6.28733823439168e-16,NA,NA,1.79241505915759,NA,1.44882365187205,0.564171020617635,0.259793482292499,-0.686236914819223,0.329277342467347,-3.46240623595533,9,-181.715994456391,381.431988912781,65.322985776003,2.92313024320056e-16
-4.4754085694932e-16,0.428870980747196,0.0409409857251922,NA,NA,0.161577758021082,NA,NA,-0.309615704657912,NA,NA,6,-184.716556272841,381.433112545682,65.3241094089037,2.9214884417821e-16
-4.59712825050302e-16,0.429849778484193,0.038406529708771,NA,NA,NA,NA,NA,-0.309089745714812,NA,0.162652357666088,6,-184.721282364828,381.442564729656,65.3335615928781,2.90771379443105e-16
-4.41203478699194e-16,0.493076953555582,NA,0.249973016556221,NA,NA,NA,NA,NA,NA,NA,4,-186.776343949563,381.552687899126,65.4436847623481,2.75193843831028e-16
-4.66788331972518e-16,0.472012679234,NA,-0.262719928174228,NA,0.39000528345789,NA,-0.226009747406567,NA,NA,NA,6,-184.827963828929,381.655927657859,65.5469245210803,2.61348785113154e-16
-4.5968819932529e-16,0.430359562791971,NA,NA,NA,-0.0175484926249965,NA,NA,-0.31309495977187,NA,0.198975539129639,6,-184.857883610402,381.715767220805,65.6067640840267,2.53645107432144e-16
-4.34633143390539e-16,0.473281664860057,NA,NA,NA,-0.0833293272914971,NA,-0.177611465172663,NA,NA,0.237379100398177,6,-184.870308617989,381.740617235978,65.6316140992,2.50513063178649e-16
2.7859872376259e-16,NA,NA,1.02084277093329,NA,NA,NA,NA,-0.722379720821584,0.343569247699026,-0.850252225573349,6,-184.89279915178,381.785598303561,65.6765951667827,2.44941776115004e-16
3.86853261145502e-16,NA,NA,1.01292942587477,NA,1.5601001309738,NA,NA,-0.727947943851838,0.358962621173331,-2.40253350505257,7,-183.89500588056,381.790011761119,65.6810086243409,2.44401852000591e-16
-2.65618154319759e-16,0.478727085436129,NA,0.730138347584693,NA,NA,NA,NA,NA,NA,-0.484264179877633,5,-185.908212515501,381.816425031001,65.7074218942232,2.41195346143568e-16
-3.12614143465771e-16,0.482027419196734,NA,0.693164982727272,NA,-0.448178958544798,NA,NA,NA,NA,NA,5,-185.953637915017,381.907275830034,65.7982726932561,2.30484074871408e-16
1.74070814147279e-17,NA,NA,NA,NA,NA,0.123666906454625,-0.149157057006558,-0.682233967828362,0.318014228062059,NA,6,-185.030264579233,382.060529158466,65.951526021688,2.13482552141601e-16
3.94052435455766e-17,NA,NA,NA,NA,NA,0.57349648157143,NA,-0.671361691472498,0.294573754167409,-0.373086893457984,6,-185.046427711256,382.092855422513,65.9838522857344,2.10059741651811e-16
4.15829732499199e-17,NA,NA,NA,NA,NA,NA,-0.212709587977236,-0.73710321378833,0.336570254534033,NA,5,-186.107777574797,382.215555149594,66.1065520128153,1.97559955569345e-16
-3.7823057135421e-16,0.406525225833856,0.0501451954767225,-0.0756306191554536,NA,0.177293852437993,NA,-0.17799060609807,-0.277153595884931,NA,-0.0164088693077537,9,-182.115071990888,382.230143981775,66.1211408449969,1.96124114229197e-16
1.40777665109415e-16,NA,NA,NA,NA,1.45954857937921,0.559899424036985,NA,-0.678477191743448,0.310153881708117,-1.82023521929787,7,-184.177474437226,382.354948874453,66.2459457376744,1.84259529154574e-16
-3.8358712082435e-16,0.486338368967761,NA,NA,NA,NA,NA,-0.244858777490272,NA,NA,NA,4,-187.191123744431,382.382247488861,66.2732443520828,1.81761600514504e-16
-2.33085539344754e-16,0.472340995196326,0.0848815368253137,0.821877153586239,NA,NA,NA,NA,NA,NA,-0.616850638029613,6,-185.27565476809,382.551309536179,66.4423063994009,1.6702857699075e-16
7.39209623567728e-16,NA,0.072998512471027,2.15735557968665,NA,1.65370030360021,0.606773725509605,0.329358766186288,-0.674245202591495,0.320460408918321,-4.06886704448406,10,-181.317682358663,382.635364717326,66.5263615805476,1.60154236160296e-16
2.53726262433862e-16,NA,0.0100199951826592,0.739645898121907,NA,NA,0.397212522559856,NA,-0.667631363540723,0.307482953271429,-0.940068824267953,8,-183.358468073876,382.716936147751,66.6079330109731,1.53753644688463e-16
5.1750031319672e-17,NA,NA,NA,NA,NA,0.400154176101486,-0.103151602063655,-0.666695979353066,0.301185941347305,-0.256057525154117,7,-184.37478822966,382.749576459321,66.6405733225427,1.51264726265712e-16
3.69842073257107e-16,NA,0.0317008031941597,0.766916067013604,NA,1.5633468582931,0.380717235674459,NA,-0.670638390971261,0.320602993369404,-2.52502057805684,9,-182.380043967891,382.760087935782,66.6510847990035,1.50471803982176e-16
5.95760733000573e-16,NA,0.0477875566490892,2.04953272650987,NA,NA,0.61131362300653,0.310630043458229,-0.670869168386342,0.306633324100134,-2.30973247890067,9,-182.423043443095,382.846086886189,66.7370837494108,1.44138730561914e-16
1.54433875440048e-16,NA,NA,NA,NA,1.4758701718409,0.383908274615231,-0.104637380193118,-0.673823845510673,0.317035536516832,-1.71770310488855,8,-183.478643225796,382.957286451593,66.8482833148147,1.36343366799854e-16
-3.03753379722689e-16,0.478063745162227,0.0716687035149527,0.735387340222031,NA,-0.524795535363124,NA,NA,NA,NA,NA,6,-185.480880422861,382.961760845721,66.8527577089429,1.36038680768366e-16
-5.02576231651147e-16,0.471490117381607,0.0514355931046442,-0.290285082027585,NA,NA,NA,-0.232882269265655,NA,NA,0.388584725112615,7,-184.484906018647,382.969812037295,66.8608089005166,1.35492144832669e-16
3.65282193545433e-17,NA,NA,0.0904439637586399,NA,NA,NA,-0.165447258238194,-0.70436491591719,0.329957179744245,NA,6,-185.487583904216,382.975167808432,66.8661646716538,1.35129797751903e-16
-4.49875443858412e-16,0.469317104047374,0.0599052740270262,-0.168487205050795,NA,0.274281189751555,NA,-0.212073816185084,NA,NA,NA,7,-184.497515703431,382.995031406862,66.8860282700836,1.3379435836796e-16
1.92884863273843e-17,NA,NA,NA,NA,0.0812300415951218,NA,-0.182145322657991,-0.703439399784958,0.329561415398515,NA,6,-185.500313967235,383.00062793447,66.8916247976921,1.33420489793136e-16
5.97642930141438e-18,NA,NA,NA,NA,-0.317626950065699,0.519633747005981,NA,-0.674839581518628,0.295142720887181,NA,6,-185.504419089306,383.008838178612,66.8998350418339,1.32873905061889e-16
-4.16962883126656e-16,0.46924301611497,0.0627539070363935,NA,NA,0.130735430392681,NA,-0.181628726252501,NA,NA,-0.00956074203317485,7,-184.523986554936,383.047973109873,66.9389699730946,1.30299172142221e-16
-4.49941144730536e-16,0.491695390736111,0.0477238100551264,0.227637783710816,NA,NA,NA,NA,NA,NA,NA,5,-186.55861772527,383.11723545054,67.0082323137613,1.25864000171711e-16
1.57901472612995e-17,NA,NA,NA,NA,NA,NA,-0.184673569789329,-0.705841740411132,0.329375144307716,0.0747160111243522,6,-185.595842120531,383.191684241061,67.0826811042828,1.2126491893867e-16
1.25523490235088e-16,NA,NA,NA,NA,1.55508243237905,NA,-0.182751735219829,-0.711677588125875,0.34486953085841,-1.47952824394966,7,-184.613508802126,383.227017604252,67.1180144674735,1.19141383371844e-16
1.25854311965726e-16,NA,NA,0.51269620610395,NA,-0.696619895619478,0.387091771190091,NA,-0.672961286983043,0.302226670102231,NA,7,-184.61901940364,383.238038807281,67.1290356705024,1.18486648332998e-16
2.9385328126868e-17,NA,NA,NA,NA,-0.189366796441954,0.328256208219386,-0.115271102412782,-0.669939067561007,0.303655214916061,NA,7,-184.664708110467,383.329416220935,67.2204130841566,1.13194952449332e-16
-5.71007884223963e-16,0.475120991382429,NA,-0.528867368314216,NA,-0.0677427720017432,NA,-0.272474688531492,NA,NA,0.698599701922233,7,-184.692050946776,383.384101893552,67.2750987567742,1.1014181236438e-16
-4.50855135629317e-16,0.429130472820487,0.0401881324561696,NA,NA,0.11780510235349,NA,NA,-0.309418661248991,NA,0.044209006186423,7,-184.715795253479,383.431590506959,67.3225873701804,1.07557375642465e-16
-3.35214698814625e-17,NA,NA,NA,NA,NA,0.208984910426204,NA,-0.703605841483365,0.319974049957946,NA,5,-186.767625035065,383.535250070131,67.4262469333523,1.0212470356492e-16
4.04421158666808e-16,NA,0.0352685849145758,1.04995964465245,NA,1.66139493720882,NA,NA,-0.720574282950667,0.353890661563488,-2.55626265252705,8,-183.792419247667,383.584838495334,67.4758353585558,9.96237348497081e-17
-2.7998267108517e-18,NA,NA,-0.151807560517911,NA,NA,0.270430785626912,-0.153063416384122,-0.672067203893027,0.307092390391043,NA,7,-184.793540152086,383.587080304173,67.4780771673946,9.95121287266222e-17
-5.3156287008864e-16,0.505230274313495,NA,NA,NA,NA,NA,NA,NA,NA,0.229178286166264,4,-187.839850898484,383.679701796968,67.57069866019,9.50087304724471e-17
2.8228321624335e-16,NA,0.0123299705001739,1.03396823812848,NA,NA,NA,NA,-0.719675479991988,0.341446664310922,-0.868760861039388,7,-184.879915380579,383.759830761159,67.6508276243807,9.12774989110417e-17
-5.14433974346584e-16,0.504357213641823,NA,NA,NA,0.228584580911453,NA,NA,NA,NA,NA,4,-187.88296044306,383.765920886121,67.6569177493425,9.09999759755379e-17
2.9241242979314e-16,NA,NA,1.07785237050779,NA,NA,NA,0.0124098808574381,-0.723971611738117,0.34453497852972,-0.901096085349747,7,-184.890439273542,383.780878547083,67.6718754103052,9.03219411953692e-17
4.04093573798383e-16,NA,NA,1.0837549878686,NA,1.56121784125943,NA,0.0154185812408376,-0.729929768340494,0.360173515940542,-2.46681625899597,8,-183.891316899679,383.782633799357,67.6736306625789,9.02427070731013e-17
-2.74205446984842e-16,0.479290826133494,NA,0.730040792685489,NA,-0.114490726368264,NA,NA,NA,NA,-0.369982575581131,6,-185.902825891933,383.805651783866,67.6966486470874,8.92100582286013e-17
2.00944032558624e-17,NA,-0.0302667185815602,NA,NA,NA,0.139457097993017,-0.144129361698199,-0.68759632593014,0.322471697409986,NA,7,-184.946330965232,383.892661930465,67.7836587936865,8.54121805777378e-17
-4.40898931793672e-16,0.436201794479016,0.112602120651896,NA,NA,NA,NA,NA,-0.370190363610645,NA,NA,5,-186.974720260683,383.949440521367,67.8404373845884,8.30214845988231e-17
3.97307593804422e-17,NA,-0.0188647958371159,NA,NA,NA,0.569452717909511,NA,-0.675324697166599,0.298153537500358,-0.360709315026035,7,-185.014978772719,384.029957545438,67.92095440866,7.97455477765292e-17
1.57683690824685e-16,NA,NA,0.795224589502538,NA,-0.621837418567531,NA,NA,-0.724468587513083,0.336443830809579,NA,6,-186.039120064427,384.078240128855,67.9692369920764,7.78434393014852e-17
3.84769223348255e-17,NA,0.0162810996679505,NA,NA,NA,NA,-0.211049081176072,-0.730450078631516,0.33289799624302,NA,6,-186.078780823758,384.157561647515,68.0485585107372,7.48165308935877e-17
1.40850066260496e-16,NA,0.000397313039543964,NA,NA,1.46068971072647,0.559973959377184,NA,-0.678399289722206,0.31009066873693,-1.82162734086123,8,-184.177460869111,384.354921738222,68.2459186014441,6.7786212340793e-17
-2.18098954531207e-16,0.471209108053579,0.0878380280114122,0.825229869311594,NA,0.184702139832488,NA,NA,NA,NA,-0.805833503120903,7,-185.262292110731,384.524584221463,68.4155810846843,6.22729769480691e-17
5.18946850518907e-17,NA,-0.014457290265256,NA,NA,NA,0.398526894122827,-0.102275824389731,-0.669772694946839,0.303873217711013,-0.247565403961347,8,-184.35620930618,384.712418612361,68.6034154755823,5.6690711523809e-17
-4.27575551664979e-16,0.440505596814795,NA,NA,NA,NA,NA,NA,-0.412277967918601,NA,NA,4,-188.432933831013,384.865867662026,68.7568645252476,5.25038160991709e-17
8.13653626262969e-18,NA,-0.0279599793589872,NA,NA,-0.302281624226269,0.516555644665196,NA,-0.68051753542228,0.300399105683257,NA,7,-185.434509213648,384.869018427297,68.7600152905183,5.2421167617584e-17
3.95778935927479e-17,NA,-0.0187796214515931,0.0999814957806456,NA,NA,NA,-0.162378663317542,-0.708586719383441,0.333495623724194,NA,7,-185.455623164954,384.911246329907,68.8022431931292,5.13259524834791e-17
2.04892817202753e-17,NA,-0.0203194329010259,NA,NA,0.090978871161483,NA,-0.18054952582544,-0.707702600853407,0.333303367347818,NA,7,-185.463581218624,384.927162437248,68.8181593004694,5.09191187483792e-17
1.55448094520889e-16,NA,0.00532366306208241,NA,NA,1.49121309151701,0.384338604959359,-0.104975317063099,-0.672764995010433,0.316210760463174,-1.73602523402263,9,-183.476192739389,384.952385478779,68.8433823420004,5.02809836101484e-17
-4.92790211436847e-16,0.470839203662066,0.0532841292514544,-0.283720968221304,NA,0.106794035469549,NA,-0.231913690067616,NA,NA,0.27513389152319,8,-184.480407516066,384.960815032132,68.8518118953537,5.00695064706689e-17
4.23193598003085e-17,NA,NA,0.120184312613885,NA,-0.0271560380075076,NA,-0.160124112006788,-0.704853863516878,0.330125754181577,NA,7,-185.486742399803,384.973484799605,68.864481662827,4.9753324513778e-17
-2.61834200600636e-17,NA,-0.050431237558918,NA,NA,NA,0.23050314529977,NA,-0.711340416007363,0.327291135985863,NA,6,-186.5340541583,385.0681083166,68.9591051798219,4.74542233430955e-17
1.61589957747868e-17,NA,-0.0183318723905344,NA,NA,NA,NA,-0.183142713603555,-0.709541166527902,0.332637258256694,0.0837784022709814,7,-185.56639718604,385.13279437208,69.0237912353016,4.59439648974291e-17
9.11361125155338e-17,NA,NA,0.318708784078952,NA,-0.494925443105532,0.350257651942043,-0.0523922595648663,-0.671444622792281,0.303415378675956,NA,8,-184.571976013733,385.143952027467,69.0349488906887,4.56883650703311e-17
1.24561939905281e-16,NA,-0.0146281180919598,0.502335616319803,NA,-0.680932811401454,0.388159782507803,NA,-0.675969838841028,0.304833555735776,NA,8,-184.600036699764,385.200073399529,69.0910702627503,4.44241386861052e-17
1.25991641338806e-16,NA,0.00253844580549325,NA,NA,1.56244062911705,NA,-0.182954621940056,-0.711192935777835,0.344491135266297,-1.48813735951929,8,-184.612959340155,385.225918680309,69.116915543531,4.3853754887136e-17
-5.07813850500868e-17,NA,NA,-0.121638804782465,NA,NA,0.328372756681887,NA,-0.695908008039359,0.311263838598066,NA,6,-186.618292171951,385.236584343901,69.1275812071232,4.36205126622385e-17
-5.32075874619848e-16,0.503453183425044,0.0493581287686744,NA,NA,NA,NA,NA,NA,NA,0.204205770175806,5,-187.621509293211,385.243018586423,69.1340154496444,4.348040567498e-17
3.06578227061619e-17,NA,-0.0211943361431738,NA,NA,-0.179734102259363,0.328906293218909,-0.113474155605638,-0.674319486542627,0.307506980680244,NA,8,-184.624318702002,385.248637404004,69.1396342672259,4.33584228710633e-17
-5.16961230614167e-16,0.50244035808032,0.0527666256482311,NA,NA,0.202526017174062,NA,NA,NA,NA,NA,5,-187.629421333656,385.258842667311,69.1498395305329,4.31377443095977e-17
-6.98150281822542e-18,NA,NA,0.180722277530962,NA,NA,NA,NA,-0.738201066593343,0.339934403446322,NA,5,-187.633646405426,385.267292810851,69.158289674073,4.29558687331301e-17
4.76028329426779e-19,NA,-0.025383207294848,-0.14412864536403,NA,NA,0.276249452641005,-0.148649339533714,-0.677078617375651,0.311383112270505,NA,8,-184.734944794565,385.46988958913,69.3608864523518,3.88176442124779e-17
4.56735581311679e-16,NA,0.0410939079051173,1.25907017951715,NA,1.68132931822506,NA,0.0441914349527105,-0.725036511037389,0.356523488721086,-2.76589594156557,9,-183.76487244994,385.52974489988,69.420741763102,3.76731347990976e-17
-5.405294086285e-16,0.505817644791383,NA,NA,NA,-0.120043778612629,NA,NA,NA,NA,0.348902852258879,5,-187.834072964248,385.668145928496,69.5591427917181,3.51542921848541e-17
3.08722742766493e-16,NA,0.0152158085786424,1.14259804229208,NA,NA,NA,0.0229778752595893,-0.721990062417149,0.342737999171074,-0.967234244876477,8,-184.872529177526,385.745058355053,69.6360552182744,3.38280556851913e-17
1.56730605998748e-16,NA,-0.0115742855744483,0.787643702825177,NA,-0.609261986077276,NA,NA,-0.726961504430792,0.338581189587497,NA,7,-186.02744276847,386.054885536939,69.9458824001609,2.89733637664301e-17
-4.21138253318649e-17,NA,-0.0472170257599757,-0.108973104541281,NA,NA,0.336088218643724,NA,-0.703951163688013,0.319021528535791,NA,7,-186.414817736897,386.829635473793,70.7206323370148,1.96681769956047e-17
3.82774940885794e-17,NA,-0.0189173750231709,0.0932583845110311,NA,0.00620278236453024,NA,-0.163572028238873,-0.708506005634117,0.33348307462951,NA,8,-185.455580964084,386.911161928169,70.8021587913906,1.88825595608285e-17
1.54572925225737e-18,NA,-0.0415224980951346,0.198107942687493,NA,NA,NA,NA,-0.746148065251763,0.347348891792246,NA,6,-187.477930059853,386.955860119706,70.846856982928,1.8465232243419e-17
8.73759984601994e-17,NA,-0.0168266304212549,0.29408787894301,NA,-0.463672813918144,0.349074111625333,-0.0558231447587613,-0.674806022578782,0.306491904584049,NA,9,-184.547044384439,387.094088768877,70.985085632099,1.72321237386026e-17
-5.0662419099262e-17,NA,NA,NA,NA,0.151672240739174,NA,NA,-0.761776539828205,0.345299570624072,NA,5,-188.5902296511,387.1804593022,71.0714561654216,1.65037897189779e-17
-5.2832875925304e-16,0.503179647775568,0.0501233925586025,NA,NA,0.0502727655226366,NA,NA,NA,NA,0.153679505024481,6,-187.620545712527,387.241091425054,71.1320882882757,1.60109677702938e-17
5.40742762056923e-17,NA,NA,NA,NA,1.60816193125251,NA,NA,-0.770108285120816,0.360476713451754,-1.46186606492211,6,-187.75814351393,387.516287027859,71.4072838910809,1.39527437238699e-17
-6.0222625148886e-17,NA,NA,NA,NA,NA,NA,NA,-0.764706740199215,0.344617494442379,0.146198363151623,5,-188.767616868767,387.535233737533,71.426230600755,1.3821188549906e-17
-4.75059836045258e-17,NA,-0.0353636069717707,NA,NA,0.167564861410107,NA,NA,-0.768306637242946,0.351572031494472,NA,6,-188.482509651655,388.96501930331,72.8560161665318,6.76194137122163e-18
-5.83275396639631e-17,NA,-0.0347766923083798,NA,NA,NA,NA,NA,-0.770799083963913,0.350566228514446,0.162266165066844,6,-188.665028767828,389.330057535655,73.2210543988771,5.63383801519618e-18
5.19576832032459e-17,NA,-0.0138180148064697,NA,NA,1.56778685843197,NA,NA,-0.772393376577618,0.362442189674773,-1.41510913176694,7,-187.742387288561,389.484774577122,73.3757714403438,5.21444363381224e-18
-2.75943886759733e-17,NA,NA,NA,NA,NA,NA,NA,-0.856728570813136,0.366385886423436,NA,4,-190.946622052573,389.893244105146,73.784240968368,4.25118442777927e-18
-5.26113555821307e-16,0.53109069008417,0.150325781116622,NA,NA,NA,NA,NA,NA,NA,NA,4,-191.196244816016,390.392489632032,74.2834864952538,3.31207496145384e-18
-3.35465440694686e-17,NA,0.0377657175880699,NA,NA,NA,NA,NA,-0.839129764738907,0.3573278004454,NA,5,-190.798278196632,391.596556393263,75.4875532564851,1.81401294701318e-18
-5.21068366559623e-16,0.552036421352911,NA,NA,NA,NA,NA,NA,NA,NA,NA,3,-193.738927055804,393.477854111609,77.3688509748303,7.08144315766203e-19
6.64271975028644e-17,NA,NA,NA,NA,NA,0.820714093600092,NA,-0.534059742282407,NA,-0.551843908039308,5,-194.165279161394,398.330558322788,82.2215551860096,6.25706177660498e-20
2.15636355334332e-16,NA,NA,0.511283991371595,NA,NA,0.705964244315867,NA,-0.528164262634246,NA,-0.945441210698859,6,-193.422955654885,398.84591130977,82.7369081729915,4.83574023602737e-20
2.30153809953193e-17,NA,NA,NA,NA,-0.517678344900364,0.787114043516992,NA,-0.536120411847636,NA,NA,5,-194.501546879995,399.003093759991,82.8940906232124,4.47024399239811e-20
7.51119233303536e-17,NA,NA,NA,NA,NA,0.70819777016555,-0.0691699405249123,-0.528864414250961,NA,-0.476058651640498,6,-193.895124348508,399.790248697015,83.6812455602372,3.01580117044101e-20
6.47150718744036e-17,NA,0.0493944084853886,NA,NA,NA,0.823435782333196,NA,-0.528052083857293,NA,-0.578564696208692,6,-193.964385554309,399.928771108617,83.8197679718391,2.81399256699583e-20
2.39636049127001e-16,NA,0.0746585572273361,0.602389528246791,NA,NA,0.689630776424791,NA,-0.518033305941217,NA,-1.05596407379127,7,-192.982682158237,399.965364316475,83.8563611796965,2.76297421409563e-20
4.36432003559002e-16,NA,NA,1.35728890818407,NA,NA,0.854180549056485,0.207841888193159,-0.534020130558731,NA,-1.82443340273735,7,-193.005790361672,400.011580723345,83.9025775865663,2.69985889325702e-20
1.07114983979017e-16,NA,NA,NA,NA,0.577673763441084,0.820507643583966,NA,-0.534001776346235,NA,-1.12835178644309,6,-194.040883954891,400.081767909782,83.9727647730036,2.6067543845096e-20
1.1148966605542e-16,NA,NA,0.377102161509085,NA,-0.799969781190273,0.694347862684234,NA,-0.532289931079123,NA,NA,6,-194.072998395493,400.145996790986,84.0369936542079,2.524369872322e-20
5.92087735979755e-16,NA,0.11338793522996,1.95240823320387,NA,NA,0.909395046685323,0.320054355091409,-0.521795250495763,NA,-2.46685247003419,8,-192.104463203076,400.208926406152,84.0999232693741,2.44617766241371e-20
3.88972029190145e-17,NA,NA,NA,NA,-0.436283303227954,0.66506968148023,-0.0765978836147428,-0.530205382448844,NA,NA,6,-194.168849160987,400.337698321975,84.2286951851967,2.29364145716196e-20
2.53988710295506e-16,NA,NA,0.508288321108291,NA,0.556928080130009,0.706437540666802,NA,-0.528142920673813,NA,-1.49893914483448,7,-193.306267503079,400.612535006157,84.5035318693789,1.99915055628317e-20
1.9639483112625e-17,NA,0.0383144158533953,NA,NA,-0.533824242226689,0.784804180360545,NA,-0.531725191748816,NA,NA,6,-194.379379579039,400.758759158078,84.6497560212995,1.85820374482733e-20
-4.04973988495318e-17,NA,NA,-0.388311090136343,NA,NA,0.570389703214258,-0.164759583401307,-0.530292405575157,NA,NA,6,-194.546947759204,401.093895518409,84.9848923816306,1.57151812751467e-20
7.38051567622567e-17,NA,0.0535047330261499,NA,NA,NA,0.70404841270794,-0.0735331804466021,-0.522029111022307,NA,-0.500222459286074,7,-193.659618851879,401.319237703758,85.2102345669799,1.40406418403188e-20
3.0205162992216e-16,NA,0.0878635292482448,0.613959836433299,NA,0.844717532416733,0.687459720814006,NA,-0.516209057998157,NA,-1.91502729765197,8,-192.72632408404,401.45264816808,85.3436450313021,1.31346119633736e-20
1.19314984168205e-16,NA,0.0611543907747625,NA,NA,0.780981612461047,0.823804662371177,NA,-0.526543394292027,NA,-1.36433187196141,7,-193.747723610598,401.495447221197,85.3864440844187,1.2856523577954e-20
1.15634055461006e-16,NA,NA,NA,NA,0.57553211255925,0.708183954029316,-0.0690519884638035,-0.528815522550643,NA,-1.05055843436108,7,-193.771225304472,401.542450608944,85.4334474721655,1.2557896364157e-20
6.73170350365939e-16,NA,0.129328550154229,2.01094573884536,NA,0.935813024805611,0.914432350415171,0.330893246218076,-0.519901674358476,NA,-3.466339084576,9,-191.787183547241,401.574367094482,85.4653639577038,1.23590849647791e-20
1.16348405960884e-16,NA,0.0501838874604543,0.4166580854002,NA,-0.850728341578718,0.681591766550134,NA,-0.526131313982898,NA,NA,7,-193.866888293127,401.733776586254,85.6247734494759,1.14122423714962e-20
4.69910348818734e-16,NA,NA,1.34307911139035,NA,0.529215909202779,0.852639514583719,0.205050241943856,-0.533921196957249,NA,-2.33858358705015,8,-192.899947267796,401.799894535593,85.6908913988146,1.1041133379407e-20
1.05914430841602e-17,NA,NA,NA,NA,NA,0.201848044509368,-0.155307774421582,-0.544169335984049,NA,NA,5,-195.984041989118,401.968083978237,85.8590808414583,1.01506016078029e-20
3.5985859027473e-17,NA,0.0442910100239862,NA,NA,-0.449868060734487,0.654782952899938,-0.0813782103844824,-0.524755414553751,NA,NA,7,-194.006160153793,402.012320307586,85.903317170808,9.92855362909833e-21
1.05952326174989e-16,NA,NA,0.346127703302368,NA,-0.76791774591195,0.688675025017501,-0.00834266765051533,-0.531960323389517,NA,NA,7,-194.071937734463,402.143875468926,86.034872332148,9.2964929797799e-21
-9.27508531971081e-17,NA,NA,-0.359264951240083,NA,NA,0.637214508477947,NA,-0.553906503875393,NA,NA,5,-196.415613421033,402.831226842066,86.7222237052878,6.59269055419312e-21
1.29352942140222e-16,NA,0.0654927311394573,NA,NA,0.793098515923601,0.703099689796326,-0.0743482447035174,-0.520430253716557,NA,-1.29731241704554,8,-193.43533928766,402.87067857532,86.7616754385413,6.46391826760458e-21
-4.44227924163961e-17,NA,0.0362437101769797,-0.394557224199153,NA,NA,0.556097208018335,-0.170828933807943,-0.525965237009993,NA,NA,7,-194.437755104616,402.875510209233,86.7665070724543,6.44832147133618e-21
-4.24944495277548e-17,NA,NA,NA,NA,NA,0.291208648564013,NA,-0.565542007593197,NA,NA,4,-197.623760616051,403.247521232103,87.1385180953247,5.35384154217337e-21
1.1672245042183e-16,NA,0.0502024328772741,0.418754968172342,NA,-0.852901804637224,0.681968410331159,0.000560837706901438,-0.526151196021688,NA,NA,8,-193.86688351537,403.73376703074,87.6247638939619,4.19834940478443e-21
8.15974627457725e-18,NA,0.0283971634592729,NA,NA,NA,0.186005059855942,-0.159944025609512,-0.540953864467863,NA,NA,6,-195.918018411466,403.836036822931,87.7270336861531,3.9890637453888e-21
-9.48175551421434e-17,NA,0.0128036377211145,-0.361093502075215,NA,NA,0.633035089679708,NA,-0.552685167011912,NA,NA,6,-196.402002490387,404.804004980775,88.6950018439966,2.45855179203663e-21
1.82796302544353e-17,NA,NA,NA,NA,0.117786743283143,NA,-0.217762196020718,-0.578120371292607,NA,NA,5,-197.447735675297,404.895471350594,88.7864682138159,2.34864669840224e-21
4.34670668307009e-17,NA,NA,0.128155024116002,NA,NA,NA,-0.195232882496098,-0.58027798731054,NA,NA,5,-197.477053208219,404.954106416437,88.8451032796588,2.28078973122155e-21
1.06984537659834e-17,NA,NA,NA,NA,NA,NA,-0.218584994551131,-0.578920655500541,NA,0.115530471177646,5,-197.49089182198,404.98178364396,88.8727805071813,2.24944415297629e-21
5.0888500021839e-17,NA,NA,NA,NA,NA,NA,-0.26361883646792,-0.623503972622413,NA,NA,4,-198.551769118325,405.103538236651,88.9945350998726,2.11658903297419e-21
-4.34785527851451e-17,NA,0.00695787653195704,NA,NA,NA,0.287980412891653,NA,-0.564910479482697,NA,NA,5,-197.619793552811,405.239587105623,89.1305839688445,1.9773971550415e-21
3.24251748529852e-17,NA,0.0937164661341047,NA,NA,NA,NA,-0.250863387024006,-0.592342048247936,NA,NA,5,-197.681812497732,405.363624995464,89.2546218586856,1.85848653719961e-21
2.62259319400163e-16,NA,NA,1.03199362888426,NA,NA,NA,NA,-0.599767932058238,NA,-0.804391094904381,5,-197.962318816397,405.924637632795,89.8156344960163,1.40390290630236e-21
1.48778337991765e-17,NA,0.0581184066774083,NA,NA,0.0887155547181697,NA,-0.22116985678657,-0.569996477335018,NA,NA,6,-197.177559677261,406.355119354521,90.246116217743,1.13203317659048e-21
3.34757882150107e-17,NA,0.0600599423703852,0.0963592525194401,NA,NA,NA,-0.204025142593593,-0.571031826838565,NA,NA,6,-197.182884689491,406.365769378982,90.2567662422034,1.12602110745739e-21
9.68443285575166e-18,NA,0.0583784432637297,NA,NA,NA,NA,-0.222390508441567,-0.571142732873483,NA,0.0853837268711888,6,-197.222881532492,406.445763064984,90.3367599282053,1.08187260377303e-21
2.90663131995964e-16,NA,0.0925172143602868,1.12996289112712,NA,NA,NA,NA,-0.585160676702343,NA,-0.945395524606257,6,-197.319747667975,406.639495335951,90.5304921991723,9.81991424434404e-22
5.1245337790915e-17,NA,NA,NA,NA,0.575865803232664,NA,-0.218464057493501,-0.578870758346301,NA,-0.459313951601786,6,-197.372406876815,406.744813753631,90.6358106168527,9.31618472610063e-22
2.89275295410033e-16,NA,NA,0.744398515130276,NA,NA,0.710008567244755,NA,NA,0.215362729875596,-1.09264384400877,6,-197.425860459319,406.851720918639,90.7427177818606,8.83127676560061e-22
1.71015978421436e-16,NA,NA,0.903673090459289,NA,-0.675644273155814,NA,NA,-0.602415327997142,NA,NA,5,-198.440507242616,406.881014485232,90.7720113484542,8.70286963982465e-22
3.84901906866925e-18,NA,NA,-0.0753103520382672,NA,0.185664815276113,NA,-0.231522993122624,-0.577368505271454,NA,NA,6,-197.443146547248,406.886293094496,90.7772899577173,8.67993040081252e-22
5.27956623146946e-17,NA,NA,0.164169888649602,NA,NA,NA,-0.188804542940376,-0.580792295669269,NA,-0.032811333187094,6,-197.476347405743,406.952694811485,90.8436916747069,8.39648068347794e-22
2.99610912394046e-16,NA,NA,1.02941821392846,NA,0.541953969272366,NA,NA,-0.599793878129271,NA,-1.34291512337898,6,-197.858035889061,407.716071778122,91.6070686413433,5.73234197284662e-22
7.34861834941063e-17,NA,NA,NA,NA,NA,0.890358943821998,NA,NA,0.200227087038074,-0.529015253790836,5,-198.893399408507,407.786798817014,91.6777956802352,5.53316867677096e-22
3.73650645086815e-16,NA,NA,0.747120271948422,NA,1.19919386598144,0.700936785417657,NA,NA,0.227397437048642,-2.2850680503433,7,-196.925054029791,407.850108059583,91.7411049228044,5.3607614564164e-22
6.65371983949455e-17,NA,0.070622307560574,NA,NA,0.810470040962999,NA,-0.223018442787042,-0.569441223771746,NA,-0.729971585327728,7,-196.999057098663,407.998114197327,91.8891110605485,4.97837214399855e-22
-7.90783417185676e-18,NA,NA,0.23662229179395,NA,NA,NA,NA,-0.615972371179554,NA,NA,4,-200.049134795167,408.098269590333,91.989266453555,4.73520614623353e-22
3.56321324668722e-16,NA,0.106384759413528,1.14041403627074,NA,0.890895184171346,NA,NA,-0.583013824773234,NA,-1.8517877413458,7,-197.049852459326,408.099704918652,91.9907017818736,4.73180907761843e-22
1.7625185071724e-16,NA,0.0697862174751539,0.945227457702338,NA,-0.749405825166762,NA,NA,-0.592059574456262,NA,NA,6,-198.060304799953,408.120609599907,92.0116064631283,4.68260817757712e-22
4.89212096441724e-16,NA,NA,1.51002853894917,NA,NA,0.843577877312946,0.187484896069013,NA,0.217720245986349,-1.88702633139889,7,-197.103181891266,408.206363782531,92.0973606457532,4.48607505223591e-22
1.38396293858116e-16,NA,0.0741729690031121,0.503017948588869,NA,NA,NA,-0.132172546266256,-0.574773105757947,NA,-0.377293160080851,7,-197.105446053272,408.210892106543,92.1018889697649,4.47592934164764e-22
3.08254431283185e-16,NA,0.0653994052361315,0.816168800135047,NA,NA,0.700154730926648,NA,NA,0.206342531707455,-1.18670438942801,7,-197.110826799835,408.221653599671,92.1126504628927,4.45191017868766e-22
8.74841563219185e-17,NA,NA,NA,NA,NA,0.687412292656552,-0.119253445217891,NA,0.208629452727317,-0.392464940272023,6,-198.139661420231,408.279322840461,92.1703197036828,4.32537411541896e-22
1.75187599783062e-17,NA,0.0583328784023289,0.0138479573627365,NA,0.0761269540466248,NA,-0.218652116682123,-0.570104750121025,NA,NA,7,-197.177407667839,408.354815335679,92.2458121989006,4.16515041790121e-22
8.96421219382307e-17,NA,NA,0.151168365986691,NA,0.570660409710461,NA,-0.191043177951373,-0.580594623997561,NA,-0.590711585943332,7,-197.360066179892,408.720132359783,92.6111292230048,3.46978932082812e-22
2.96704552411426e-17,NA,NA,NA,NA,-0.479097793221714,0.842657961852002,NA,NA,0.198491893929728,NA,5,-199.387848202673,408.775696405347,92.6666932685686,3.37471830236429e-22
4.16480492737555e-16,NA,0.0857964025461792,0.841852953926656,NA,1.45404629890617,0.686081766651108,NA,NA,0.218121601126947,-2.66187827687628,8,-196.401441035533,408.802882071066,92.6938789342879,3.32915667781996e-22
1.56162380975753e-16,NA,NA,NA,NA,1.18613603048467,0.882038181031916,NA,NA,0.21207601204718,-1.70641697348191,6,-198.412556599947,408.825113199893,92.7161100631152,3.29235613065988e-22
3.54767452994481e-17,NA,NA,NA,NA,NA,0.268696944862047,-0.191235894446265,NA,0.231398969812086,NA,5,-199.442712446695,408.88542489339,92.7764217566113,3.19455440213779e-22
6.23600415905413e-16,NA,0.100440539528159,2.0232558284726,NA,NA,0.89875080571567,0.286170748843783,NA,0.205107925863374,-2.4496213947197,8,-196.445387977497,408.890775954994,92.7817728182158,3.18601869729803e-22
5.59502427885001e-17,NA,NA,NA,NA,-0.332715393650946,0.623565936337298,-0.130366273388366,NA,0.208912894192303,NA,6,-198.486699598068,408.973399196135,92.8643960593569,3.05708075652744e-22
1.55217863861071e-16,NA,NA,0.537239301717272,NA,-0.875762434410852,0.702828997503607,NA,NA,0.206196844202777,NA,6,-198.573504649607,409.147009299214,93.0380061624361,2.80290227723458e-22
5.67376904774652e-16,NA,NA,1.49397813994065,NA,1.18044045103617,0.831380459822616,0.182898456787239,NA,0.229509078311203,-3.04137002612226,8,-196.616154563338,409.232309126677,93.1233059898985,2.6858721389918e-22
1.71781482789758e-16,NA,NA,NA,NA,1.20711042624132,0.676636714461405,-0.120609460466418,NA,0.220783443996832,-1.58913391158889,7,-197.636886185796,409.273772371593,93.1647692348147,2.63076287785021e-22
7.57035038079699e-16,NA,0.12411484892913,2.12333075192358,NA,1.53675345673206,0.895876147906494,0.303460625753428,NA,0.217482404417255,-4.08500716708147,9,-195.648266667284,409.296533334567,93.187530197789,2.60099324728776e-22
-4.82370363289511e-18,NA,NA,-0.298781865999098,NA,NA,0.55329831597322,-0.197690075272267,NA,0.212443439194526,NA,6,-198.665516970834,409.331033941669,93.2220308048906,2.55651010120139e-22
7.2531530384497e-17,NA,0.0341932014520506,NA,NA,NA,0.894298218250996,NA,NA,0.194748030016081,-0.549781786732846,6,-198.805302925851,409.610605851703,93.5016027149244,2.22299888119752e-22
2.09832714971131e-16,NA,0.0884688807929337,0.548941438112901,NA,0.850853107296633,NA,-0.124595236103612,-0.573318254288327,NA,-1.27551547060769,8,-196.859337775015,409.718675550029,93.609672413251,2.10606711680838e-22
-1.51472911961391e-17,NA,0.0353355323133861,0.220789547406633,NA,NA,NA,NA,-0.611478251053776,NA,NA,5,-199.94893724419,409.89787448838,93.7888713516015,1.92557151263727e-22
8.66510622483134e-17,NA,0.0389074864091177,NA,NA,NA,0.688224020971388,-0.121410362106275,NA,0.20254695934049,-0.413624834155802,7,-198.024726038924,410.049452077847,93.940448941069,1.78502785227395e-22
1.65421791336008e-16,NA,0.0520832502742471,NA,NA,1.33984071559058,0.886960262177948,NA,NA,0.205265721251332,-1.89062151215022,7,-198.214869212986,410.429738425971,94.320735289193,1.47593375622196e-22
-6.61959773805459e-17,NA,NA,NA,NA,0.204903908408906,NA,NA,-0.641299961351556,NA,NA,4,-201.258767843553,410.517535687106,94.4085325503281,1.41254383049383e-22
-8.03248531948062e-17,NA,NA,NA,NA,NA,NA,NA,-0.642180530007806,NA,0.203118941841944,4,-201.326045679443,410.652091358886,94.5430882221077,1.32063724055631e-22
2.77450809863622e-17,NA,0.0228159612013687,NA,NA,-0.490511286459468,0.842951931075876,NA,NA,0.194866156186697,NA,6,-199.348249540476,410.696499080952,94.5874959441736,1.29163714329539e-22
1.82421918081216e-16,NA,0.0573945775858868,NA,NA,1.37707608078269,0.676316897998445,-0.123982179456247,NA,0.21352215011112,-1.78884349598988,8,-197.394981966572,410.789963933145,94.6809607963663,1.2326645054085e-22
5.38901104840306e-17,NA,0.0301918362609762,NA,NA,-0.345102204438878,0.619889272424786,-0.132785465984702,NA,0.204308420252873,NA,7,-198.416858042043,410.833716084086,94.7247129473078,1.2059914581738e-22
3.41278851119986e-17,NA,0.0144293144029212,NA,NA,NA,0.26062569884213,-0.193475114742287,NA,0.229598483590836,NA,6,-199.42665768347,410.853315366941,94.7443122301627,1.19423089309617e-22
9.50760139880731e-17,NA,NA,0.201741293791808,NA,-0.526336624861742,0.63791284352385,-0.0905857088410101,NA,0.208626304863124,NA,7,-198.455528657424,410.911057314848,94.8020541780698,1.16024524412776e-22
1.58185589378195e-16,NA,0.0373889253407365,0.563440136239786,NA,-0.913811024426827,0.696491356465371,NA,NA,0.20063104839992,NA,7,-198.467960801651,410.935921603302,94.8269184665242,1.14591020021331e-22
-7.81837322177143e-18,NA,0.0233118155875945,-0.304827633707405,NA,NA,0.546017343602747,-0.201438329458688,NA,0.209151036835916,NA,7,-198.623508024615,411.24701604923,95.1380129124513,9.80838003532693e-23
-2.96692887092326e-17,NA,NA,NA,NA,NA,0.384936314307404,NA,NA,0.230424266504225,NA,4,-201.830813430933,411.661626861867,95.5526237250884,7.97197064123857e-23
3.85087688701621e-17,NA,NA,NA,NA,0.191274388954707,NA,-0.264888198221478,NA,0.251019673750249,NA,5,-201.104364635601,412.208729271202,96.0997261344233,6.06406589542947e-23
-6.98365358389959e-17,NA,0.0447917347769987,NA,NA,0.183549463030213,NA,NA,-0.635800857929624,NA,NA,5,-201.105466899325,412.210933798649,96.1019306618712,6.05738537809573e-23
-8.22503709139079e-17,NA,0.0432554955611024,NA,NA,NA,NA,NA,-0.637233517253572,NA,0.181911588389822,5,-201.185412236524,412.370824473048,96.2618213362701,5.59197712365936e-23
7.96903319534032e-17,NA,NA,0.207879326091169,NA,NA,NA,-0.228988461351085,NA,0.251901677664657,NA,5,-201.199130317343,412.398260634687,96.2892574979085,5.51578969695511e-23
-3.89823787004191e-17,NA,NA,NA,NA,0.586436775454271,NA,NA,-0.642094074480053,NA,-0.38232705388395,5,-201.209029563085,412.41805912617,96.309055989392,5.46145690978577e-23
-6.75359416469594e-17,NA,NA,-0.266214217659924,NA,NA,0.642011172170786,NA,NA,0.213505605322615,NA,5,-201.230841306789,412.461682613577,96.3526794767991,5.34362276709843e-23
2.67543911921599e-17,NA,NA,NA,NA,NA,NA,-0.267155753356887,NA,0.249439095871047,0.18640103630764,5,-201.258483632306,412.516967264613,96.4079641278342,5.19793545172418e-23
1.02628487241907e-16,NA,0.0339757818960735,0.252637374088381,NA,-0.589123395037155,0.637394876674031,-0.0832721031195085,NA,0.203372449904843,NA,8,-198.369024471668,412.738048943337,96.6290458065584,4.65397027962269e-23
1.20341234060068e-16,NA,NA,NA,NA,1.32516810973655,NA,-0.266099187700691,NA,0.262079490869329,-1.13726593703908,6,-200.674948105874,413.349896211747,97.2408930749691,3.427383166106e-23
3.48127392985713e-16,NA,NA,1.30275576944073,NA,NA,NA,NA,NA,0.266800424977676,-0.97523639982406,5,-201.682632148434,413.365264296869,97.2562611600906,3.40114793339517e-23
8.80712139363913e-17,NA,NA,NA,NA,NA,1.02304075041634,NA,NA,NA,-0.635841150689474,4,-202.802023229223,413.604046458445,97.4950433216669,3.01838500357509e-23
-2.80790750424152e-17,NA,-0.0108661437354948,NA,NA,NA,0.389989480970259,NA,NA,0.231788735863754,NA,5,-201.82179908656,413.643598173119,97.5345950363408,2.95928020264726e-23
2.57108014436574e-16,NA,NA,0.580154908677144,NA,NA,0.890299544202235,NA,NA,NA,-1.08140460562629,5,-201.943903315999,413.887806631997,97.7788034952188,2.61912903873765e-23
-2.85706899422894e-17,NA,0.0548285252907152,NA,NA,0.768745846467272,NA,NA,-0.635796609018098,NA,-0.591209506940785,6,-200.993964514399,413.987929028798,97.8789258920199,2.49124014363408e-23
3.61146185984955e-17,NA,0.0369304720974593,NA,NA,0.17234380522329,NA,-0.266877142960594,NA,0.245083827086326,NA,6,-201.003140364208,414.006280728417,97.8972775916384,2.46848545469607e-23
7.2348056461787e-17,NA,0.0416775677453029,0.185150583529124,NA,NA,NA,-0.234953363604776,NA,0.245087109257337,NA,6,-201.067664956713,414.135329913426,98.0263267766481,2.31423734771505e-23
2.75196140704934e-18,NA,NA,-0.186280732635813,NA,0.358925379001259,NA,-0.298762288449906,NA,0.250389757455829,NA,6,-201.07749838453,414.15499676906,98.0459936322818,2.29159198505146e-23
4.40980214266301e-16,NA,NA,1.29785640456445,NA,1.33154761392717,NA,NA,NA,0.279433633717386,-2.30093287542092,6,-201.096614733267,414.193229466535,98.0842263297564,2.24820117182841e-23
2.58792162267705e-17,NA,0.0376332999735918,NA,NA,NA,NA,-0.269410963359581,NA,0.243602410608472,0.166595276659152,6,-201.15514514855,414.310290297099,98.2012871603211,2.12038993207033e-23
3.84447123482977e-17,NA,NA,NA,NA,-0.599414758065687,0.987649975179394,NA,NA,NA,NA,4,-203.168841044806,414.337682089612,98.2286789528342,2.0915472555419e-23
2.89194818258901e-16,NA,0.103237936867959,0.704309006231998,NA,NA,0.862824272723262,NA,NA,NA,-1.23062943401139,6,-201.181377871314,414.362755742628,98.2537526058497,2.06548957208867e-23
1.26468439849177e-16,NA,NA,0.388138347224127,NA,NA,NA,-0.196948237298195,NA,0.254158841985868,-0.16395923506843,6,-201.18264068916,414.365281378321,98.2562782415426,2.06288288122971e-23
-6.68104849134462e-17,NA,-0.00404227712201055,-0.265272952530387,NA,NA,0.64298203279083,NA,NA,0.214073016964281,NA,6,-201.229591842032,414.459183684064,98.350180547286,1.9682667015141e-23
3.69738845530497e-16,NA,0.0778189761620532,1.3789347403171,NA,NA,NA,NA,NA,0.255217815878492,-1.08909823664032,6,-201.258702850848,414.517405701695,98.4084025649168,1.91179444249593e-23
9.93001252947103e-17,NA,NA,NA,NA,NA,0.871340175550713,-0.0916553304708473,NA,NA,-0.534337282524475,5,-202.375312903494,414.750625806987,98.641622670209,1.70136734277254e-23
8.5131515907387e-17,NA,0.0742506880788844,NA,NA,NA,1.0237107484985,NA,NA,NA,-0.674588012290038,5,-202.39247995163,414.784959903261,98.6759567664823,1.67240916212104e-23
4.89408203106023e-16,NA,0.100353951913102,1.39501068233765,NA,1.6263613436848,NA,NA,NA,0.26729398800051,-2.74128529991985,7,-200.414119204538,414.828238409076,98.7192352722974,1.63660822703441e-23
1.3107059925961e-16,NA,0.0577423240559681,NA,NA,1.49610742586123,NA,-0.269423158313771,NA,0.254754564634327,-1.33840040868857,7,-200.43940734707,414.87881469414,98.7698115573617,1.59574035901567e-23
-5.49226242079561e-17,NA,0.126462116967592,NA,NA,NA,NA,NA,-0.711121423278442,NA,NA,4,-203.474283154266,414.948566308533,98.8395631717547,1.54104690865829e-23
6.16481791146613e-16,NA,0.139357915888739,1.95734545888889,NA,NA,1.06785614853106,0.296899610362699,NA,NA,-2.54062194142574,7,-200.501084896241,415.002169792481,98.8931666557029,1.50029274785383e-23
2.20110698254838e-16,NA,NA,0.388330524276681,NA,1.32525369995907,NA,-0.19585684189428,NA,0.266802390269451,-1.48788517385952,7,-200.598463285163,415.196926570327,99.0879234335483,1.36108457749487e-23
1.40234611841377e-16,NA,NA,0.434398300407881,NA,-0.923924261652573,0.879138601155746,NA,NA,NA,NA,5,-202.658797313434,415.317594626868,99.2085914900895,1.28139308928199e-23
5.88724726779e-17,NA,NA,NA,NA,-0.492414754782784,0.826094728270561,-0.0995903809960227,NA,NA,NA,5,-202.662975165193,415.325950330385,99.2169471936072,1.27605078635555e-23
2.21209794950462e-16,NA,NA,1.08801139516466,NA,-0.75749412063514,NA,NA,NA,0.25822690088957,NA,5,-202.682199271213,415.364398542426,99.2553954056478,1.25175413967105e-23
1.29080972148495e-16,NA,NA,NA,NA,0.582278646930938,1.02281051945398,NA,NA,NA,-1.21693542922444,5,-202.688812525509,415.377625051017,99.268621914239,1.24350328380486e-23
4.24849325648917e-16,NA,NA,1.22211901373378,NA,NA,1.00421683125036,0.157572029730228,NA,NA,-1.74894144198997,6,-201.728498953413,415.456997906826,99.3479947700475,1.1951195200131e-23
2.95578309413113e-16,NA,NA,0.577147103313488,NA,0.558665139187444,0.890766844947148,NA,NA,NA,-1.6366233890731,6,-201.838571659516,415.677143319032,99.5681401822539,1.07055102336411e-23
7.21771731596984e-17,NA,0.111904984121365,NA,NA,NA,NA,-0.331775254538454,NA,0.238762627255768,NA,5,-202.853249387318,415.706498774636,99.597495637858,1.05495252216084e-23
3.28152379212451e-17,NA,0.0615836584817818,NA,NA,-0.624289384053313,0.981294785504249,NA,NA,NA,NA,5,-202.884496700537,415.768993401075,99.6599902642965,1.02249779249661e-23
3.58807663476762e-16,NA,0.11789433409262,0.716848276127393,NA,0.944765250643877,0.859713944160503,NA,NA,NA,-2.19075153738283,7,-200.892319569374,415.784639138747,99.6756360019689,1.01453013199537e-23
9.68989571893357e-17,NA,0.0793348825346108,NA,NA,NA,0.86206120269486,-0.0976940755032598,NA,NA,-0.569049652569394,6,-201.90690216121,415.813804322419,99.7048011856411,9.99843001658222e-24
-3.56588963855199e-17,NA,NA,NA,NA,NA,NA,NA,-0.762229440174264,NA,NA,3,-204.966390889565,415.93278177913,99.8237786423521,9.4209822311131e-24
1.89151164801075e-16,NA,0.0568921077273436,0.637281713547231,NA,NA,NA,-0.155291821759782,NA,0.248364811180899,-0.418794450853119,7,-200.977396026315,415.954792052629,99.8457889158511,9.31787144814805e-24
1.05702352600234e-17,NA,0.0348258454313484,-0.133788302703616,NA,0.293830911715211,NA,-0.291092436031745,NA,0.244969693518499,NA,7,-200.989594428877,415.979188857753,99.8701857209751,9.20489874532373e-24
-3.24001118918855e-17,NA,NA,-0.450829722537711,NA,NA,0.731085887074148,-0.19937853821268,NA,NA,NA,5,-202.998376908763,415.996753817525,99.8877506807468,9.1244108661801e-24
9.69616411846713e-17,NA,NA,NA,NA,NA,NA,-0.351818588696395,NA,0.259203434613236,NA,4,-204.01368505123,416.02737010246,99.9183669656816,8.98579675388183e-24
1.46060596073792e-16,NA,0.0873085775562053,NA,NA,0.872444300135756,1.02348361437861,NA,NA,NA,-1.55207184868686,6,-202.14950178696,416.299003573919,100.190000437141,7.84462400123455e-24
7.05669401168791e-16,NA,0.156807336612744,2.02178500377598,NA,1.03048170419669,1.07276981300949,0.308927513098756,NA,NA,-3.64092379198047,8,-200.15520114961,416.310402299219,100.201399162441,7.80004180991495e-24
3.26503877476681e-16,NA,0.0811523089066722,0.743749630325939,NA,1.56557384184618,NA,-0.136239188452163,NA,0.260830409525455,-2.09146779254511,8,-200.196539200104,416.393078400207,100.284075263429,7.48417688658673e-24
1.47028931564185e-16,NA,0.075332158332017,0.492781462193123,NA,-0.997966226776579,0.856780684526849,NA,NA,NA,NA,6,-202.239448134549,416.478896269098,100.369893132319,7.16983117986373e-24
1.40090958141144e-16,NA,NA,NA,NA,0.579380415804288,0.871311084231437,-0.0915344971253092,NA,NA,-1.11267304211858,6,-202.262616558354,416.525233116708,100.416229979929,7.00562701334287e-24
5.40158138320233e-17,NA,0.0690180164942477,NA,NA,-0.512684589013919,0.807485843059288,-0.106671208493435,NA,NA,NA,6,-202.305931154856,416.611862309711,100.502859172933,6.70865905795383e-24
2.24427624129071e-16,NA,0.0507074145120107,1.11680972273681,NA,-0.810542537000403,NA,NA,NA,0.250042187876989,NA,6,-202.497277355936,416.994554711873,100.885551575094,5.54032347254175e-24
2.12621555736974e-17,NA,NA,0.343132936255242,NA,NA,NA,NA,NA,0.260683053036791,NA,4,-204.600255983044,417.200511966089,101.091508829311,4.99818207085614e-24
1.05368753281335e-16,NA,NA,0.239769867677203,NA,-0.722273540315757,0.842815848390713,-0.0523612900489377,NA,NA,NA,6,-202.62121267408,417.242425348159,101.133422211381,4.89452664444524e-24
4.58870733019457e-16,NA,NA,1.20770508755844,NA,0.53776600785462,1.00262265448448,0.154744744743192,NA,NA,-2.27141253238621,7,-201.630706613208,417.261413226417,101.152410089638,4.84827819378983e-24
1.58950968319851e-16,NA,0.0926551705065088,NA,NA,0.887093926944549,0.860458725742533,-0.0985229689514889,NA,NA,-1.46037228809783,7,-201.654156261391,417.308312522783,101.199309386004,4.73591041733937e-24
-3.90190088610925e-17,NA,0.0601015550725463,-0.460341485033273,NA,NA,0.705210752234766,-0.20897466774543,NA,NA,NA,6,-202.727014612679,417.454029225357,101.345026088579,4.40312990839847e-24
2.74121124520106e-17,NA,NA,NA,NA,NA,0.306301025204911,-0.189414775273137,NA,NA,NA,4,-204.741698876642,417.483397753284,101.374394616506,4.33894558961993e-24
1.21252107275488e-16,NA,0.0739927838437738,0.348526201607781,NA,-0.848265211708802,0.830450120040871,-0.0385300283770402,NA,NA,NA,7,-202.219123187767,418.438246375535,102.329243238757,2.69179176566579e-24
-9.57897325069059e-17,NA,NA,-0.418749240899857,NA,NA,0.821456782410752,NA,NA,NA,NA,4,-205.469188186559,418.938376373117,102.829373236339,2.09623327790855e-24
2.28039926419223e-17,NA,0.0517000834000554,NA,NA,NA,0.276333478401588,-0.197488648899471,NA,NA,NA,5,-204.544835000469,419.089670000937,102.980666864159,1.94350927393333e-24
1.85565878865028e-17,NA,0.0127209038204665,0.337270988481058,NA,NA,NA,NA,NA,0.258672916020106,NA,5,-204.588326427178,419.176652854357,103.067649717579,1.86079500110841e-24
-3.70824833010593e-17,NA,NA,NA,NA,NA,0.42128118333273,NA,NA,NA,NA,3,-206.934432423691,419.868864847382,103.759861710604,1.31639615843232e-24
-1.01034490512465e-16,NA,0.0325980276548819,-0.423070793558785,NA,NA,0.809781693938883,NA,NA,NA,NA,5,-205.390269020619,420.780538041238,104.67153490446,8.34486446826608e-25
-6.47922432040414e-17,NA,NA,NA,NA,0.31151803375589,NA,NA,NA,0.264959869572246,NA,4,-206.585984938162,421.171969876325,105.062966739547,6.86152965300022e-25
-8.60889829695979e-17,NA,NA,NA,NA,NA,NA,NA,NA,0.262325353929197,0.307806485488584,4,-206.819880493274,421.639760986547,105.530757849769,5.43051972642964e-25
-4.08162714229564e-17,NA,0.0262377658774472,NA,NA,NA,0.408559959696983,NA,NA,NA,NA,4,-206.884159470831,421.768318941663,105.659315804884,5.09243378051606e-25
1.1615518223238e-17,NA,NA,NA,NA,1.37690724676647,NA,NA,NA,0.275406320344103,-1.06803990424992,5,-206.232872930779,422.465745861557,106.356742724779,3.59319725256436e-25
3.49825472886144e-17,NA,NA,NA,NA,0.204758949526521,NA,-0.281494091437811,NA,NA,NA,4,-207.265279077005,422.53055815401,106.421555017231,3.47862207364378e-25
2.11612544562003e-17,NA,NA,NA,NA,NA,NA,-0.282264466841434,NA,NA,0.202817850017372,4,-207.326756597623,422.653513195246,106.544510058468,3.27120604792819e-25
7.91606014489815e-17,NA,NA,0.221440199492607,NA,NA,NA,-0.243799273276961,NA,NA,NA,4,-207.396983851617,422.793967703234,106.684964566456,3.04935924491203e-25
-6.66204378176207e-17,NA,0.0212998065210474,NA,NA,0.301120469771865,NA,NA,NA,0.261596714622265,NA,5,-206.554498839938,423.108997679876,106.999994543097,2.604957855055e-25
2.94073145594504e-17,NA,0.0891029135402691,NA,NA,0.15831539799548,NA,-0.285345435928339,NA,NA,NA,5,-206.69953777874,423.39907555748,107.290072420702,2.25325887632625e-25
6.26915424154799e-17,NA,0.0936675053161469,0.169534410235461,NA,NA,NA,-0.256304509060114,NA,NA,NA,5,-206.759270716361,423.518541432722,107.409538295944,2.12260608725188e-25
1.9411504275687e-17,NA,0.0884708983445507,NA,NA,NA,NA,-0.286735058707824,NA,NA,0.155354070707858,5,-206.778903542494,423.557807084988,107.448803948209,2.08133974395712e-25
-8.7051866332307e-17,NA,0.0198257462621409,NA,NA,NA,NA,NA,NA,0.25930781373741,0.297912441278434,5,-206.793069024212,423.586138048423,107.477134911645,2.05206440305201e-25
1.80953408887955e-17,NA,0.0399264965139465,NA,NA,1.49555180318032,NA,NA,NA,0.270456536733894,-1.20651837858007,6,-206.127641078849,424.255282157698,108.14627902092,1.46854814706658e-25
6.27633978590609e-17,NA,0.156880859028983,NA,NA,NA,NA,-0.344647922577472,NA,NA,NA,4,-208.158140319029,424.316280638059,108.207277501281,1.42443467755337e-25
-2.20835523814312e-17,NA,NA,-0.29736844436942,NA,0.472333866597926,NA,-0.335502327479397,NA,NA,NA,5,-207.201873226084,424.403746452167,108.294743315389,1.36348252978185e-25
6.20165054297104e-17,NA,NA,NA,NA,0.580258280115927,NA,-0.282137076927505,NA,NA,-0.376418839640011,5,-207.220632670555,424.441265341111,108.332262204333,1.33814277792931e-25
-3.44308434155758e-17,NA,NA,-0.216622938522779,NA,NA,NA,-0.321288260000953,NA,NA,0.398183194745555,5,-207.304246230884,424.608492461767,108.499489324989,1.23080583545955e-25
3.63489247219354e-16,NA,0.131122459189584,1.40365938581523,NA,NA,NA,NA,NA,NA,-1.11690944667281,5,-207.425654737383,424.851309474767,108.742306337989,1.0900903679133e-25
8.39060717226846e-17,NA,0.10226584006459,NA,NA,0.919877346934158,NA,-0.287230191761175,NA,NA,-0.770304612122109,6,-206.523463977611,425.046927955222,108.937924818444,9.88517788505085e-26
3.25413109471011e-16,NA,NA,1.27313342215494,NA,NA,NA,NA,NA,NA,-0.921095555916639,4,-208.568745144299,425.137490288598,109.02848715182,9.4475484561996e-26
-1.31930781657551e-18,NA,0.0865417786493898,-0.160949878257668,NA,0.304474561963491,NA,-0.314466548446347,NA,NA,NA,6,-206.681303304849,425.362606609699,109.25360347292,8.44181324235758e-26
7.71009523216016e-17,NA,0.0956323936547111,0.225347490813239,NA,NA,NA,-0.246501453947042,NA,NA,-0.0517217433042013,6,-206.75797592071,425.515951841419,109.406948704641,7.81874854244354e-26
2.23310545918212e-16,NA,NA,1.13523826702025,NA,-0.782219051146762,NA,NA,NA,NA,NA,4,-209.07761633724,426.15523267448,110.046229537701,5.67961865505552e-26
4.38443297596824e-16,NA,0.146855700567808,1.41448795390742,NA,1.02118328141551,NA,NA,NA,NA,-2.1551348298477,6,-207.113629521791,426.227259043582,110.118255906804,5.47871677138735e-26
3.57577361412482e-18,NA,NA,-0.229889458789844,NA,0.588154495535531,NA,-0.323549049394668,NA,NA,-0.176971155356653,6,-207.195265605607,426.390531211213,110.281528074435,5.04922529161381e-26
2.29828749565181e-16,NA,0.104885955430944,1.19171002631245,NA,-0.890326261612432,NA,NA,NA,NA,NA,5,-208.319136510849,426.638273021698,110.52926988492,4.4609596840253e-26
9.75770606519712e-17,NA,NA,NA,NA,NA,NA,-0.37534821294709,NA,NA,NA,3,-210.351213102181,426.702426204362,110.593423067584,4.32013791857948e-26
3.62591333387459e-16,NA,NA,1.27058053116302,NA,0.539399012062808,NA,NA,NA,NA,-1.45708582195636,5,-208.478506863769,426.957013727537,110.848010590759,3.8037733685119e-26
1.56245829903467e-16,NA,0.111376554953939,0.276893148177335,NA,0.940622822957099,NA,-0.23780477720935,NA,NA,-1.04562250595334,7,-206.491892513252,426.983785026503,110.874781889725,3.75319664779007e-26
1.67930482009205e-17,NA,NA,0.366271788180744,NA,NA,NA,NA,NA,NA,NA,3,-210.963872927289,427.927745854577,111.818742717799,2.34111544628158e-26
3.1278558227352e-18,NA,0.0650792529516727,0.335369666323633,NA,NA,NA,NA,NA,NA,NA,4,-210.665900500454,429.331801000908,113.222797864129,1.16020873056203e-26
-7.53867738705178e-17,NA,NA,NA,NA,0.333785694013343,NA,NA,NA,NA,NA,3,-212.999126931907,431.998253863814,115.889250727036,3.05860396296803e-27
-9.87193931052531e-17,NA,NA,NA,NA,NA,NA,NA,NA,NA,0.332363814358607,3,-213.082758999769,432.165517999538,116.05651486276,2.81321096389928e-27
-8.1437165660498e-17,NA,0.0760883543515482,NA,NA,0.295633256917467,NA,NA,NA,NA,NA,4,-212.615328962979,433.230657925957,117.121654789179,1.65161989283263e-27
-1.017274615139e-16,NA,0.0729422108046893,NA,NA,NA,NA,NA,NA,NA,0.294922678001255,4,-212.736173498326,433.472346996651,117.363343859873,1.46361883669713e-27
-4.29629957727674e-17,NA,0.17326776915809,NA,NA,NA,NA,NA,NA,0.256673720309089,NA,4,-212.805985990523,433.611971981046,117.502968844267,1.36492506814153e-27
-5.67707855267098e-17,NA,NA,NA,NA,0.594999041436018,NA,NA,NA,NA,-0.261647635513269,4,-212.979064235616,433.958128471232,117.849125334454,1.14799998737778e-27
-4.01405614013832e-17,NA,0.0861323978239172,NA,NA,0.881263978946184,NA,NA,NA,NA,-0.591649065822201,5,-212.518899288154,435.037798576308,118.92879543953,6.69105344496237e-28
-1.44123748154222e-17,NA,NA,NA,NA,NA,NA,NA,NA,0.291140354001623,NA,3,-215.318855680217,436.637711360433,120.528708223655,3.00661522270829e-28
-5.79290079963921e-17,NA,0.224325615284808,NA,NA,NA,NA,NA,NA,NA,NA,3,-218.218616589178,442.437233178357,126.328230041579,1.65473209456223e-29
-2.21513608696828e-17,NA,NA,NA,NA,NA,NA,NA,NA,NA,NA,2,-222.27175056238,448.54350112476,132.434497987982,7.81211186161157e-31
